/*******************************************************************************
 * Size: 20 px
 * Bpp: 2
 * Opts: --font apps/graphics/lvgl/lvgl/demos/multilang/assets/fonts/NotoSansSC-Medium.otf -r 0x20-0x7e --symbols 。，知识闪卡离线卡组逐行阅读已展开计算机系统程序最初只是比特与字节编译器把源代码转换成机器指令硬件执行并搬运数据操作系统负责管理共享资源表示只有经过解释才有含义整数使用二进制和补码浮点数用精度换取更大的范围溢出必须处理的真实行为过程预处理展开头文件宏生成汇编可重定位目标链接解析符号存储层次寄存器容量小速度最快缓存常用放在附近主存但更慢局部性让整个高效工作虚拟内存每个进程拥有独立的地址空间页表映射到物理快最近缺失页面可以从设备载入并发线程会交错访问状态竞争结果依赖时序锁保护临界区正确同步还要避免死锁请配置语音服务正在打开麦克风聆听松开识别没有听清重试不可用失败无法结束主题该尚未缓存成功按住说出学习 --size 20 --bpp 2 --format lvgl --no-kerning --lv-include lvgl/lvgl.h --lv-font-name kc_font_20 -o packages/demos/knowledge_cards/src/kc_font_20.c
 ******************************************************************************/

#ifdef LV_LVGL_H_INCLUDE_SIMPLE
#include "lvgl.h"
#else
#include "lvgl/lvgl.h"
#endif

#ifndef KC_FONT_20
#define KC_FONT_20 1
#endif

#if KC_FONT_20

/*-----------------
 *    BITMAPS
 *----------------*/

/*Store the image of the glyphs*/
static LV_ATTRIBUTE_LARGE_CONST const uint8_t glyph_bitmap[] = {
    /* U+0020 " " */

    /* U+0021 "!" */
    0x2e, 0xf, 0xfb, 0xf, 0xec, 0x3f, 0xf8, 0x28,
    0xe0, 0xb8, 0x44, 0x48,

    /* U+0022 "\"" */
    0x3c, 0xf, 0x41, 0xff, 0xc1, 0x4c, 0x3f, 0xf8,
    0x68, 0x10, 0x61, 0x70, 0x1c,

    /* U+0023 "#" */
    0x9, 0xc2, 0xd0, 0xfc, 0x88, 0x6c, 0x3f, 0x79,
    0x3d, 0x1c, 0x50, 0x68, 0xb, 0x14, 0x6a, 0x16,
    0xf, 0xfe, 0x1a, 0x16, 0x17, 0x8f, 0x8b, 0x49,
    0x28, 0x8c, 0x88, 0x15, 0x92, 0x19, 0x6, 0x1e,
    0x43, 0xfe, 0xc2, 0x42,

    /* U+0024 "$" */
    0xd, 0xc1, 0xff, 0xc5, 0x86, 0xc, 0xe8, 0x1d,
    0x4, 0x3e, 0x82, 0x41, 0x1, 0xd0, 0xff, 0x90,
    0x41, 0xf4, 0x3c, 0x1c, 0xe8, 0xe1, 0xea, 0x3,
    0x43, 0x9c, 0x10, 0x7d, 0x7, 0xff, 0x5, 0xe0,
    0xa1, 0x9, 0xf8, 0x10, 0xf2, 0xb, 0xc, 0xc2,
    0x83, 0xff, 0x82,

    /* U+0025 "%" */
    0x5, 0xe8, 0x3d, 0x61, 0xe9, 0x53, 0x87, 0x30,
    0x79, 0x53, 0x8, 0x5a, 0x83, 0xec, 0x9, 0x81,
    0x20, 0xff, 0xe2, 0x48, 0x7f, 0x60, 0x4c, 0x48,
    0xf9, 0x9, 0x62, 0x12, 0x86, 0x4c, 0x82, 0x2c,
    0x88, 0x63, 0x62, 0xb, 0xf2, 0x38, 0x79, 0xf,
    0xed, 0x2, 0x1f, 0xfc, 0x14, 0x80, 0x87, 0xff,
    0x6, 0x43, 0xf2, 0x83, 0xd1, 0x5, 0x1b, 0x18,
    0x79, 0x83, 0xb6, 0x64,

    /* U+0026 "&" */
    0xd, 0x7a, 0xf, 0xed, 0x76, 0x1f, 0x20, 0xa2,
    0x1f, 0xe4, 0x3f, 0xe4, 0x29, 0x41, 0xfc, 0xea,
    0x83, 0xf2, 0xa, 0x4, 0xc8, 0x34, 0x18, 0x69,
    0x46, 0x38, 0xc0, 0x44, 0x34, 0x63, 0x91, 0x7,
    0xd8, 0x32, 0xe, 0x82, 0x82, 0xd0, 0x43, 0xf4,
    0x23, 0x41, 0xd0, 0x9e, 0xe3,

    /* U+0027 "'" */
    0x3c, 0x1f, 0xfc, 0x74, 0x1c, 0x0,

    /* U+0028 "(" */
    0xf, 0xea, 0x6, 0x43, 0x44, 0x12, 0x19, 0x20,
    0xb1, 0x9, 0xf, 0xfe, 0x2, 0x1f, 0xfc, 0x54,
    0x3f, 0xf8, 0x88, 0x76, 0x41, 0x22, 0x19, 0x10,
    0xa2, 0xd, 0x20,

    /* U+0029 ")" */
    0xf, 0xa8, 0x1c, 0x86, 0x88, 0x32, 0x83, 0x64,
    0x12, 0x21, 0xfe, 0x43, 0xff, 0x82, 0x87, 0xfc,
    0x84, 0x87, 0xff, 0x1, 0x9, 0x30, 0xa1, 0xc,
    0x85, 0x10, 0x68, 0x20,

    /* U+002A "*" */
    0xb, 0x83, 0xfe, 0xb8, 0x6d, 0x94, 0x6, 0x48,
    0x25, 0x1, 0x25, 0x6, 0x54, 0x80,

    /* U+002B "+" */
    0xf, 0xfe, 0x27, 0x7, 0xff, 0x6b, 0xf0, 0xfd,
    0xb, 0x80, 0xb6, 0x56, 0x1a, 0x90, 0xff, 0xea,
    0x80,

    /* U+002C "," */
    0x2c, 0x51, 0x20, 0x4c, 0x44, 0xe8, 0xa2, 0x80,

    /* U+002D "-" */
    0x2b, 0x80, 0xbc, 0x0,

    /* U+002E "." */
    0xe, 0xf0, 0x81, 0x40, 0x40,

    /* U+002F "/" */
    0xe, 0x74, 0x3b, 0x10, 0xe5, 0x7, 0xd8, 0x74,
    0x21, 0xc8, 0x7e, 0x43, 0x92, 0xe, 0xc3, 0xe5,
    0x7, 0x26, 0x1d, 0x88, 0x72, 0x83, 0xec, 0x39,
    0x10, 0xec, 0x3e, 0x50, 0x72, 0x61, 0xd8, 0x87,
    0x0,

    /* U+0030 "0" */
    0x9, 0xbd, 0x7, 0x32, 0x7, 0xd, 0x17, 0x80,
    0x82, 0x14, 0x8, 0x80, 0x98, 0x48, 0x7f, 0xf0,
    0x50, 0x90, 0xff, 0xe4, 0xa1, 0xff, 0xc5, 0x44,
    0xc2, 0x43, 0x42, 0x81, 0x10, 0x51, 0x78, 0x8,
    0x4c, 0x81, 0xc0,

    /* U+0031 "1" */
    0xa, 0xf0, 0x75, 0xa1, 0xf7, 0x40, 0xf9, 0x60,
    0xff, 0xff, 0x87, 0xff, 0x3, 0xe0, 0x7c, 0x21,
    0xfc,

    /* U+0032 "2" */
    0xa, 0xf9, 0xc, 0xe8, 0x54, 0xa, 0x3e, 0x85,
    0x3, 0xc1, 0x28, 0xc3, 0xff, 0x8e, 0x98, 0x7c,
    0x81, 0xf, 0xa1, 0xf, 0xa0, 0x41, 0xe9, 0x30,
    0xf4, 0x98, 0x7a, 0x4c, 0x3d, 0xa0, 0xfe, 0x43,
    0xfe,

    /* U+0033 "3" */
    0xa, 0xfa, 0xc, 0xe8, 0x4e, 0x12, 0xbf, 0x2,
    0xa, 0xc, 0x87, 0xf9, 0x30, 0xcd, 0xe2, 0x43,
    0x90, 0xfe, 0x7c, 0x92, 0x1f, 0x50, 0x83, 0xf2,
    0x1f, 0xfc, 0x3f, 0x6, 0xc3, 0x27, 0xe0, 0x60,
    0xa0, 0x67, 0x0,

    /* U+0034 "4" */
    0xf, 0x7c, 0x1f, 0x61, 0xfc, 0x88, 0x7e, 0x8c,
    0x3e, 0xc9, 0xf, 0x42, 0x83, 0xe4, 0x83, 0xec,
    0x83, 0xe8, 0x1d, 0x30, 0x50, 0x25, 0x82, 0x55,
    0xfe, 0x7, 0x83, 0xff, 0xaa,

    /* U+0035 "5" */
    0x7, 0xfd, 0x7, 0xff, 0x13, 0xfa, 0xf, 0xfe,
    0x23, 0x44, 0x3e, 0x95, 0x61, 0x9b, 0xd0, 0x20,
    0xa4, 0xc, 0x21, 0xf9, 0xf, 0xfe, 0x4a, 0x1b,
    0x83, 0x42, 0x5, 0x7e, 0x4, 0xa, 0x21, 0x58,
    0x0,

    /* U+0036 "6" */
    0xa, 0xfa, 0xd, 0xa1, 0x38, 0x31, 0xfa, 0x82,
    0x8, 0x25, 0x18, 0x87, 0xc9, 0xbf, 0x21, 0xa8,
    0x25, 0x3, 0x7a, 0xc4, 0x28, 0x32, 0x28, 0x3f,
    0x78, 0x83, 0x26, 0x81, 0x2, 0x4, 0x8b, 0xd1,
    0x1, 0xd0, 0x3a, 0x0,

    /* U+0037 "7" */
    0x3f, 0xf9, 0xf, 0xfe, 0x7, 0xfa, 0x14, 0x1f,
    0x44, 0x1f, 0x64, 0x1f, 0xe4, 0x3e, 0x88, 0x3f,
    0x22, 0x1f, 0x21, 0xfe, 0xc4, 0x3f, 0x26, 0x1f,
    0xfd, 0x90,

    /* U+0038 "8" */
    0x9, 0xfa, 0xe, 0xa0, 0x8e, 0x19, 0x3b, 0x48,
    0x8, 0x85, 0x8, 0x11, 0xe, 0x42, 0x48, 0x9,
    0x85, 0x2b, 0xa9, 0x9, 0x78, 0xc2, 0x66, 0x9a,
    0xb0, 0x44, 0x14, 0x4, 0x3f, 0xf8, 0x50, 0x79,
    0x31, 0xe9, 0x88, 0x5a, 0x2d, 0x40,

    /* U+0039 "9" */
    0xa, 0xf4, 0x87, 0x68, 0x1a, 0x5, 0xf, 0xc2,
    0x80, 0x90, 0x51, 0x7, 0xe4, 0x3f, 0xf8, 0x69,
    0x81, 0xc0, 0x90, 0x3d, 0x21, 0xdc, 0xdc, 0x4,
    0x26, 0x43, 0xff, 0x81, 0x8, 0x50, 0x4a, 0x20,
    0x4f, 0xd1, 0x5, 0x44, 0xe, 0x80,

    /* U+003A ":" */
    0x3c, 0x20, 0x50, 0x13, 0xc1, 0xff, 0xc6, 0xf0,
    0x81, 0x40, 0x40,

    /* U+003B ";" */
    0x3c, 0x20, 0x50, 0x13, 0xc1, 0xff, 0xc6, 0xb1,
    0x44, 0x81, 0x31, 0x13, 0xa2, 0x8a, 0x0,

    /* U+003C "<" */
    0xf, 0xe5, 0x7, 0x9b, 0xb0, 0xd7, 0x25, 0x7,
    0xc9, 0x79, 0x4, 0x3e, 0x43, 0xe6, 0x43, 0xde,
    0x55, 0xc8, 0x75, 0xca, 0xb4, 0x39, 0xb4, 0xc3,
    0xf5, 0xc0,

    /* U+003D "=" */
    0x3f, 0xfa, 0x17, 0xfb, 0x2b, 0xf9, 0xf, 0xfe,
    0x5f, 0xff, 0x42, 0xff, 0x60,

    /* U+003E ">" */
    0x20, 0xff, 0x3e, 0x43, 0xe9, 0x2e, 0x43, 0x37,
    0x2a, 0xe0, 0xe6, 0xe1, 0x83, 0xd4, 0x6, 0x15,
    0xe4, 0xb4, 0xf2, 0x3e, 0x43, 0x37, 0x7, 0xb9,
    0xf, 0x80,

    /* U+003F "?" */
    0x3, 0xf4, 0x82, 0x81, 0x30, 0x37, 0xe0, 0x43,
    0x5, 0x7, 0xe8, 0xc3, 0xa1, 0x41, 0x94, 0x41,
    0xd1, 0x87, 0x22, 0x1e, 0x68, 0x1f, 0x21, 0xf5,
    0xc1, 0xe4, 0x43, 0xd0, 0x84,

    /* U+0040 "@" */
    0xf, 0x37, 0xe8, 0x3f, 0x9e, 0x54, 0x8e, 0x87,
    0xa8, 0xfa, 0x6f, 0x34, 0xd, 0x2a, 0xf, 0xa5,
    0x4, 0xb4, 0x1f, 0xd1, 0x82, 0x20, 0xaf, 0x5c,
    0x4, 0x9, 0x5, 0xb4, 0x4c, 0x18, 0x31, 0x4,
    0x6b, 0x8, 0x64, 0x39, 0x41, 0x21, 0xe5, 0x4,
    0x87, 0x90, 0xb0, 0xfd, 0x87, 0xe5, 0x7, 0x24,
    0x38, 0x83, 0x21, 0xd, 0x1d, 0x47, 0x9c, 0x19,
    0x1, 0xf9, 0x5f, 0x41, 0x22, 0x83, 0xff, 0x87,
    0x92, 0x1f, 0xfc, 0x3c, 0xb5, 0xd, 0xa1, 0xfb,
    0x4a, 0x72, 0xc1, 0xfd, 0x7a, 0x9e, 0x83, 0xc0,

    /* U+0041 "A" */
    0xc, 0xfa, 0xf, 0xec, 0x8, 0x7f, 0x22, 0x21,
    0xf2, 0x39, 0x7, 0xd9, 0xa1, 0xfc, 0x88, 0x88,
    0x72, 0x20, 0xc8, 0x3b, 0x30, 0x21, 0xf2, 0x5f,
    0x2, 0x9, 0xf, 0xc8, 0x51, 0x7f, 0x7, 0xc8,
    0x7d, 0x8, 0x7e, 0x84, 0x84, 0x3c, 0x81,

    /* U+0042 "B" */
    0x3f, 0xe8, 0x3f, 0xe7, 0xe, 0xbf, 0x2, 0xf,
    0xe4, 0x3f, 0xe4, 0xc3, 0x55, 0xe2, 0x43, 0x94,
    0x16, 0x1d, 0x7d, 0xe, 0x1f, 0x9c, 0x8, 0x7f,
    0xf5, 0x20, 0x21, 0x5f, 0x92, 0xf, 0xe7, 0x40,

    /* U+0043 "C" */
    0xd, 0x7d, 0x7, 0x3a, 0x13, 0xa0, 0x61, 0xfa,
    0xd, 0xc, 0x13, 0xa2, 0x8, 0x3f, 0x62, 0x1f,
    0xc8, 0x7f, 0xf2, 0xd0, 0xff, 0xb1, 0xf, 0xe4,
    0x10, 0x7f, 0x43, 0x4, 0xf8, 0xc, 0x3f, 0x42,
    0x13, 0xa1, 0x34, 0x0,

    /* U+0044 "D" */
    0x3f, 0xa8, 0x1f, 0xe5, 0x70, 0x75, 0xf2, 0x28,
    0x3f, 0x49, 0x7, 0xf4, 0x4, 0x3f, 0xec, 0x3f,
    0x91, 0xf, 0xfe, 0x4a, 0x21, 0xff, 0x61, 0xfa,
    0x2, 0x1f, 0x49, 0x6, 0xbe, 0x45, 0x7, 0xca,
    0xe0, 0x0,

    /* U+0045 "E" */
    0x3f, 0xf4, 0x1f, 0xfc, 0x1b, 0xfa, 0xf, 0xfe,
    0x5d, 0xfa, 0xf, 0xfe, 0x15, 0xfa, 0xf, 0xff,
    0x5, 0xfe, 0xf, 0xf0,

    /* U+0046 "F" */
    0x3f, 0xf4, 0x1f, 0xfc, 0x1b, 0xfa, 0xf, 0xfe,
    0xad, 0xfa, 0xf, 0xfe, 0x15, 0xfa, 0xf, 0xff,
    0x38,

    /* U+0047 "G" */
    0xd, 0x4f, 0x90, 0xce, 0xa0, 0xac, 0xc, 0xb,
    0xe5, 0x2, 0x1d, 0xa, 0x82, 0x8, 0x3f, 0x62,
    0x1f, 0xc8, 0x73, 0xfa, 0xf, 0xfe, 0x2, 0x1c,
    0xfa, 0x6, 0x21, 0xfc, 0x82, 0xf, 0xe8, 0x74,
    0x28, 0x26, 0x5, 0xf0, 0x30, 0x3a, 0x12, 0xb4,

    /* U+0048 "H" */
    0x3c, 0x87, 0x3e, 0xf, 0xff, 0x3d, 0xfd, 0x7,
    0xff, 0x16, 0xfe, 0x83, 0xff, 0xfc,

    /* U+0049 "I" */
    0x3c, 0x87, 0xff, 0xa0,

    /* U+004A "J" */
    0xf, 0xbc, 0x1f, 0xff, 0xf0, 0xff, 0xe5, 0x21,
    0xbc, 0x82, 0xc, 0x97, 0x81, 0x82, 0x81, 0x38,
    0x0,

    /* U+004B "K" */
    0x3c, 0x86, 0xbc, 0x1f, 0xca, 0x20, 0xfe, 0x89,
    0xf, 0xd8, 0xa0, 0xfd, 0x8c, 0x1f, 0xa0, 0x41,
    0xfa, 0x41, 0x7, 0xfa, 0x10, 0xfe, 0x94, 0x61,
    0xf2, 0x88, 0x8, 0x7b, 0xa, 0x20, 0xff, 0x20,
    0x83, 0xfd, 0x8a, 0xf, 0xf2, 0x40,

    /* U+004C "L" */
    0x3c, 0x87, 0xff, 0xfc, 0x3f, 0xfc, 0x17, 0xf2,
    0x1f, 0xe0,

    /* U+004D "M" */
    0x3e, 0xf, 0xbd, 0x7, 0xfa, 0xf, 0xa0, 0xe4,
    0x3e, 0x43, 0x22, 0x1c, 0x88, 0x59, 0x87, 0x46,
    0x12, 0x83, 0xf2, 0x4, 0xc3, 0xe8, 0x48, 0x43,
    0xe4, 0x80, 0x87, 0xf2, 0x44, 0x1f, 0xd8, 0x87,
    0xfc, 0x82, 0xf, 0xfa, 0x50, 0x7f, 0xcc, 0x1e,

    /* U+004E "N" */
    0x3d, 0x7, 0x3c, 0x12, 0x1f, 0xfc, 0xc, 0x3f,
    0xc8, 0x87, 0xf4, 0x41, 0xfe, 0x48, 0x3f, 0xa1,
    0xf, 0xf4, 0x61, 0xfc, 0x81, 0xf, 0xe8, 0x83,
    0xf9, 0x46, 0x1f, 0xd0, 0x87, 0xf9, 0xf, 0xfa,
    0x8,

    /* U+004F "O" */
    0xd, 0x7d, 0x21, 0xd6, 0x84, 0xd0, 0x25, 0xf,
    0xc8, 0xc0, 0x86, 0xa, 0x82, 0x20, 0x83, 0x90,
    0x58, 0x87, 0xc8, 0x10, 0xfe, 0xc4, 0x3f, 0xf8,
    0x28, 0x7f, 0x63, 0x88, 0x7c, 0x81, 0x4, 0x1c,
    0x82, 0x21, 0x82, 0xa0, 0x81, 0x43, 0xf2, 0x30,
    0x56, 0x84, 0xd0, 0x0,

    /* U+0050 "P" */
    0x3f, 0xe4, 0x3f, 0xeb, 0xe, 0xbe, 0x81, 0x7,
    0xe6, 0x10, 0xff, 0xe4, 0xe1, 0xfe, 0x51, 0x6,
    0xbe, 0x85, 0x7, 0xca, 0xe0, 0xeb, 0xd4, 0xf,
    0xff, 0x40,

    /* U+0051 "Q" */
    0xd, 0x7d, 0x7, 0xce, 0x84, 0xf0, 0x66, 0x1f,
    0x91, 0x41, 0x43, 0x5, 0x24, 0x4, 0x10, 0x74,
    0x8, 0xc4, 0x3e, 0x43, 0xff, 0x86, 0x88, 0x7f,
    0x61, 0x21, 0xfd, 0x87, 0x21, 0xfc, 0x98, 0x7f,
    0x26, 0x20, 0xc3, 0xa0, 0x20, 0xc1, 0xad, 0xa6,
    0x1b, 0x5, 0x40, 0xc3, 0xde, 0x41, 0x61, 0xfd,
    0x2, 0x43, 0xfd, 0x82, 0xf8, 0x3f, 0x70, 0x70,

    /* U+0052 "R" */
    0x3f, 0xe8, 0x3f, 0xe7, 0xe, 0xbf, 0x3, 0xf,
    0xe8, 0x3f, 0xf9, 0x70, 0x86, 0xbf, 0x2, 0xf,
    0xe7, 0xe, 0xbc, 0xc, 0x3f, 0x92, 0xf, 0xe8,
    0x10, 0x7f, 0x42, 0x1f, 0xc8, 0x20, 0xfe, 0x85,
    0x0,

    /* U+0053 "S" */
    0xd, 0x7d, 0x7, 0x3a, 0x13, 0xa1, 0x43, 0xf4,
    0x19, 0x4, 0x13, 0xa1, 0xc8, 0x7e, 0x41, 0x40,
    0xfd, 0xa3, 0xe4, 0x3d, 0x68, 0x2c, 0x3e, 0xb8,
    0x18, 0x7e, 0x70, 0xe4, 0x3f, 0xd4, 0xd0, 0xb0,
    0xd8, 0x2f, 0x81, 0x1, 0xd0, 0xce, 0x80,

    /* U+0054 "T" */
    0x7f, 0xfd, 0x7, 0xff, 0x1, 0xfc, 0xb, 0xe8,
    0x3f, 0xff, 0xe1, 0xff, 0xed,

    /* U+0055 "U" */
    0x3c, 0x1e, 0x7c, 0x1f, 0xff, 0xf0, 0xff, 0xe3,
    0x61, 0xc8, 0x7c, 0x85, 0x87, 0x26, 0x43, 0x5,
    0x81, 0x14, 0x3f, 0x2, 0xa, 0x88, 0x4e, 0x80,

    /* U+0056 "V" */
    0x3d, 0x7, 0xaf, 0x8, 0x87, 0x92, 0x20, 0xff,
    0x21, 0x90, 0xc8, 0x72, 0x41, 0xa2, 0xa, 0xf,
    0xc8, 0x79, 0x2, 0x1f, 0x26, 0xc, 0x83, 0xa1,
    0x2, 0x21, 0xf9, 0x41, 0xfc, 0x9e, 0x20, 0xfa,
    0x14, 0x21, 0xff, 0xc9, 0x41, 0x6,

    /* U+0057 "W" */
    0x7c, 0x1d, 0xe0, 0xef, 0x28, 0x3c, 0x81, 0xf,
    0x21, 0x21, 0x60, 0xc2, 0x43, 0xfc, 0x81, 0xe,
    0x40, 0x98, 0x65, 0x6, 0xcc, 0x18, 0x81, 0x3c,
    0x20, 0x43, 0x21, 0xb1, 0x6, 0x19, 0xe, 0x44,
    0x8, 0x88, 0x79, 0xc, 0x87, 0xc8, 0x7b, 0x4c,
    0x8, 0xe6, 0x1b, 0x1c, 0x41, 0x98, 0x10, 0xc8,
    0x10, 0xc8, 0xa0, 0xff, 0x21, 0x90, 0xfe, 0x41,
    0x86, 0xc0, 0x84,

    /* U+0058 "X" */
    0x3c, 0x86, 0x7c, 0x4, 0x83, 0x44, 0x8, 0x10,
    0x10, 0x21, 0x42, 0x8, 0x83, 0x20, 0x91, 0x41,
    0xd8, 0xc4, 0x1f, 0x20, 0x43, 0xf2, 0x1f, 0xe4,
    0x45, 0x7, 0xa2, 0x84, 0x1d, 0x8, 0x82, 0xc,
    0x90, 0x21, 0xb, 0x10, 0x90, 0x42, 0x8, 0x36,
    0x28,

    /* U+0059 "Y" */
    0x3d, 0x7, 0x5e, 0x4, 0x21, 0xc9, 0x1, 0x4,
    0x12, 0x4, 0x28, 0x42, 0x88, 0x32, 0x4, 0x40,
    0x87, 0x44, 0x44, 0x1e, 0x41, 0x1, 0xf, 0xa1,
    0x20, 0xfc, 0x84, 0x87, 0xf2, 0x21, 0xff, 0xed,

    /* U+005A "Z" */
    0x1f, 0xfe, 0xf, 0xfe, 0x13, 0xfe, 0x4, 0x1f,
    0xb1, 0x41, 0xf2, 0x8, 0x3f, 0x44, 0x1f, 0xb1,
    0x41, 0xf4, 0x8, 0x3f, 0x24, 0x1f, 0xb1, 0x41,
    0xf4, 0x8, 0x3e, 0x51, 0x87, 0xe8, 0x1f, 0xf0,
    0x7f, 0xf0, 0x10,

    /* U+005B "[" */
    0xfc, 0x83, 0xc8, 0x7f, 0xff, 0xc3, 0xef, 0x3f,
    0x90,

    /* U+005C "\\" */
    0x70, 0xf2, 0x21, 0xf6, 0x1e, 0x50, 0x7b, 0x10,
    0xe4, 0xc3, 0xca, 0xf, 0x61, 0xf2, 0x21, 0xf4,
    0x1e, 0x43, 0xe8, 0x43, 0xec, 0x3c, 0xa0, 0xf6,
    0x1f, 0x24, 0x1f, 0x21, 0xe8, 0x3e, 0x44,

    /* U+005D "]" */
    0x3f, 0x3, 0xc1, 0xe4, 0x3f, 0xff, 0xe1, 0xff,
    0xc6, 0xf2, 0x17, 0xe0,

    /* U+005E "^" */
    0xc, 0xa0, 0xfa, 0xa0, 0xf9, 0x2, 0x1c, 0x91,
    0x7, 0x42, 0x84, 0x24, 0x48, 0xc2, 0xc8, 0x24,
    0x24, 0x34, 0x44, 0x41, 0x22, 0x0,

    /* U+005F "_" */
    0xf, 0xfa, 0xff, 0xf5, 0x7f, 0xc0,

    /* U+0060 "`" */
    0xf, 0xbc, 0x1e, 0xc2, 0xc1, 0x5, 0xa8, 0x35,
    0x80,

    /* U+0061 "a" */
    0x5, 0x3d, 0x5, 0xa8, 0xe, 0x6, 0xf8, 0x11,
    0x21, 0x42, 0x13, 0x50, 0x4f, 0x22, 0x6, 0x2e,
    0xc1, 0x12, 0x1f, 0x61, 0x40, 0x87, 0xe0, 0x98,
    0xd, 0x80,

    /* U+0062 "b" */
    0x7c, 0x1f, 0xfe, 0x1b, 0xd2, 0x1d, 0xa0, 0x64,
    0x3b, 0xe4, 0x83, 0x61, 0x40, 0x43, 0xff, 0x93,
    0x87, 0xfb, 0xf, 0xf2, 0x14, 0x16, 0x1e, 0x7e,
    0x6, 0x13, 0xa0, 0x70, 0x0,

    /* U+0063 "c" */
    0xd, 0x7c, 0x84, 0xe8, 0x52, 0x8, 0x7e, 0x92,
    0x4, 0x12, 0x4, 0x83, 0xff, 0x9e, 0x90, 0x7d,
    0x2, 0xa, 0xa, 0x1f, 0x98, 0xe, 0x85, 0x40,

    /* U+0064 "d" */
    0xf, 0x9f, 0x7, 0xff, 0x51, 0xbd, 0x6, 0x64,
    0xc, 0x14, 0x3f, 0x5, 0x2, 0xa, 0x2, 0x21,
    0xfd, 0x87, 0xff, 0x15, 0x20, 0xfb, 0x2, 0x6,
    0x2, 0x8b, 0xd0, 0x6a, 0x5, 0x60,

    /* U+0065 "e" */
    0xd, 0x7a, 0xe, 0x74, 0xe, 0x85, 0x17, 0xc4,
    0x8, 0x90, 0x91, 0x13, 0xac, 0x87, 0x2f, 0x7,
    0xaf, 0xf2, 0x26, 0x1f, 0xa1, 0x83, 0xf4, 0x3f,
    0xc1, 0x3a, 0x13, 0x80,

    /* U+0066 "f" */
    0x9, 0xf9, 0x5, 0x2, 0x40, 0x8f, 0x83, 0xb0,
    0x9c, 0x17, 0x7, 0xf3, 0x82, 0xe0, 0xff, 0xfa,
    0x80,

    /* U+0067 "g" */
    0xa, 0xff, 0x82, 0xd1, 0x9, 0x40, 0x87, 0xb4,
    0xe0, 0xfd, 0x98, 0x50, 0xa1, 0x8c, 0x34, 0x5c,
    0x48, 0x69, 0xef, 0x21, 0x93, 0x10, 0xfe, 0x83,
    0xf9, 0x7, 0xe9, 0xc, 0x87, 0x36, 0x9, 0xfe,
    0x83, 0x21, 0xff, 0x27, 0x5c, 0x40, 0xa0, 0xba,
    0xd0,

    /* U+0068 "h" */
    0x7c, 0x1f, 0xfd, 0xd7, 0xe4, 0x35, 0x2, 0x83,
    0x37, 0x81, 0x5, 0xa0, 0x44, 0x3e, 0xc3, 0xff,
    0xe4,

    /* U+0069 "i" */
    0x3c, 0x21, 0x2a, 0x4, 0x8f, 0x83, 0xff, 0xba,

    /* U+006A "j" */
    0xb, 0xc1, 0x21, 0xca, 0x83, 0x48, 0x6f, 0x7,
    0xff, 0xcd, 0xe, 0xc2, 0xb4, 0x43, 0x30,

    /* U+006B "k" */
    0x7c, 0x1f, 0xfe, 0x4f, 0x21, 0xf6, 0x28, 0x3d,
    0x2, 0xf, 0x28, 0xc3, 0xcc, 0x41, 0xf4, 0x8,
    0x3f, 0x40, 0x43, 0xca, 0x88, 0x3d, 0xa, 0x20,
    0xfd, 0xa, 0xf, 0xd1, 0x0,

    /* U+006C "l" */
    0x7c, 0x1f, 0xfe, 0xd4, 0x3e, 0xc1, 0x4,

    /* U+006D "m" */
    0x78, 0x7e, 0xa, 0xf4, 0x19, 0xa0, 0x5b, 0xa0,
    0x60, 0xcd, 0xc0, 0x9f, 0x22, 0x1b, 0x44, 0xc,
    0x8, 0x3f, 0xc8, 0x7e, 0x43, 0xff, 0xfe, 0x1f,
    0xfc, 0xf0,

    /* U+006E "n" */
    0x78, 0x7e, 0x42, 0x68, 0x14, 0x19, 0xbc, 0x8,
    0x2d, 0x2, 0x21, 0xf6, 0x1f, 0xff, 0x20,

    /* U+006F "o" */
    0xd, 0x7a, 0x43, 0x9d, 0x3, 0x40, 0xd0, 0xfa,
    0x14, 0x8, 0x10, 0x18, 0x80, 0x90, 0x64, 0x3f,
    0xf8, 0x48, 0x7f, 0xc8, 0x90, 0x64, 0x34, 0x4,
    0xc, 0x41, 0x45, 0xe8, 0x50, 0x4e, 0x81, 0xa0,
    0x0,

    /* U+0070 "p" */
    0x78, 0xbd, 0x21, 0x9d, 0x3, 0x21, 0xdf, 0x24,
    0x1b, 0xa, 0x2, 0x1f, 0xfc, 0x9c, 0x3f, 0xd8,
    0x7f, 0x90, 0xa0, 0xb0, 0xf3, 0xf0, 0x30, 0xda,
    0x7, 0xf, 0x5e, 0x83, 0xff, 0xb0,

    /* U+0071 "q" */
    0x3, 0x7a, 0x3c, 0x32, 0x7, 0xa, 0x1f, 0x82,
    0x81, 0x5, 0x1, 0x10, 0xfe, 0xc3, 0xff, 0x8a,
    0x90, 0x7d, 0x81, 0x3, 0x1, 0x45, 0xe8, 0x35,
    0x2, 0xa0, 0x67, 0xe4, 0x3f, 0xfa, 0xa0,

    /* U+0072 "r" */
    0x78, 0xbc, 0x1a, 0x43, 0x95, 0x78, 0x34, 0x87,
    0x90, 0xff, 0xf4, 0x0,

    /* U+0073 "s" */
    0xa, 0xf4, 0x81, 0xd0, 0x32, 0x63, 0xf4, 0x87,
    0xc8, 0x31, 0xd0, 0xce, 0x96, 0x86, 0xb4, 0x90,
    0xea, 0x11, 0x21, 0x61, 0x37, 0x69, 0x1a, 0x23,
    0xa0,

    /* U+0074 "t" */
    0x5, 0xa1, 0xff, 0xc7, 0x74, 0xbc, 0x87, 0xca,
    0xc1, 0x78, 0x3f, 0xfc, 0x30, 0x74, 0xf, 0x20,
    0x60, 0xc0,

    /* U+0075 "u" */
    0x7c, 0x1a, 0xe0, 0xff, 0xfb, 0xa0, 0x40, 0x82,
    0xf, 0x5e, 0x50, 0x5a, 0x7, 0x80,

    /* U+0076 "v" */
    0xbc, 0x1d, 0xe6, 0xf, 0xe4, 0x24, 0x24, 0x34,
    0x61, 0x64, 0x4, 0x42, 0x44, 0x39, 0x11, 0xd,
    0x19, 0x98, 0x64, 0x44, 0x43, 0x91, 0x10, 0xf6,
    0x46, 0x1e, 0x42, 0x42,

    /* U+0077 "w" */
    0x7c, 0x1b, 0xd0, 0x4f, 0x84, 0x3f, 0x21, 0x62,
    0x19, 0x2, 0x1f, 0xb0, 0x26, 0xc, 0x84, 0x8,
    0x82, 0x10, 0x2c, 0x61, 0xff, 0xc4, 0x44, 0x43,
    0x22, 0x8c, 0x41, 0x98, 0x6c, 0xf0, 0x98, 0xa1,
    0xc, 0x8a, 0x9, 0x30, 0xff, 0x90, 0xc8, 0x87,
    0x90, 0x61, 0x20, 0xc2,

    /* U+0078 "x" */
    0x3c, 0x85, 0x70, 0x22, 0x9, 0x20, 0x20, 0x88,
    0x83, 0x42, 0xc2, 0x19, 0x44, 0x41, 0xec, 0x24,
    0x3d, 0x4, 0x87, 0x43, 0x10, 0x72, 0x48, 0x20,
    0xb1, 0x6, 0x20, 0x41, 0x4, 0x98,

    /* U+0079 "y" */
    0xbc, 0x1d, 0xe6, 0xf, 0xe4, 0x48, 0x24, 0x41,
    0x88, 0x51, 0x81, 0x2, 0x19, 0xa, 0x31, 0x10,
    0xc8, 0x99, 0x87, 0x22, 0x84, 0x3a, 0x21, 0xf,
    0xf4, 0x1f, 0x41, 0xfe, 0x88, 0x3e, 0x40, 0x87,
    0x7a, 0x20, 0xfe, 0x90, 0xe0,

    /* U+007A "z" */
    0x2f, 0xf8, 0x3f, 0xf8, 0x17, 0xd0, 0x30, 0xf4,
    0x41, 0xe8, 0x8, 0x72, 0x8c, 0x3d, 0x10, 0x7a,
    0x2, 0x1c, 0xa3, 0xf, 0x40, 0xfe, 0x10, 0xfe,

    /* U+007B "{" */
    0xa, 0xf2, 0x5, 0x12, 0x1a, 0x43, 0xff, 0xb5,
    0x8, 0x59, 0x6, 0x88, 0x33, 0x8, 0x7f, 0xf7,
    0x70, 0xc8, 0xe8, 0x5f, 0x20,

    /* U+007C "|" */
    0xe0, 0xff, 0xef, 0x0,

    /* U+007D "}" */
    0x3d, 0x6, 0x96, 0x9, 0xcc, 0x32, 0x1e, 0x43,
    0xff, 0x87, 0x87, 0xb0, 0xc8, 0xa0, 0xd9, 0x21,
    0x64, 0x81, 0x14, 0x1d, 0x87, 0xb0, 0xff, 0xe6,
    0xe6, 0x16, 0x88, 0x5f, 0x4,

    /* U+007E "~" */
    0x3, 0x21, 0xf3, 0x36, 0x16, 0x93, 0xc7, 0x62,
    0x70, 0xea, 0x30,

    /* U+3002 "。" */
    0x5, 0xe4, 0x13, 0x52, 0x3a, 0xa8, 0x1f, 0xda,
    0xa4, 0xda, 0x30,

    /* U+4E0D "不" */
    0xf, 0xfe, 0x47, 0xff, 0xf1, 0x51, 0x7f, 0x4,
    0xbf, 0x15, 0xf8, 0xd, 0x78, 0x3f, 0xa0, 0x41,
    0xff, 0xc2, 0x50, 0x7f, 0xf1, 0x18, 0x2b, 0x43,
    0xfc, 0xc1, 0xea, 0x7, 0xe6, 0x1c, 0x14, 0x1c,
    0x3d, 0x41, 0x83, 0x38, 0x34, 0xe, 0x94, 0xf,
    0xb4, 0x92, 0x6, 0x87, 0xf4, 0x99, 0x4c, 0x3f,
    0xf8, 0x15, 0xa, 0xf, 0xfe, 0x12, 0x1f, 0xff,
    0xf0, 0x0,

    /* U+4E0E "与" */
    0xf, 0xfe, 0x4f, 0x83, 0xff, 0x84, 0x88, 0x7f,
    0xf1, 0x1f, 0xff, 0x21, 0x60, 0x5f, 0xf0, 0x64,
    0xeb, 0xfc, 0x87, 0xff, 0x1d, 0x10, 0xff, 0xe1,
    0x63, 0xff, 0xfc, 0x0, 0x6b, 0xff, 0x1, 0x3,
    0x5f, 0xfc, 0x0, 0xff, 0xe3, 0x7f, 0xff, 0x5,
    0x30, 0x21, 0xff, 0xc1, 0x46, 0xff, 0xf9, 0xf,
    0xfe, 0x2a, 0x21, 0xfc, 0xfe, 0x88, 0x3f, 0x90,
    0xe8, 0x3f, 0xef, 0xe4, 0x0,

    /* U+4E2A "个" */
    0xf, 0xfe, 0x8d, 0xa1, 0xff, 0xc4, 0x50, 0x7f,
    0xf1, 0x58, 0x12, 0x1f, 0xfc, 0x16, 0x28, 0x48,
    0x7f, 0xd4, 0x25, 0x45, 0x3, 0xfb, 0x49, 0x3,
    0xe, 0x87, 0x58, 0x34, 0xf0, 0xe0, 0xa0, 0x5a,
    0x38, 0x7e, 0xd1, 0xc1, 0x3c, 0x1f, 0xeb, 0x60,
    0x30, 0x7f, 0xf0, 0xa4, 0x3f, 0xff, 0xe1, 0xff,
    0xff, 0xf, 0xf8,

    /* U+4E34 "临" */
    0xf, 0xfe, 0x57, 0x5, 0xe0, 0xff, 0xe0, 0x20,
    0x44, 0x3e, 0x60, 0xf6, 0x3f, 0xeb, 0x43, 0xc8,
    0x7e, 0x43, 0xe4, 0xbb, 0xfc, 0x1f, 0x42, 0xa8,
    0x1f, 0xf6, 0x42, 0xd8, 0x7f, 0xa5, 0x2, 0x48,
    0x3f, 0x98, 0x35, 0x41, 0xfe, 0xaf, 0x75, 0x7,
    0xf2, 0xff, 0x7, 0xfb, 0xc9, 0xe0, 0xff, 0xff,
    0xd8, 0x7d, 0xe4, 0xf0, 0x7f, 0xf0, 0x17, 0xc1,
    0xf7, 0x8b, 0xaf, 0x78,

    /* U+4E3A "为" */
    0xf, 0xa8, 0x1f, 0xf5, 0xa0, 0x50, 0x7f, 0xd1,
    0x7, 0xff, 0x12, 0x20, 0xff, 0xe1, 0xb4, 0xf,
    0xfe, 0x3, 0xf5, 0xe0, 0x7f, 0xe0, 0xff, 0xe3,
    0xbf, 0xd0, 0xff, 0x83, 0xfb, 0x30, 0xff, 0xe1,
    0xa3, 0x61, 0xff, 0xc0, 0x44, 0x28, 0x3f, 0xe8,
    0x88, 0x50, 0x48, 0x74, 0x1d, 0x98, 0x87, 0x94,
    0x61, 0xb8, 0x3e, 0x62, 0xf, 0xd9, 0x81, 0x85,
    0x7, 0xe4, 0x2a, 0x14, 0xe, 0xbe, 0x2, 0x4e,
    0x87, 0xb0, 0xd8, 0x50, 0x7e, 0x7f, 0x4,

    /* U+4E3B "主" */
    0xf, 0xa4, 0x3f, 0xf8, 0x6a, 0xa0, 0x7f, 0xf0,
    0x98, 0x60, 0xff, 0xe1, 0x38, 0x87, 0xef, 0xfc,
    0xf, 0xf0, 0x7f, 0xf2, 0x3f, 0xe0, 0x7f, 0xc1,
    0xff, 0xed, 0xff, 0x3, 0xfc, 0x19, 0xf, 0xfe,
    0x2d, 0xfc, 0xf, 0xf0, 0x7f, 0xfb, 0x3f, 0xf0,
    0x3f, 0xf2, 0x1f, 0xfc, 0x50,

    /* U+4E49 "义" */
    0xf, 0xcc, 0x1f, 0xfc, 0x6d, 0x41, 0xff, 0xc5,
    0x88, 0x35, 0xa1, 0xde, 0xc, 0x87, 0x22, 0x1c,
    0x88, 0x59, 0x1, 0x10, 0xf4, 0x41, 0x34, 0x4,
    0x41, 0xf2, 0x21, 0x20, 0x44, 0x3f, 0x44, 0x1e,
    0x8c, 0x3f, 0x92, 0xd, 0xa, 0xf, 0xe8, 0x60,
    0x28, 0x83, 0xfe, 0xc5, 0x11, 0x7, 0xff, 0x6,
    0x2c, 0x50, 0x7f, 0xf0, 0x54, 0x14, 0x1f, 0xfc,
    0x25, 0x5, 0x7, 0xff, 0x6, 0x85, 0x7, 0xf,
    0xf5, 0xa6, 0xac, 0x1c, 0x1c, 0xda, 0x58, 0x6d,
    0x1f, 0x20, 0x92, 0xd0, 0xf5, 0xc0, 0xc1, 0xda,
    0x1f, 0xe7, 0xa0,

    /* U+4E60 "习" */
    0x6b, 0xff, 0x87, 0xaf, 0xff, 0xe, 0xff, 0xfe,
    0x8, 0x7f, 0xf2, 0x7c, 0x87, 0xff, 0x6, 0x28,
    0x1f, 0xfc, 0x7, 0x1c, 0x3e, 0x43, 0xb4, 0x83,
    0xff, 0x83, 0x50, 0x7f, 0xf0, 0x91, 0xb0, 0xff,
    0x37, 0x20, 0x43, 0x9b, 0x91, 0xf0, 0x66, 0xe4,
    0x7d, 0x7, 0x79, 0x1b, 0x83, 0xd8, 0x29, 0xc8,
    0x7e, 0x44, 0x43, 0xea, 0xb0, 0xff, 0xe0, 0xa8,
    0x18, 0x7f, 0xaf, 0xc0,

    /* U+4E89 "争" */
    0xf, 0x32, 0x1f, 0xfc, 0x59, 0xf, 0xfe, 0x2e,
    0xb, 0xf9, 0xf, 0xe8, 0xb, 0xc1, 0xff, 0x6a,
    0xeb, 0x24, 0x87, 0x9c, 0x2a, 0xd8, 0x3a, 0x21,
    0x96, 0x17, 0x82, 0x5b, 0xe, 0xa7, 0xf0, 0x3e,
    0x83, 0xff, 0x9d, 0xff, 0x81, 0xf4, 0x3e, 0x2,
    0xfe, 0x2, 0xc1, 0x28, 0x15, 0xf8, 0x15, 0x86,
    0x81, 0xab, 0xc0, 0xac, 0x1f, 0x97, 0xc0, 0x58,
    0x3f, 0xbf, 0xc0, 0xfe, 0x83, 0xff, 0xc8, 0xf6,
    0x21, 0xff, 0xc2, 0x44, 0x60, 0xfe,

    /* U+4E8C "二" */
    0x7, 0xff, 0xf0, 0x90, 0xff, 0xe4, 0xff, 0xff,
    0x9, 0xf, 0xff, 0xf8, 0x7f, 0xff, 0xc3, 0xff,
    0x83, 0x7f, 0xff, 0x14, 0x3f, 0xf8, 0xc0,

    /* U+4EA4 "交" */
    0xf, 0xce, 0x1f, 0xfc, 0x5c, 0x83, 0xff, 0x89,
    0x8, 0x7f, 0x7f, 0xe0, 0x7f, 0xc8, 0x87, 0xff,
    0x1a, 0xfa, 0x7f, 0xcf, 0xe4, 0x33, 0x28, 0x34,
    0xe8, 0x79, 0x89, 0xd, 0x42, 0x81, 0xb8, 0x90,
    0xf3, 0x8c, 0x4, 0x19, 0xa1, 0xbc, 0x62, 0x6,
    0xc4, 0x82, 0x43, 0x78, 0x24, 0x28, 0x81, 0x18,
    0x7f, 0xcb, 0x59, 0x7, 0xff, 0x6, 0x11, 0x41,
    0xff, 0xc1, 0x82, 0x50, 0x7f, 0xce, 0x92, 0x5a,
    0x1e, 0x7d, 0xe, 0xd8, 0x2e, 0x41, 0xc0, 0x78,
    0x37, 0x23, 0x27, 0x7a, 0xf, 0x9b, 0xd2,

    /* U+4EAB "享" */
    0xf, 0xd2, 0x1f, 0xfc, 0x46, 0xf, 0xd7, 0xfc,
    0xf, 0xfa, 0xd7, 0xff, 0x89, 0xb4, 0xff, 0xfe,
    0x5, 0x10, 0xab, 0xff, 0x80, 0x87, 0x9f, 0xfc,
    0x87, 0xe5, 0xfe, 0xf, 0xf5, 0x7e, 0x43, 0xcd,
    0x7f, 0xf0, 0x10, 0xd5, 0xff, 0xc2, 0xd, 0xff,
    0x48, 0x54, 0xf, 0xf7, 0x2b, 0xc8, 0x55, 0xf8,
    0x9, 0x5e, 0x5f, 0xc0, 0x5f, 0xdf, 0xf8, 0x1f,
    0xf8, 0x3f, 0xf9, 0x73, 0x7, 0xff, 0xd, 0x92,
    0xf, 0xc0,

    /* U+4ECE "从" */
    0xe, 0x50, 0x79, 0x41, 0xfe, 0xa0, 0x73, 0x40,
    0xff, 0xe3, 0xa1, 0xff, 0xd9, 0xc3, 0xfe, 0x44,
    0x3e, 0xc3, 0xff, 0x8a, 0x87, 0xfd, 0x88, 0x7f,
    0xf2, 0x30, 0xf6, 0x1f, 0xc8, 0x50, 0x10, 0x21,
    0xff, 0x62, 0x8c, 0x3f, 0xe4, 0x28, 0x84, 0x48,
    0x3e, 0xc4, 0x51, 0x2, 0x10, 0xf9, 0x20, 0x5a,
    0x44, 0x41, 0xc8, 0x79, 0x2, 0x22, 0x83, 0x44,
    0x1a, 0x10, 0xa2, 0x41, 0x81, 0xb, 0x4, 0x12,
    0x88, 0x9, 0x7, 0xb0, 0xe8, 0x41, 0x44, 0x37,
    0x83, 0xee, 0x0,

    /* U+4EE3 "代" */
    0xf, 0xfe, 0x77, 0x5, 0xc3, 0xa1, 0xfa, 0x30,
    0xc8, 0x92, 0x1f, 0x22, 0x1f, 0x64, 0x1e, 0xc8,
    0x3f, 0xa1, 0xd, 0x1, 0xf, 0xe7, 0x42, 0x50,
    0x7f, 0x34, 0xf8, 0x28, 0x35, 0xf0, 0x25, 0x1,
    0x6, 0x21, 0x20, 0x41, 0x7e, 0x82, 0x60, 0xbe,
    0x90, 0xfe, 0xa0, 0x7e, 0xcc, 0x3e, 0x43, 0xf9,
    0xf, 0xfe, 0x4a, 0x1f, 0xfc, 0x64, 0x43, 0xff,
    0x8b, 0x98, 0x5a, 0x1f, 0xfc, 0x4, 0x50, 0x88,
    0x7f, 0xf0, 0x62, 0x60, 0xff, 0xe1, 0xa8, 0x84,
    0x3f, 0xf8, 0x72, 0x8, 0x3b, 0xc1, 0xfd, 0x78,
    0x0,

    /* U+4EE4 "令" */
    0xf, 0xe6, 0xf, 0xfe, 0x34, 0xc1, 0xff, 0xc3,
    0x70, 0x28, 0x3f, 0xf8, 0x2c, 0x59, 0x40, 0xff,
    0xa8, 0x49, 0x8e, 0x87, 0xd6, 0x99, 0x83, 0x4a,
    0x6, 0xb4, 0xb3, 0x30, 0x50, 0x78, 0x33, 0xa0,
    0x93, 0x3, 0xa1, 0xae, 0xe, 0x98, 0x35, 0xc1,
    0x9a, 0xf1, 0xd5, 0xa1, 0xed, 0x7f, 0xe3, 0xf,
    0x5f, 0xfc, 0x82, 0xf, 0xfe, 0x1c, 0x98, 0x7f,
    0x9e, 0x4, 0x98, 0x7f, 0xf0, 0x5f, 0x26, 0x1f,
    0xfc, 0x7, 0x42, 0xc3, 0xff, 0x87, 0x40, 0x68,
    0x7f, 0xf0, 0xdc, 0x18, 0x7f, 0xf1, 0x7a, 0x7,
    0x80,

    /* U+4EE5 "以" */
    0x2, 0x83, 0xfd, 0xe0, 0xea, 0x5, 0x7, 0xff,
    0x15, 0x58, 0x79, 0xf, 0xe5, 0x10, 0x48, 0x7f,
    0xf0, 0x21, 0xf, 0xfe, 0x2c, 0x40, 0xcc, 0x3f,
    0xe5, 0x41, 0x90, 0xff, 0xe0, 0x41, 0x21, 0xff,
    0xd8, 0x88, 0x3f, 0xe5, 0x4, 0x88, 0x7f, 0x3d,
    0x82, 0xf, 0xfb, 0x86, 0x2, 0xc, 0x39, 0x9,
    0xe0, 0x62, 0x8c, 0x34, 0x3c, 0x7, 0x1a, 0x26,
    0x15, 0xc1, 0x50, 0x60, 0x40, 0x80, 0x86, 0x92,
    0x81, 0xb1, 0xf, 0xa7, 0x43, 0xde, 0x0,

    /* U+4EF6 "件" */
    0xf, 0xfe, 0x6f, 0x7, 0x78, 0x3f, 0xd1, 0x96,
    0x1f, 0xfc, 0x24, 0x44, 0x3f, 0xf8, 0x51, 0x8,
    0x3c, 0xf, 0xc1, 0x94, 0x26, 0x1f, 0xfc, 0x28,
    0x32, 0x7c, 0xf, 0xc1, 0x61, 0xa2, 0xf, 0xfe,
    0xa, 0x14, 0xa0, 0xff, 0xe0, 0x50, 0x34, 0x1f,
    0xfc, 0x14, 0x35, 0xfc, 0xf, 0xe0, 0xfb, 0xf,
    0xfe, 0x3b, 0xfc, 0xf, 0xe0, 0xff, 0xff, 0x87,
    0xff, 0x97, 0xc1, 0xf7, 0x83, 0xc0,

    /* U+4F1A "会" */
    0xf, 0xe6, 0xf, 0xfe, 0x34, 0xa0, 0xff, 0xe2,
    0x60, 0x83, 0xff, 0x84, 0xe5, 0xd, 0xf, 0xfa,
    0x84, 0xa8, 0xa0, 0x7e, 0x74, 0xd0, 0x38, 0xf0,
    0x67, 0x82, 0xaf, 0x20, 0x78, 0x18, 0xe8, 0xbf,
    0xb8, 0x35, 0xc5, 0xff, 0xa1, 0xe0, 0xff, 0xe5,
    0xff, 0xff, 0x10, 0x3f, 0xf9, 0x8, 0x5f, 0xa0,
    0x7e, 0xbf, 0x21, 0xf4, 0x41, 0x54, 0x1f, 0xec,
    0x90, 0xa5, 0x41, 0xfb, 0x14, 0x2d, 0x1, 0x83,
    0xd8, 0x1f, 0x54, 0xa0, 0x28, 0x3f, 0x2d, 0x57,
    0xe2, 0xe, 0xfa, 0xa5, 0x83, 0x58, 0x0,

    /* U+4F46 "但" */
    0xe, 0xd0, 0xff, 0xe2, 0xa6, 0x57, 0xf2, 0x1e,
    0x89, 0x7f, 0xd8, 0x72, 0x1c, 0xff, 0x21, 0xf4,
    0x41, 0xfd, 0x87, 0x90, 0x21, 0xff, 0xc4, 0x83,
    0xff, 0x81, 0x87, 0x61, 0xf3, 0xfc, 0x86, 0x43,
    0xf9, 0x78, 0x39, 0x58, 0x79, 0xaf, 0x7, 0x41,
    0xff, 0xe3, 0x7f, 0xa0, 0xff, 0xe4, 0xe1, 0xfc,
    0xff, 0xf2, 0x1f, 0xfd, 0xf, 0xff, 0xe0, 0x87,
    0xc8, 0x7f, 0xf1, 0xef, 0xff, 0xe0, 0x0,

    /* U+4F4D "位" */
    0xe, 0x43, 0x98, 0x3f, 0xeb, 0xd, 0xa8, 0x3f,
    0xa2, 0xd, 0x98, 0x7f, 0x22, 0x19, 0x30, 0xfd,
    0x11, 0x7e, 0x2f, 0xc1, 0x91, 0x2, 0xff, 0x82,
    0xc3, 0x57, 0xee, 0x80, 0xc3, 0xce, 0x86, 0xb0,
    0xff, 0x26, 0x1f, 0xce, 0x87, 0x90, 0xe4, 0x28,
    0x3f, 0xf8, 0x9, 0x87, 0xfc, 0x86, 0xc4, 0x3f,
    0xf8, 0x28, 0x10, 0xff, 0xe0, 0xe1, 0xff, 0xcc,
    0x43, 0xff, 0x80, 0xe8, 0x98, 0x7f, 0x5f, 0xe8,
    0xbe, 0xf, 0x61, 0xff, 0x21, 0xe7, 0xff, 0xe8,

    /* U+4F4F "住" */
    0xe, 0x90, 0xd4, 0xf, 0xf9, 0x50, 0x65, 0x7,
    0xfd, 0x10, 0x68, 0x83, 0xf9, 0x2, 0x19, 0xf,
    0xfa, 0x27, 0xf8, 0x7f, 0x41, 0x20, 0x43, 0xff,
    0x89, 0x4, 0xff, 0xf, 0xe8, 0x18, 0x7f, 0xf6,
    0xdc, 0x3f, 0x21, 0xfd, 0x7, 0x5f, 0x43, 0xf8,
    0x3f, 0xb5, 0x82, 0x5c, 0x1f, 0xcd, 0x58, 0xd6,
    0xf, 0xff, 0xc5, 0xfc, 0x3f, 0xc1, 0xf2, 0x1f,
    0xfc, 0x7f, 0xff, 0xe0, 0x80,

    /* U+4F5C "作" */
    0xe, 0xe0, 0xa4, 0x3f, 0xe4, 0x32, 0xb0, 0xff,
    0xa2, 0x6, 0x61, 0xfe, 0x44, 0x24, 0xeb, 0xe0,
    0xa2, 0x4, 0x5, 0xfc, 0x4, 0x39, 0x30, 0x7f,
    0x81, 0x6, 0xc8, 0x3f, 0xd8, 0x68, 0x50, 0x7f,
    0x21, 0xf4, 0x1b, 0xfa, 0x56, 0x15, 0x87, 0x2f,
    0x64, 0x1f, 0xf5, 0x72, 0x1f, 0xfd, 0x4f, 0xe8,
    0x3f, 0xf8, 0xc8, 0x7f, 0xf0, 0x7f, 0xc1, 0xff,
    0xff, 0xd, 0xe0, 0xf7, 0x83, 0xc0,

    /* U+4F7F "使" */
    0xe, 0x90, 0xe9, 0xf, 0xf2, 0xb0, 0xca, 0xc3,
    0xfd, 0x2, 0xb8, 0x6b, 0x83, 0x22, 0x2e, 0x9,
    0x78, 0x34, 0x53, 0xf4, 0x3f, 0xc1, 0x41, 0x97,
    0x62, 0xf0, 0x52, 0x1a, 0xb2, 0xa, 0xc8, 0xa0,
    0xf3, 0xe8, 0x7d, 0x4, 0x92, 0x1f, 0xfc, 0x59,
    0xf, 0xfe, 0x32, 0x1e, 0x7d, 0xf, 0xa0, 0xff,
    0x2a, 0x88, 0xd6, 0x43, 0xf9, 0x60, 0x4b, 0x83,
    0xfb, 0x31, 0xf, 0xfe, 0x1b, 0x18, 0x87, 0xff,
    0xd, 0x41, 0xff, 0xc5, 0x74, 0xf, 0x94, 0x1f,
    0xdc, 0xf, 0x92, 0x9e, 0xf, 0xa6, 0xc2, 0xb9,
    0x20,

    /* U+4F9D "依" */
    0xe, 0x43, 0x94, 0x1f, 0xf3, 0x40, 0xd4, 0xf,
    0xfa, 0x20, 0xd1, 0x7, 0xf2, 0x21, 0xc8, 0x7f,
    0xd1, 0x7f, 0x87, 0xf8, 0x24, 0x25, 0xc1, 0x2f,
    0x82, 0x82, 0xac, 0x15, 0x78, 0x18, 0x7d, 0x84,
    0x87, 0xff, 0xb, 0x1c, 0xc0, 0xf0, 0x1c, 0x36,
    0x8, 0x8, 0xc6, 0x8, 0x27, 0xe, 0x8e, 0x34,
    0x3d, 0x8, 0x64, 0xe, 0x1f, 0xaa, 0xe, 0x4c,
    0x3f, 0x94, 0x1e, 0x88, 0x3f, 0xf8, 0xd1, 0x87,
    0xff, 0xe, 0x50, 0x30, 0xff, 0xe0, 0x79, 0x6,
    0xc, 0x3f, 0x41, 0x3a, 0xc, 0x43, 0xf6, 0x5c,
    0x1d, 0xc1, 0xbc, 0x7, 0x43, 0xfc,

    /* U+4FDD "保" */
    0xe, 0x90, 0xff, 0xe2, 0xab, 0x7f, 0xfc, 0x1e,
    0x88, 0x25, 0xf0, 0x7c, 0x88, 0x55, 0xf0, 0x7d,
    0x18, 0x7f, 0xf1, 0x20, 0x21, 0xff, 0xc3, 0x50,
    0x7a, 0xff, 0x7, 0x41, 0xe5, 0x82, 0x5c, 0x4,
    0x50, 0x4d, 0x61, 0xac, 0x5, 0x41, 0xff, 0xc6,
    0x83, 0x7f, 0x43, 0xfc, 0x1f, 0x2e, 0xe, 0x5c,
    0x1f, 0x56, 0xe, 0xac, 0x1f, 0xec, 0x44, 0xc3,
    0xff, 0x81, 0xe, 0x8, 0xc3, 0xfd, 0x24, 0x12,
    0x8c, 0x3e, 0x74, 0xc3, 0xa4, 0xc3, 0xcb, 0x61,
    0xf4, 0x87, 0xea, 0x7, 0xf5, 0x86, 0xb0, 0xf3,
    0xc1, 0xe0,

    /* U+50A8 "储" */
    0xd, 0x7, 0xd4, 0xf, 0xd2, 0x21, 0xca, 0xb,
    0x82, 0x46, 0x80, 0xa0, 0x2a, 0x20, 0x24, 0xcc,
    0x28, 0xb, 0x82, 0xc4, 0x56, 0x78, 0x1a, 0x41,
    0x21, 0xa4, 0x3a, 0x60, 0xa0, 0x35, 0x1f, 0x1,
    0x2f, 0x28, 0x25, 0x89, 0x41, 0x2e, 0x2, 0x3a,
    0x6, 0xc1, 0xd6, 0x70, 0xfc, 0xc2, 0xf0, 0x7f,
    0xb8, 0xd, 0x60, 0xff, 0xe0, 0xbf, 0x21, 0xff,
    0x78, 0x3f, 0xf9, 0xf, 0xc8, 0x7f, 0x9c, 0xd,
    0x48, 0x7f, 0xa0, 0xcb, 0x7, 0xf2, 0x58, 0x1f,
    0x90, 0xfd, 0x68, 0x65, 0xc0,

    /* U+514B "克" */
    0xf, 0xcc, 0x1f, 0xfc, 0x59, 0xf, 0xe7, 0xfe,
    0x7, 0xfe, 0x17, 0xf0, 0x4b, 0xf0, 0x2b, 0xe0,
    0x75, 0xf0, 0x7f, 0xf2, 0xff, 0x81, 0xfe, 0xf,
    0xcb, 0xfc, 0x1f, 0xcd, 0x7f, 0x7, 0xff, 0x41,
    0xff, 0xe0, 0xfc, 0xa0, 0x94, 0x12, 0xc1, 0xea,
    0x86, 0x89, 0x58, 0x3f, 0x46, 0x1f, 0xfc, 0x34,
    0x8, 0x7e, 0x74, 0x2a, 0x10, 0x7f, 0x62, 0xbc,
    0x92, 0x1d, 0x76, 0x87, 0x5a, 0x1a, 0x9, 0x4,
    0x3e, 0x43, 0xef, 0xf2, 0x0,

    /* U+514D "免" */
    0xf, 0x78, 0x3f, 0xf8, 0xa8, 0x25, 0xa0, 0xff,
    0xe0, 0x40, 0x6a, 0x70, 0xff, 0x65, 0xf8, 0x18,
    0x7f, 0x62, 0x82, 0x84, 0x3f, 0xb0, 0xab, 0x20,
    0xae, 0xb, 0x9, 0x78, 0xb, 0xe0, 0xb8, 0x1f,
    0x81, 0xfc, 0x1e, 0x43, 0xff, 0xbd, 0xf8, 0x1f,
    0xc1, 0xf2, 0xf0, 0x10, 0x2e, 0x83, 0xab, 0x60,
    0x81, 0x59, 0xf, 0xe8, 0x83, 0xff, 0x89, 0x8a,
    0xf, 0x9c, 0x3a, 0xc6, 0xf, 0xd8, 0x4f, 0x92,
    0x81, 0xd5, 0x90, 0xf5, 0xa1, 0xa1, 0x71, 0x1,
    0xf2, 0x1e, 0x7f, 0xc8,

    /* U+5165 "入" */
    0xf, 0xfe, 0x77, 0x83, 0xff, 0x8c, 0x98, 0x7f,
    0xf1, 0x64, 0xc3, 0xff, 0x8b, 0x24, 0x1f, 0xfc,
    0x58, 0x43, 0xff, 0x8a, 0x83, 0xf, 0xfe, 0x24,
    0x12, 0x1f, 0xfc, 0x58, 0x83, 0xff, 0x84, 0x8b,
    0x10, 0x7f, 0xf0, 0x63, 0x21, 0xf, 0xfe, 0x4,
    0x4, 0x9, 0x7, 0xfc, 0x90, 0x50, 0xa0, 0xfe,
    0xc5, 0x6, 0x88, 0x3f, 0x60, 0x83, 0x94, 0x61,
    0xec, 0x18, 0x7d, 0x3, 0x41, 0x60, 0xc3, 0xfb,
    0x4, 0xc, 0x70, 0xff, 0xb5, 0x1, 0xe0, 0xff,
    0xe0, 0xd0,

    /* U+5171 "共" */
    0xc, 0xe8, 0x67, 0x43, 0xff, 0x8d, 0x87, 0xff,
    0x83, 0xe8, 0xbf, 0x43, 0xf2, 0x1f, 0xfc, 0x9f,
    0x92, 0xfd, 0xf, 0xc8, 0x76, 0x1f, 0xfe, 0x8b,
    0xe8, 0xbf, 0x43, 0xf8, 0x43, 0xff, 0x8d, 0xff,
    0xfc, 0x60, 0xf7, 0x6, 0xb0, 0xff, 0x61, 0xfb,
    0x43, 0xce, 0x30, 0x6a, 0x14, 0xd, 0x41, 0x83,
    0xcc, 0x30, 0x14, 0x70, 0x7e, 0x71, 0x43, 0xe0,
    0xff, 0xe0, 0x79, 0x0,

    /* U+5185 "内" */
    0xf, 0xde, 0xf, 0xfe, 0xf5, 0x7c, 0xa, 0xf8,
    0x5f, 0x80, 0xbf, 0x5, 0xfc, 0xf, 0xe0, 0xff,
    0xe7, 0x22, 0x1f, 0xfc, 0x2c, 0x50, 0x7f, 0xf0,
    0x50, 0x48, 0x7f, 0xd0, 0xe4, 0x87, 0xf2, 0x88,
    0x89, 0xf, 0x98, 0x80, 0xc4, 0x1e, 0xa1, 0x21,
    0x31, 0x7, 0x4e, 0x87, 0x34, 0xf, 0x41, 0xf9,
    0xf, 0xfe, 0xa7, 0xc1, 0xff, 0xc5, 0x70,

    /* U+51FA "出" */
    0xf, 0xa8, 0x1f, 0xfc, 0x25, 0x7, 0xef, 0x7,
    0xfb, 0xc1, 0xff, 0xf8, 0xfc, 0xf, 0xc1, 0xff,
    0xc8, 0xff, 0x3, 0xfc, 0x28, 0x3f, 0xf8, 0xa,
    0xa0, 0x7f, 0xf0, 0x28, 0x1f, 0xfe, 0x64, 0x24,
    0x3c, 0x86, 0xbe, 0x81, 0xfa, 0x2, 0xff, 0xf0,
    0x81, 0x5f, 0xfc, 0x20, 0x0,

    /* U+521D "初" */
    0xf, 0xfe, 0x53, 0x87, 0xff, 0x1e, 0x9, 0x7f,
    0x83, 0x2c, 0xa, 0xff, 0x23, 0x41, 0x9a, 0x80,
    0xd1, 0xa, 0x5e, 0x85, 0x89, 0x58, 0x5f, 0xa1,
    0xf, 0xfe, 0x24, 0x41, 0x21, 0xff, 0x22, 0x1f,
    0xfc, 0x48, 0xbc, 0x1f, 0x61, 0xd8, 0x33, 0x9,
    0xf, 0xd8, 0x68, 0x8, 0x7c, 0x98, 0x74, 0x1b,
    0xf, 0xce, 0xc, 0x88, 0x43, 0xee, 0xd, 0x40,
    0xf9, 0xf, 0xe4, 0x88, 0x3f, 0xf8, 0x6a, 0x10,
    0xff, 0xe1, 0xc4, 0x19, 0x10, 0xfd, 0x8a, 0x2f,
    0x46, 0x1f, 0xb6, 0x6, 0x14, 0x80,

    /* U+522B "别" */
    0xf, 0xfe, 0x25, 0x85, 0xff, 0x83, 0xff, 0xa6,
    0xfe, 0xd, 0x61, 0xff, 0xe2, 0x7f, 0x7, 0xff,
    0x21, 0xf, 0xfb, 0xd1, 0xf4, 0x1f, 0xfc, 0x1c,
    0x43, 0xff, 0x83, 0xf2, 0x5f, 0x21, 0xfd, 0x28,
    0xa, 0xf, 0xfe, 0x3, 0x40, 0x51, 0x10, 0xff,
    0xe0, 0xa1, 0xff, 0xc4, 0x8c, 0x3d, 0x61, 0xf2,
    0x84, 0x8, 0x7f, 0xd4, 0x36, 0xc3, 0x9a, 0x21,
    0x26, 0x28, 0x18, 0x65, 0x8, 0x3c, 0x17, 0xc1,
    0x9f, 0xa0,

    /* U+5230 "到" */
    0xf, 0xfe, 0x1d, 0x6, 0xbf, 0x90, 0xe4, 0x97,
    0xf8, 0xb0, 0xef, 0x81, 0xeb, 0xc8, 0x7f, 0x44,
    0x51, 0xf, 0xf2, 0xe2, 0x20, 0xff, 0x40, 0xbc,
    0x8, 0x3f, 0xe5, 0xa, 0x10, 0xfe, 0xfd, 0x57,
    0x7, 0xff, 0x2, 0x81, 0x21, 0xfc, 0xb0, 0x25,
    0x83, 0xf3, 0x52, 0x35, 0x7, 0xe7, 0xe4, 0xbe,
    0xf, 0xfe, 0x12, 0x1f, 0xfc, 0x55, 0x50, 0xb0,
    0xe5, 0x51, 0x28, 0xa0, 0xfd, 0x45, 0xd, 0xf0,
    0x1f, 0x20, 0xa7, 0xd2, 0x1f, 0xd0, 0xa0, 0xff,
    0x3f, 0x20,

    /* U+5236 "制" */
    0xf, 0xfe, 0x4b, 0x8e, 0x87, 0xf7, 0x2, 0xf,
    0xf7, 0x83, 0xf7, 0x17, 0xc1, 0xfd, 0x1, 0x9,
    0x60, 0xfe, 0x4e, 0x85, 0x60, 0xfe, 0x45, 0x66,
    0xb8, 0x3f, 0x25, 0x11, 0xac, 0x1f, 0xbf, 0x43,
    0xf8, 0x3f, 0xf8, 0x58, 0x7f, 0xf0, 0x7e, 0x8b,
    0xe4, 0x3f, 0xe4, 0x25, 0x7, 0xff, 0x2, 0xa2,
    0x98, 0x7f, 0xf2, 0xbc, 0x1f, 0xfd, 0x3b, 0xf,
    0xfe, 0x32, 0x20, 0xf8, 0x36, 0x86, 0xbc, 0x1e,
    0x60, 0xff, 0xe1, 0x7d, 0x0,

    /* U+529F "功" */
    0xf, 0xfe, 0x93, 0xc1, 0xe5, 0xf8, 0x3f, 0xf8,
    0x15, 0xf2, 0x1b, 0xf, 0x51, 0x5, 0x3, 0xb0,
    0xf2, 0xa0, 0x28, 0xf4, 0x3f, 0xc1, 0xf9, 0x60,
    0x96, 0xf, 0xfa, 0x89, 0x58, 0x3f, 0xf8, 0x68,
    0x64, 0x3f, 0xe4, 0x3f, 0xfa, 0x8d, 0x4, 0x42,
    0x43, 0x30, 0x25, 0x19, 0x87, 0x67, 0x23, 0x79,
    0x42, 0x1f, 0x37, 0xa4, 0x11, 0x6, 0xc2, 0x90,
    0xec, 0x50, 0x64, 0x43, 0xce, 0x8, 0x7e, 0xf,
    0xe4, 0x70, 0x21, 0xb0, 0xfd, 0xc1, 0xbf, 0x0,

    /* U+52A1 "务" */
    0xf, 0x50, 0x3f, 0xf8, 0x92, 0x1f, 0xfc, 0x49,
    0x1f, 0xfc, 0x1e, 0x91, 0x7e, 0x2, 0x19, 0xd0,
    0x75, 0xc1, 0x41, 0xa2, 0xca, 0x1, 0xd5, 0x87,
    0x79, 0x35, 0x7a, 0x28, 0x1f, 0xcc, 0x87, 0x72,
    0x1a, 0xfa, 0x47, 0xd0, 0xab, 0xe3, 0x15, 0x7a,
    0x47, 0xe9, 0x50, 0xf4, 0x41, 0x44, 0x33, 0x44,
    0xd, 0x72, 0x75, 0xe4, 0x32, 0xf0, 0x17, 0xe0,
    0xcf, 0xe4, 0xbf, 0x91, 0xf, 0xa5, 0x83, 0x90,
    0xf9, 0xd5, 0x7, 0xc8, 0x4d, 0xc3, 0x1, 0xab,
    0x30, 0x94, 0x3c, 0x19, 0x61, 0x41, 0xbd, 0x7,
    0x3f, 0xa0, 0xc0,

    /* U+533A "区" */
    0x3f, 0xff, 0x88, 0x87, 0xff, 0x21, 0xff, 0xfe,
    0x12, 0x1c, 0x87, 0xde, 0xf, 0x9b, 0xe, 0x84,
    0x3e, 0x51, 0x84, 0xa2, 0xf, 0xd4, 0x34, 0x8c,
    0x3f, 0xcc, 0x59, 0x7, 0xff, 0x1, 0x82, 0x43,
    0xff, 0x83, 0x5, 0x7, 0xfc, 0xe5, 0x8c, 0x1f,
    0xd4, 0x24, 0xc6, 0xf, 0xb4, 0x90, 0xb1, 0x83,
    0xca, 0xd0, 0xec, 0x83, 0xd4, 0xf, 0xd8, 0x73,
    0xff, 0xfc, 0x30, 0xff, 0xe3, 0x0,

    /* U+5361 "卡" */
    0xf, 0x9d, 0xf, 0xfe, 0xbe, 0x1f, 0xfc, 0x57,
    0xfc, 0x1f, 0xfc, 0x5, 0xf0, 0x7f, 0xd5, 0xf0,
    0x7f, 0xf2, 0x2f, 0xf4, 0x5f, 0xf4, 0x87, 0xff,
    0x11, 0xff, 0xa1, 0xff, 0xc1, 0xff, 0xd0, 0xa0,
    0x7f, 0xf0, 0xd6, 0xe0, 0xff, 0xe0, 0xbc, 0x3e,
    0x43, 0xff, 0x80, 0xf0, 0x20, 0xff, 0xe1, 0x3d,
    0x87, 0xff, 0x11, 0xf, 0xfe, 0xd0,

    /* U+53D1 "发" */
    0xf, 0xfe, 0x62, 0x82, 0xf0, 0x50, 0x7f, 0x50,
    0x8, 0x65, 0x61, 0xf2, 0x21, 0x90, 0x31, 0x87,
    0xb3, 0x6, 0x61, 0x2c, 0x1c, 0xa3, 0xa2, 0x57,
    0x2, 0x43, 0xcb, 0x4, 0xbf, 0x61, 0x37, 0xc8,
    0x3f, 0xf4, 0x19, 0x9, 0x20, 0xff, 0xe2, 0x20,
    0xaf, 0x70, 0x7f, 0x61, 0x2f, 0x8, 0x7e, 0x50,
    0x3f, 0x92, 0xf, 0xd0, 0x98, 0x4a, 0x10, 0xfb,
    0x5, 0x8, 0x11, 0x7, 0xd0, 0x31, 0x6b, 0x24,
    0x3d, 0xa6, 0x14, 0x22, 0x83, 0xd8, 0x30, 0x9c,
    0x26, 0xf, 0x4e, 0x37, 0xf, 0xf, 0xa4, 0xc,
    0x9, 0x1e, 0x1e, 0x3, 0x7, 0xbb, 0x83, 0x9f,
    0x58,

    /* U+53D6 "取" */
    0x3f, 0xf8, 0x3f, 0xe4, 0xb, 0x1, 0xaf, 0xc8,
    0x24, 0xa8, 0x65, 0xfc, 0x1f, 0xfc, 0xc, 0x1f,
    0x41, 0xf5, 0x41, 0x90, 0xd8, 0x87, 0x2c, 0x1b,
    0xc, 0x87, 0xdf, 0x7, 0x90, 0x90, 0xff, 0xe0,
    0xa6, 0x26, 0x1e, 0xa8, 0x3c, 0x90, 0x87, 0x96,
    0xe, 0x88, 0x3f, 0xbe, 0xe, 0x44, 0x83, 0xff,
    0x88, 0x81, 0xf, 0xcc, 0x3a, 0x1f, 0xe9, 0x39,
    0x2, 0x85, 0x1, 0xc, 0x81, 0xa0, 0xc0, 0x88,
    0x90, 0xbe, 0x94, 0x13, 0x93, 0x12, 0x1f, 0xf4,
    0x48, 0xc4, 0x1f, 0xf3, 0x21, 0x34, 0xf, 0xdc,
    0x48, 0x72, 0x80,

    /* U+53EA "只" */
    0xf, 0xfe, 0x47, 0xff, 0xf0, 0x83, 0xcb, 0xfe,
    0xf, 0xd5, 0xfe, 0xf, 0xff, 0xf8, 0x77, 0xff,
    0x83, 0xff, 0x99, 0xff, 0xfc, 0x20, 0xff, 0xe6,
    0xf8, 0x37, 0x90, 0xfd, 0x88, 0x6c, 0xa0, 0x73,
    0x8c, 0x1d, 0x8e, 0x15, 0x6, 0xf, 0xb0, 0x64,
    0x94, 0xf, 0xec, 0x15, 0x68, 0x7f, 0xdd, 0x0,

    /* U+53EF "可" */
    0xf, 0xfe, 0x37, 0xff, 0xf1, 0x97, 0xff, 0x82,
    0x12, 0xab, 0xff, 0x84, 0x34, 0xf, 0xfe, 0x47,
    0xfe, 0x43, 0xff, 0xa3, 0xfa, 0xf, 0xff, 0x4e,
    0x1f, 0xfc, 0x1f, 0xc8, 0x7f, 0xf0, 0x57, 0xc1,
    0xff, 0xc0, 0xaf, 0x21, 0xfd, 0xe0, 0xff, 0xee,
    0xbf, 0x46, 0x1f, 0xf2, 0x19, 0x40,

    /* U+53F7 "号" */
    0x3, 0xff, 0xfc, 0x0, 0xf9, 0x7f, 0x83, 0xfb,
    0xaf, 0xc1, 0xff, 0xcf, 0xbf, 0xf0, 0x7e, 0x5f,
    0xfe, 0x0, 0x73, 0x5f, 0xfc, 0x0, 0xbf, 0xff,
    0x8a, 0xbc, 0x5, 0xff, 0x8a, 0xc0, 0xaf, 0xf9,
    0xa, 0x10, 0xff, 0xe1, 0xa3, 0xff, 0xc1, 0xe5,
    0xff, 0x7, 0xea, 0xff, 0x7, 0xff, 0x16, 0x10,
    0xff, 0xaa, 0xd2, 0xf, 0xf9, 0x60, 0x41, 0xff,
    0xc0, 0xfe, 0x43, 0x0,

    /* U+540C "同" */
    0x3f, 0xff, 0x89, 0x7, 0xff, 0x21, 0xff, 0xfe,
    0x8, 0x7f, 0xf3, 0x3f, 0xfc, 0x1f, 0xa5, 0xfe,
    0xf, 0xcd, 0x7f, 0x7, 0xf7, 0xfe, 0xf, 0xfe,
    0x2, 0xe0, 0xff, 0xe1, 0x56, 0x43, 0xff, 0xcb,
    0xf9, 0xf, 0xfe, 0xa, 0xf8, 0x3f, 0xe6, 0xbc,
    0x1f, 0xee, 0xf, 0xfe, 0x5b, 0xf0, 0x7f, 0xf0,
    0x90, 0x98,

    /* U+542B "含" */
    0xf, 0xe4, 0x3f, 0xf8, 0xad, 0x87, 0xff, 0xd,
    0x81, 0x7, 0xff, 0x6, 0x84, 0xa8, 0x3f, 0xce,
    0x9b, 0x2b, 0x43, 0xcf, 0xf, 0xc5, 0xb, 0x42,
    0xe0, 0x50, 0x8d, 0x5a, 0x5c, 0x25, 0xa0, 0x71,
    0x5, 0xa4, 0x59, 0xfe, 0x3f, 0x36, 0x19, 0x7f,
    0x82, 0x43, 0xea, 0xfb, 0x6, 0x1f, 0xfc, 0x38,
    0xc3, 0xf5, 0xff, 0x3, 0xe0, 0xfc, 0xbf, 0xc1,
    0xfe, 0xaf, 0xe0, 0xff, 0xe8, 0xff, 0xf0, 0x7f,
    0x97, 0xf8, 0x3f, 0xd5, 0xfc, 0x1c,

    /* U+542C "听" */
    0xf, 0xfe, 0x12, 0x83, 0xff, 0x82, 0xdd, 0x12,
    0xfe, 0x5, 0xe9, 0x19, 0xf, 0xe4, 0x6f, 0x48,
    0x6f, 0x21, 0xd2, 0x1f, 0xfd, 0x6a, 0xf9, 0xf,
    0xf2, 0xfd, 0x87, 0xfa, 0xf0, 0x2e, 0xf, 0xf2,
    0x4, 0x43, 0xff, 0xb9, 0xe4, 0x32, 0x1f, 0xfc,
    0x34, 0x3f, 0xf8, 0x1f, 0x8c, 0xc3, 0xf5, 0x87,
    0x22, 0x1f, 0xfc, 0x24, 0x3f, 0xf8, 0xb1, 0x7,
    0xff, 0xf, 0x50, 0x7f, 0xf1, 0x20, 0xeb, 0x8,

    /* U+548C "和" */
    0xf, 0xc8, 0x7f, 0xf0, 0x5a, 0x7a, 0x43, 0xfd,
    0x72, 0x8b, 0x57, 0xfc, 0xa, 0xc2, 0x83, 0xff,
    0x82, 0xb0, 0x7d, 0x7c, 0x1f, 0xfc, 0xbf, 0xc3,
    0xf0, 0x7f, 0x90, 0xf9, 0xf, 0xf5, 0xe0, 0xbd,
    0x7, 0xff, 0x1, 0xb, 0xf, 0xfe, 0x14, 0x1a,
    0xf, 0xfe, 0x2, 0x42, 0xd0, 0x7f, 0xd0, 0x82,
    0x30, 0xff, 0x64, 0x1b, 0x43, 0xfe, 0x50, 0x7e,
    0xac, 0x19, 0x83, 0xfc, 0xb0, 0x68, 0x3f, 0xd7,
    0xc1, 0xff, 0xc2, 0x50, 0x54, 0xf, 0xf9, 0x83,
    0x28,

    /* U+5668 "器" */
    0x3, 0xfe, 0x7, 0xf9, 0xf, 0x2c, 0x1e, 0x58,
    0x3f, 0x74, 0xe, 0x69, 0x87, 0xff, 0x42, 0xf0,
    0x73, 0xe8, 0x3c, 0xbe, 0x11, 0x42, 0xc1, 0xea,
    0xe2, 0x2c, 0x79, 0xa, 0xbd, 0x82, 0x9a, 0x56,
    0x2, 0xf8, 0x25, 0xc0, 0x58, 0x1f, 0x40, 0xbf,
    0x1, 0xfc, 0x19, 0x89, 0xd, 0x8e, 0x86, 0x78,
    0x1d, 0x1, 0x44, 0x17, 0x2, 0xc, 0xb0, 0x16,
    0xc, 0x83, 0x8b, 0xc1, 0xcf, 0xa1, 0xc3, 0xff,
    0x8d, 0x87, 0xba, 0x7, 0x34, 0xc3, 0xf2, 0xc1,
    0xe5, 0x83, 0xf5, 0xe0, 0xe7, 0xd0, 0x60,

    /* U+56F4 "围" */
    0xf, 0xfe, 0x3f, 0xff, 0xf1, 0x20, 0x97, 0xff,
    0x82, 0x19, 0xae, 0x1a, 0xf0, 0x79, 0x78, 0x5e,
    0xf, 0xab, 0x2, 0xb6, 0x1f, 0x7e, 0x4f, 0xd0,
    0x7e, 0xa9, 0x2a, 0x43, 0xf2, 0xe0, 0x2d, 0x7,
    0xe7, 0xe4, 0xfc, 0x1f, 0xab, 0x25, 0x70, 0x79,
    0x78, 0xb, 0xc1, 0xe7, 0xf2, 0x7c, 0x21, 0xff,
    0xc2, 0xa0, 0x7f, 0xf1, 0x55, 0x7, 0xfd, 0xa5,
    0xc1, 0xe7, 0xfa, 0x7f, 0xc1, 0xcb, 0xff, 0xc1,
    0xc, 0xd7, 0xff, 0x4, 0x0,

    /* U+5728 "在" */
    0xf, 0xd2, 0x1f, 0xfc, 0x49, 0xc3, 0xff, 0x88,
    0x90, 0x7f, 0x9f, 0xe0, 0x7f, 0xf8, 0xc3, 0xff,
    0x8d, 0x7d, 0x3, 0xff, 0xe0, 0xe8, 0xc3, 0x78,
    0x3f, 0xa1, 0xf, 0xfe, 0x1a, 0x88, 0x3f, 0xf8,
    0x4c, 0x1a, 0xb0, 0x2b, 0x2, 0x81, 0x97, 0x80,
    0xb8, 0x9, 0x4, 0xfe, 0x7, 0xe0, 0x79, 0xf,
    0xff, 0xf8, 0x6a, 0xe0, 0x57, 0x7, 0xcb, 0xc0,
    0x5e, 0xf, 0xbf, 0xff, 0x80,

    /* U+5730 "地" */
    0x9, 0x83, 0xeb, 0xf, 0xed, 0xf, 0xfe, 0x5d,
    0x87, 0xff, 0x3d, 0xe, 0x44, 0x3f, 0x37, 0x20,
    0xf0, 0x2d, 0xc, 0x92, 0x4, 0xa, 0x2, 0xc0,
    0xb0, 0x3a, 0x1a, 0x89, 0x45, 0x8, 0x50, 0x7f,
    0xcc, 0xb, 0x43, 0xff, 0x82, 0xa0, 0x21, 0xff,
    0xc4, 0x90, 0xff, 0xe2, 0x30, 0x7e, 0x50, 0x79,
    0x25, 0x7, 0xd0, 0x85, 0x60, 0x74, 0x3e, 0xf4,
    0x12, 0x3c, 0x1e, 0xb0, 0xac, 0x1e, 0x83, 0xff,
    0x82, 0x87, 0xfb, 0x3a, 0xec, 0x43, 0xf9, 0x42,
    0xf0, 0x20,

    /* U+5740 "址" */
    0x9, 0x83, 0xf5, 0x3, 0xf9, 0xf, 0xca, 0xf,
    0xff, 0x26, 0x21, 0x21, 0xff, 0x79, 0x2e, 0x64,
    0x3f, 0xca, 0x2, 0xb0, 0xff, 0xe0, 0xd4, 0x51,
    0xf, 0xbf, 0x7, 0xff, 0x1d, 0xf, 0xfe, 0x27,
    0xd0, 0x7f, 0xf3, 0x9a, 0x7, 0xff, 0xf, 0x24,
    0x3f, 0xf8, 0x5e, 0x47, 0x83, 0xff, 0x87, 0x70,
    0x7f, 0xf0, 0xfc, 0x87, 0xff, 0x2a, 0xe2, 0xf0,
    0x3f, 0x7, 0xff, 0x24,

    /* U+5904 "处" */
    0xc, 0xa0, 0xf5, 0x3, 0xfd, 0x40, 0xf2, 0x83,
    0xff, 0xa2, 0x82, 0xb0, 0x7f, 0xf0, 0x70, 0x2f,
    0x7, 0xff, 0x1, 0x3e, 0x2, 0x16, 0x1f, 0xfc,
    0x8c, 0x3d, 0x7, 0x90, 0xc9, 0x7, 0x20, 0x44,
    0x3d, 0xa, 0xa, 0x13, 0x22, 0xe, 0xc8, 0x2c,
    0x94, 0x1f, 0xe8, 0x40, 0xe6, 0x62, 0x1f, 0x3a,
    0x1c, 0x85, 0x7, 0xff, 0x5e, 0xb, 0x43, 0xff,
    0x83, 0x27, 0x16, 0xd8, 0x7c, 0xe9, 0x8c, 0xa,
    0x7f, 0x81, 0xe, 0x13, 0xe5, 0x7, 0x20, 0xe8,
    0x1f, 0x53, 0xfa, 0x0,

    /* U+5907 "备" */
    0xf, 0xa8, 0x1f, 0xfc, 0x59, 0xf, 0xfe, 0x2c,
    0x8f, 0xfa, 0xf, 0xda, 0x2f, 0x81, 0x87, 0x9c,
    0x35, 0x64, 0x90, 0xe6, 0x2d, 0x5b, 0x64, 0x87,
    0x9b, 0x49, 0x24, 0x90, 0xfc, 0x82, 0xd0, 0xd7,
    0x21, 0xd7, 0xc8, 0xde, 0x91, 0xbd, 0x1, 0x3,
    0x72, 0x6, 0xe5, 0x18, 0x3c, 0x37, 0xfe, 0x9b,
    0x43, 0xcb, 0x80, 0xb0, 0x7f, 0xd5, 0x81, 0x50,
    0x7f, 0xdf, 0x81, 0xf0, 0x7f, 0xcb, 0x80, 0xb0,
    0x7f, 0xd5, 0x81, 0x50, 0x7f, 0xd5, 0x81, 0x50,
    0x7f, 0xcb, 0x80, 0xb0, 0x7f, 0xdf, 0xfc, 0x1e,

    /* U+5927 "大" */
    0xf, 0xd4, 0xf, 0xfe, 0x2a, 0x83, 0xff, 0xfe,
    0x1f, 0xeb, 0xfe, 0x7, 0xfe, 0x30, 0xff, 0xe3,
    0x3f, 0xe4, 0x2f, 0xf8, 0x3f, 0x21, 0x21, 0xff,
    0xc1, 0x41, 0x18, 0x7f, 0xf0, 0x62, 0x45, 0x7,
    0xfc, 0x81, 0x22, 0xf, 0xfa, 0x20, 0x20, 0x83,
    0xfb, 0x14, 0x16, 0x30, 0x79, 0xc1, 0x7, 0x43,
    0x6, 0xa0, 0x30, 0xf3, 0xe, 0x92, 0x58, 0x7e,
    0x60, 0x44, 0xe8, 0x7f, 0x9e, 0xc0,

    /* U+5931 "失" */
    0xc, 0xc1, 0x78, 0x3f, 0xf8, 0x32, 0x1f, 0xfc,
    0x54, 0x3f, 0xf8, 0xf8, 0x2a, 0x5, 0x78, 0x3c,
    0x81, 0x60, 0x2f, 0x83, 0xa1, 0xfa, 0x7, 0xf8,
    0x32, 0x88, 0x24, 0x3f, 0xf8, 0x50, 0x7f, 0xf1,
    0x5d, 0xc, 0x88, 0x7f, 0xbf, 0xe8, 0x7f, 0xf0,
    0x7f, 0xf2, 0xbf, 0xe0, 0xdf, 0xf0, 0x7e, 0x85,
    0x10, 0x7f, 0xf0, 0x54, 0x50, 0x50, 0x7f, 0xcc,
    0x40, 0x89, 0xf, 0xee, 0x24, 0xc, 0x50, 0x39,
    0xf0, 0x24, 0x33, 0xf, 0x20, 0xc1, 0x68, 0x79,
    0xd1, 0x81, 0x4d, 0xf, 0xf5, 0xd8,

    /* U+5934 "头" */
    0xf, 0xe6, 0xf, 0xf5, 0x10, 0xb5, 0x7, 0xf9,
    0xb4, 0x3f, 0xf8, 0x36, 0x90, 0x7f, 0xf0, 0xea,
    0xf, 0xfa, 0xe0, 0x28, 0x3f, 0xed, 0x5c, 0x12,
    0x21, 0xf3, 0x41, 0x41, 0xff, 0xc2, 0x79, 0xf,
    0xfa, 0xfd, 0x7c, 0xf, 0xf4, 0x87, 0xff, 0x11,
    0xff, 0xc0, 0xff, 0xc1, 0xf2, 0x21, 0xff, 0xc3,
    0x8f, 0x90, 0xff, 0x39, 0x31, 0x68, 0x7d, 0x42,
    0x47, 0x8b, 0x9, 0xf2, 0x68, 0x67, 0x4d, 0xa0,
    0x2c, 0x3f, 0x50, 0x14, 0xf2, 0x1f, 0xe7, 0x40,

    /* U+5B57 "字" */
    0xf, 0x9d, 0xf, 0xfe, 0x1a, 0x41, 0xf9, 0xff,
    0x81, 0xff, 0x18, 0x7f, 0xf1, 0xef, 0xff, 0xe0,
    0x21, 0xff, 0xc8, 0xe5, 0x7f, 0xf8, 0xe1, 0x42,
    0xfc, 0x12, 0x28, 0x3a, 0xbc, 0x6, 0xf, 0xfe,
    0x5, 0x94, 0xf, 0xfe, 0xa, 0x68, 0x7b, 0xff,
    0x3, 0xfe, 0x5f, 0xc1, 0x2f, 0xc5, 0x7d, 0x82,
    0xbe, 0x43, 0xff, 0xdc, 0xfc, 0x21, 0xff, 0xc0,
    0x42, 0x60, 0xfc,

    /* U+5B58 "存" */
    0xf, 0xc8, 0x7f, 0xf1, 0xa8, 0x87, 0xff, 0x15,
    0x10, 0xff, 0xaf, 0xe0, 0x7f, 0xf8, 0x1a, 0xe0,
    0x97, 0xfc, 0x6, 0xac, 0x1d, 0x7f, 0x83, 0xd1,
    0x95, 0xf9, 0xf, 0x42, 0x2f, 0xf6, 0x1c, 0xa2,
    0x1f, 0xe0, 0x30, 0x66, 0x10, 0xfb, 0x28, 0x1a,
    0x81, 0xfd, 0x12, 0x1c, 0x90, 0x55, 0xc9, 0xd6,
    0x5, 0xa1, 0x2f, 0x1, 0x7c, 0x21, 0xdf, 0xc9,
    0x7e, 0x43, 0xff, 0x84, 0x87, 0xff, 0xa9, 0xa2,
    0x1f, 0xfc, 0x55, 0x10, 0x7f, 0xb8, 0x27, 0xe4,
    0x3c,

    /* U+5B66 "学" */
    0x9, 0x9, 0xd0, 0xca, 0xc, 0xd0, 0x9, 0x6,
    0xa0, 0x64, 0x50, 0x11, 0x6, 0x61, 0x51, 0x3a,
    0x3, 0xa0, 0x28, 0xbc, 0x2e, 0x16, 0x2, 0xb0,
    0x5f, 0xff, 0xc0, 0x83, 0xff, 0x8a, 0x81, 0x77,
    0xff, 0x91, 0xc8, 0x5f, 0x82, 0x51, 0x21, 0xab,
    0x82, 0xa0, 0x7f, 0xf0, 0x36, 0xd0, 0xe6, 0xbe,
    0x7, 0x5f, 0x6b, 0xf0, 0x17, 0xf5, 0xff, 0x3,
    0xff, 0x7, 0xff, 0x71, 0xec, 0x3f, 0xf8, 0x48,
    0x82, 0xf, 0xc0,

    /* U+5B8F "宏" */
    0xf, 0xea, 0x7, 0xff, 0x15, 0x41, 0xfd, 0x5f,
    0x81, 0xd7, 0x82, 0x5f, 0x82, 0x5f, 0x82, 0xfd,
    0x4f, 0xf9, 0xf, 0xee, 0x43, 0xfd, 0x61, 0x91,
    0xf, 0x5a, 0x5f, 0xc0, 0xff, 0xe4, 0x43, 0xff,
    0x89, 0x9f, 0xa0, 0x7f, 0xfa, 0xe, 0x88, 0x1e,
    0xf, 0xf9, 0x2, 0x42, 0x1f, 0xf4, 0x60, 0x48,
    0x90, 0xfa, 0x10, 0x64, 0x6, 0x43, 0xa4, 0x88,
    0x50, 0x32, 0xd, 0x26, 0x28, 0x82, 0x51, 0x84,
    0x90, 0xc0, 0xfd, 0x20, 0x81, 0xc8, 0x84, 0xb5,
    0x61, 0x9, 0xb, 0xea, 0x97, 0x58,

    /* U+5B9A "定" */
    0xf, 0xfe, 0x8f, 0x7, 0xff, 0x1d, 0xf, 0xfa,
    0xbe, 0x7, 0x5f, 0x4, 0xbf, 0x4, 0xbf, 0x6,
    0x7f, 0xff, 0x82, 0x1f, 0xfc, 0xf6, 0xbf, 0xe0,
    0x21, 0x70, 0xbf, 0xf1, 0xc1, 0xcf, 0xe0, 0x7f,
    0x7, 0xe5, 0x7, 0xff, 0x1b, 0x90, 0xff, 0xe2,
    0xa2, 0x1b, 0xfc, 0x1f, 0xfc, 0x25, 0xf0, 0x79,
    0x6, 0x1a, 0xbc, 0x1e, 0x84, 0x83, 0xff, 0x84,
    0x8c, 0xac, 0x3f, 0xf8, 0xc, 0x44, 0x85, 0xff,
    0x93, 0x20, 0xae, 0x43, 0xf2, 0x5a, 0x1c, 0xdf,
    0xf8,

    /* U+5B9E "实" */
    0xf, 0xd4, 0xf, 0xfe, 0x22, 0xc1, 0xfa, 0xbe,
    0x5, 0x7c, 0x8b, 0xf0, 0x4b, 0xe0, 0xdf, 0xea,
    0x7e, 0x83, 0xd6, 0x82, 0x81, 0xf9, 0x8c, 0xa0,
    0x7c, 0xa0, 0x48, 0xe6, 0x1f, 0xa4, 0x16, 0x9a,
    0x1f, 0xfc, 0x8, 0xb0, 0x22, 0x1f, 0xed, 0x41,
    0xff, 0xc1, 0xa8, 0x15, 0x2, 0xbc, 0xbf, 0xc0,
    0x5f, 0xa7, 0xfc, 0xb, 0xff, 0x7, 0xb0, 0x3f,
    0x21, 0xf9, 0xc1, 0x9a, 0x5a, 0x13, 0x70, 0xe1,
    0x5c, 0x5a, 0x68, 0xf0, 0x79, 0xd0, 0xaf, 0x41,
    0xfe, 0xb4,

    /* U+5BB9 "容" */
    0xf, 0xd6, 0x1f, 0xfc, 0x54, 0x43, 0xfb, 0xfe,
    0x5, 0xfe, 0x83, 0x2f, 0xff, 0x0, 0x3c, 0xd3,
    0xd5, 0xdd, 0x41, 0xf3, 0x40, 0xdd, 0x2, 0xc1,
    0xd4, 0x63, 0x1a, 0xb7, 0x40, 0xe9, 0x82, 0x62,
    0x86, 0x87, 0x38, 0x30, 0x28, 0x63, 0x9, 0xe0,
    0x65, 0x94, 0x1e, 0xf, 0x39, 0x26, 0xad, 0xf,
    0xb8, 0x90, 0xa4, 0xb4, 0xf, 0x82, 0xbf, 0x90,
    0xac, 0x25, 0x1, 0x7e, 0x4, 0x23, 0xd9, 0x5f,
    0x80, 0xf0, 0x7f, 0xf3, 0x6b, 0xf0, 0x7f, 0xf0,
    0x17, 0xe0, 0xff, 0xaf, 0xf8, 0x3c,

    /* U+5BC4 "寄" */
    0xf, 0xca, 0xf, 0xfe, 0x25, 0x3, 0xf5, 0xff,
    0x3, 0xfe, 0x40, 0xbe, 0x2, 0xf8, 0x35, 0xfc,
    0xf, 0xf0, 0x35, 0x57, 0x2, 0xb8, 0x5a, 0x7e,
    0x82, 0xbf, 0x30, 0x7a, 0x82, 0x5c, 0x87, 0xaf,
    0x2b, 0xbc, 0xab, 0xa, 0x88, 0x12, 0xb0, 0x82,
    0x8b, 0x4, 0xbf, 0x80, 0xaf, 0xff, 0xe1, 0x3,
    0xd0, 0x2f, 0xfa, 0xf, 0xfa, 0xb2, 0x1f, 0xfc,
    0x15, 0xd0, 0x7f, 0xf0, 0x7f, 0x83, 0xff, 0x83,
    0x5e, 0xc3, 0xfb, 0x5f, 0x8a, 0x7, 0xcc, 0x1f,
    0x28, 0x82,

    /* U+5C04 "射" */
    0xe, 0x43, 0xfc, 0x87, 0xea, 0x7, 0xea, 0x7,
    0x2a, 0x2, 0x83, 0xff, 0x83, 0xc8, 0xd0, 0x3f,
    0xf8, 0x7f, 0x20, 0x5f, 0xa, 0xe, 0xf9, 0x5,
    0x70, 0x28, 0x1d, 0x50, 0x5f, 0xc0, 0xb0, 0xe5,
    0xc1, 0xf2, 0x21, 0xef, 0x90, 0x38, 0x7f, 0xf0,
    0x2a, 0x9, 0x20, 0xff, 0x97, 0x4, 0xa0, 0xfd,
    0xa7, 0xc8, 0x51, 0x7, 0xcb, 0x83, 0xf2, 0x1f,
    0x55, 0x8a, 0xd, 0xe0, 0xfe, 0x62, 0xf, 0xfe,
    0x1d, 0xc, 0x3f, 0xf8, 0x7a, 0x61, 0xff, 0xc5,
    0x72, 0x88, 0x6a, 0x90, 0xee, 0x9, 0x20, 0xca,
    0x20, 0xfd, 0x79, 0xa, 0xf9, 0x8,

    /* U+5C0F "小" */
    0xf, 0xfe, 0x8f, 0x83, 0xff, 0xfa, 0x87, 0xf9,
    0xf, 0x9b, 0xf, 0xdc, 0x1f, 0x62, 0x1f, 0xa3,
    0xf, 0x24, 0x1f, 0x90, 0x21, 0xff, 0xc5, 0x88,
    0x34, 0x21, 0xfe, 0x43, 0xc9, 0x7, 0xfc, 0x90,
    0x20, 0xff, 0xe1, 0x42, 0x4, 0xc3, 0xff, 0x86,
    0x9c, 0x1f, 0xfc, 0x25, 0x80, 0x87, 0xff, 0xa,
    0x81, 0xff, 0xce, 0xbe, 0xf, 0xfe, 0x24, 0x13,
    0x87, 0xff, 0xf, 0xe8, 0x3f, 0xc0,

    /* U+5C1A "尚" */
    0xf, 0xb8, 0x3e, 0x74, 0x39, 0xd, 0x6a, 0x20,
    0xff, 0x22, 0x44, 0x1f, 0xb2, 0x2, 0x21, 0xf2,
    0x28, 0x2b, 0xf, 0x9a, 0x3, 0xd7, 0xe0, 0x7d,
    0x7a, 0x2, 0xff, 0xf0, 0x3, 0x57, 0xff, 0x0,
    0x3c, 0xd7, 0x90, 0xfd, 0x2f, 0xb0, 0xff, 0x7e,
    0xf, 0xfe, 0x85, 0x60, 0xff, 0xe0, 0x2e, 0xf,
    0xfe, 0x7, 0xf4, 0x1f, 0xa8, 0x1f, 0xfc, 0x25,
    0x7, 0x7c, 0x1f, 0xfc, 0x14, 0xc,

    /* U+5C40 "局" */
    0xb, 0xff, 0xf8, 0x41, 0xf2, 0xff, 0x83, 0xfa,
    0xbf, 0xc1, 0xff, 0xd0, 0xff, 0xf0, 0x7f, 0x2f,
    0xfd, 0x7, 0xd5, 0xff, 0x21, 0xf7, 0xff, 0xf0,
    0x50, 0xe5, 0xff, 0x83, 0xe6, 0xbf, 0xe4, 0x40,
    0x99, 0xff, 0x83, 0xec, 0x42, 0x5c, 0x19, 0xc,
    0x87, 0x56, 0xf, 0xfe, 0x7c, 0x41, 0xbf, 0x7,
    0xe4, 0x43, 0x57, 0x82, 0x42, 0x42, 0xa2, 0xf5,
    0x30, 0xdc, 0x12, 0x83, 0xc8, 0xc1, 0xff, 0xc2,
    0xfa, 0x0,

    /* U+5C42 "层" */
    0x5, 0xff, 0xfc, 0x28, 0x39, 0x7f, 0xf8, 0x1,
    0xf5, 0x7f, 0xd8, 0x7c, 0x87, 0xff, 0x1a, 0xff,
    0xf4, 0x1f, 0x2f, 0xff, 0x7, 0xe, 0xaf, 0xfe,
    0xa, 0x1f, 0x7f, 0xfc, 0x1f, 0x97, 0xfe, 0xc,
    0x85, 0x5f, 0xf0, 0x7d, 0x5f, 0xfc, 0x14, 0x32,
    0xff, 0xf0, 0xb0, 0x95, 0xf0, 0x3f, 0x5f, 0x42,
    0x1d, 0x10, 0x6b, 0xd, 0x98, 0x17, 0x6, 0x48,
    0x24, 0x46, 0x5, 0x3e, 0x44, 0x8, 0x83, 0x2,
    0xc2, 0xe3, 0x1e, 0x5, 0xfe, 0xac, 0xe0,

    /* U+5C55 "展" */
    0xb, 0xff, 0xf8, 0x61, 0xf2, 0xff, 0xc1, 0xfd,
    0x5f, 0xf0, 0x7f, 0x57, 0xfc, 0x1f, 0xcb, 0xff,
    0x7, 0xf7, 0xc0, 0xf9, 0x3e, 0xf, 0xfe, 0x7d,
    0xe0, 0x7c, 0x9f, 0x21, 0xed, 0x40, 0x58, 0xb,
    0x83, 0x95, 0x40, 0x54, 0x95, 0x7, 0xdf, 0x3,
    0xe4, 0xfc, 0x12, 0x5, 0x1, 0x40, 0x58, 0x50,
    0x59, 0xd0, 0x6a, 0x3b, 0x18, 0x24, 0x43, 0xc9,
    0x73, 0x87, 0xff, 0x5, 0x80, 0xc1, 0xa2, 0x4,
    0x3e, 0x8c, 0x79, 0x2, 0x20, 0x40, 0xda, 0x70,
    0xc0, 0xf0, 0x5f, 0x48, 0x67, 0xe0,

    /* U+5DE5 "工" */
    0x2f, 0xff, 0xe1, 0x81, 0xf, 0xfe, 0x2f, 0xfc,
    0xf, 0xf8, 0x3f, 0xff, 0xe1, 0xff, 0xff, 0xf,
    0xfe, 0x9d, 0xff, 0x3, 0xff, 0x21, 0xff, 0xc5,
    0xff, 0xfe, 0x30,

    /* U+5DF2 "已" */
    0xbf, 0xff, 0x83, 0x4, 0x87, 0xff, 0x5, 0xb,
    0xff, 0xf8, 0x21, 0xff, 0xcc, 0xf0, 0x7f, 0xfa,
    0xbf, 0xfc, 0x1f, 0xfc, 0xef, 0xff, 0x30, 0x7f,
    0xf1, 0x24, 0x3f, 0xf8, 0xc8, 0x7f, 0xf1, 0x7c,
    0x87, 0xff, 0xd, 0x10, 0xff, 0xe1, 0x21, 0x93,
    0xff, 0xe8, 0x81, 0x21, 0xff, 0xc0, 0x90,

    /* U+5E38 "常" */
    0x9, 0x41, 0x78, 0x34, 0x87, 0x50, 0x3f, 0x2a,
    0xe, 0x84, 0x3e, 0x8c, 0x2f, 0x45, 0xe0, 0x7c,
    0xf, 0x82, 0x5f, 0xfe, 0x8, 0x66, 0xbf, 0xf8,
    0x21, 0xef, 0xff, 0x41, 0xac, 0x2a, 0xf8, 0x2a,
    0xa, 0x9, 0x7e, 0x9, 0x41, 0xef, 0xf8, 0x3f,
    0xab, 0x2, 0xb8, 0x3e, 0x5e, 0x17, 0x7, 0xbf,
    0xc9, 0xfe, 0x83, 0x97, 0x1, 0x78, 0x3e, 0xac,
    0x95, 0xc1, 0xff, 0xd5, 0xf8, 0x3a, 0x43, 0xf4,
    0xb4, 0x13, 0x7, 0xe6, 0xa0, 0x0,

    /* U+5E76 "并" */
    0xd, 0x21, 0xe6, 0x43, 0xca, 0x83, 0xd3, 0x87,
    0x94, 0x41, 0xf4, 0x1f, 0x42, 0x1a, 0x20, 0xea,
    0xc3, 0x59, 0x2b, 0x22, 0xe1, 0x78, 0x25, 0x81,
    0xf4, 0x3f, 0xa1, 0xf9, 0xf, 0xfe, 0xe, 0x1f,
    0xfd, 0x7c, 0x37, 0xe8, 0x7f, 0x43, 0xf9, 0xf,
    0xfe, 0x23, 0x7c, 0x97, 0xe8, 0xbe, 0x83, 0x22,
    0x1f, 0xfc, 0x28, 0x43, 0xff, 0x84, 0xa3, 0xf,
    0xfe, 0xb, 0xa, 0xf, 0xfe, 0x5, 0x6, 0xf,
    0xfe, 0xc, 0x50, 0x3f, 0xf8, 0x7a, 0x1f, 0x9d,
    0xc,

    /* U+5E8F "序" */
    0xf, 0xf5, 0x3, 0xff, 0x8a, 0xa0, 0xfe, 0x6b,
    0xe0, 0x75, 0xe0, 0x6b, 0xf0, 0x4b, 0xe0, 0xd7,
    0xff, 0xf0, 0x83, 0x25, 0x7f, 0x90, 0xfc, 0xbf,
    0xe8, 0x3f, 0x7f, 0xc8, 0x30, 0xff, 0x7a, 0x75,
    0x61, 0xff, 0x6a, 0x86, 0xf, 0xea, 0xc2, 0x6,
    0xb2, 0x1c, 0xbe, 0x9, 0x70, 0x48, 0x3f, 0xc0,
    0xf8, 0x8, 0x7f, 0xf0, 0xf3, 0xc, 0x87, 0xff,
    0x2, 0x9, 0x30, 0xff, 0xb4, 0x28, 0x43, 0xff,
    0x94, 0xd3, 0x10, 0xf9, 0x83, 0x94, 0x30, 0x7d,
    0x21, 0x9f, 0xa0, 0xf8,

    /* U+5EA6 "度" */
    0xf, 0xeb, 0x43, 0xff, 0x8f, 0x7, 0xfa, 0xff,
    0x20, 0xff, 0x83, 0xff, 0x9b, 0xf4, 0x7f, 0xf,
    0xc1, 0xfb, 0xf, 0xfe, 0x25, 0xe4, 0xfe, 0x1f,
    0x83, 0xba, 0x1, 0xa9, 0x5, 0x41, 0xcb, 0x89,
    0x68, 0x5c, 0x1f, 0xef, 0xe0, 0xff, 0xe0, 0xf5,
    0xf6, 0x1e, 0x40, 0xa0, 0xfe, 0x43, 0xf5, 0x7f,
    0xf0, 0x10, 0xfb, 0x87, 0xf9, 0x14, 0x12, 0x20,
    0x5b, 0x47, 0x54, 0x1b, 0x30, 0xa8, 0x5c, 0x50,
    0x39, 0x11, 0x54, 0xe, 0xa2, 0x83, 0x27, 0x44,
    0xbd, 0x23, 0x4c, 0x1c, 0x77, 0xc8, 0x1b, 0xd4,
    0xc0,

    /* U+5F00 "开" */
    0x2b, 0xff, 0x88, 0x5, 0xff, 0xe2, 0x9f, 0x43,
    0xfa, 0x1f, 0x90, 0xff, 0xfe, 0x57, 0xd, 0x70,
    0xd6, 0x5c, 0x12, 0xe0, 0x97, 0x7e, 0x4b, 0xf4,
    0x3f, 0x83, 0xff, 0x94, 0x88, 0x7f, 0xf0, 0x90,
    0xff, 0xe2, 0xc4, 0x1f, 0xfc, 0x28, 0x8, 0x7f,
    0xf0, 0x64, 0xc3, 0xff, 0x83, 0x24, 0x1f, 0xfc,
    0x28, 0x90, 0xff, 0xe1, 0xe8, 0x7e, 0x78, 0x30,

    /* U+5FC5 "必" */
    0xf, 0xfe, 0x7e, 0x87, 0xff, 0x15, 0x28, 0x1d,
    0x40, 0xfe, 0x71, 0xc2, 0x58, 0x3f, 0xed, 0x30,
    0x44, 0x1f, 0xca, 0x2a, 0x20, 0x21, 0xe4, 0x14,
    0x2, 0x84, 0xc3, 0xcd, 0x3, 0xec, 0x83, 0xec,
    0xc3, 0xd0, 0xaf, 0x7, 0x22, 0x1d, 0x24, 0x12,
    0x1f, 0xf4, 0x98, 0x32, 0xa, 0x20, 0xd2, 0x61,
    0x91, 0x2, 0x21, 0x93, 0xe, 0x88, 0x12, 0x1e,
    0xc3, 0xfe, 0x61, 0xc1, 0x87, 0x78, 0xb0, 0x9e,
    0xf, 0xfe, 0x2, 0x17, 0xe, 0x1f, 0x22, 0x1c,
    0x9c, 0x17, 0xf4, 0x61, 0xd6, 0x16, 0x1f, 0x28,
    0x30,

    /* U+5FEB "快" */
    0x9, 0x41, 0xf2, 0x1f, 0xee, 0xf, 0x50, 0x3f,
    0xfa, 0x88, 0x2a, 0x4e, 0xa4, 0x2a, 0x2, 0x8b,
    0x82, 0x5b, 0xf, 0x96, 0xf9, 0x2e, 0xe, 0x42,
    0x84, 0x39, 0x10, 0xf6, 0x12, 0x83, 0xff, 0x80,
    0x88, 0x50, 0x7f, 0xf0, 0x54, 0x19, 0xfc, 0x9f,
    0xe, 0x8, 0x3f, 0xf9, 0x8f, 0xe0, 0xbf, 0x83,
    0xfe, 0x42, 0x83, 0xff, 0x87, 0x18, 0x87, 0xff,
    0x9, 0x12, 0x30, 0xff, 0xe0, 0x31, 0x8, 0x20,
    0xff, 0x31, 0x5, 0x8e, 0x1f, 0xa8, 0x48, 0x6c,
    0x18, 0x7d, 0x1a, 0x1e, 0xd8, 0x35, 0x83, 0xf,
    0xe9, 0x0,

    /* U+6001 "态" */
    0xf, 0xfe, 0x8f, 0x83, 0xff, 0xb2, 0x88, 0x7f,
    0xbf, 0xe8, 0x7f, 0xf0, 0x17, 0xe0, 0xcb, 0xf0,
    0x2b, 0xe0, 0x40, 0xaf, 0x7, 0xec, 0x91, 0x41,
    0xff, 0xc0, 0xc5, 0x19, 0x21, 0xfc, 0xe1, 0x69,
    0x96, 0x87, 0x5c, 0x5e, 0x28, 0x60, 0xb8, 0x12,
    0x3a, 0x30, 0x83, 0x83, 0xa9, 0xc1, 0x34, 0xc2,
    0x7d, 0x4, 0xed, 0x89, 0x21, 0x78, 0x3a, 0xf,
    0x64, 0x14, 0x21, 0x91, 0xe, 0x82, 0xc1, 0x4,
    0x88, 0x48, 0x1c, 0x2d, 0x10, 0x66, 0x65, 0x7b,
    0x38, 0xc1, 0x44, 0x50, 0xbc, 0x28, 0xa0,

    /* U+6027 "性" */
    0x9, 0x41, 0xf9, 0xf, 0xd4, 0xc, 0x83, 0x83,
    0xff, 0x82, 0xd0, 0x3f, 0xf8, 0x28, 0x33, 0xf,
    0xea, 0x2, 0xc4, 0xe0, 0x56, 0x44, 0x28, 0x40,
    0xa0, 0x2e, 0xf, 0x24, 0x5e, 0x7, 0xe4, 0x18,
    0x58, 0x10, 0xfe, 0x44, 0x32, 0x83, 0xfc, 0xa0,
    0xea, 0x7, 0xfd, 0x7, 0xbf, 0x3, 0xf0, 0x7f,
    0x2e, 0x2, 0xe0, 0xfe, 0xac, 0xa, 0xc1, 0xff,
    0xf4, 0x7f, 0x81, 0xfa, 0xf, 0xfe, 0x32, 0x1e,
    0x7f, 0xff, 0x80,

    /* U+6162 "慢" */
    0x9, 0x41, 0xff, 0xc6, 0xa0, 0x5f, 0xfd, 0x7,
    0xfc, 0xff, 0x83, 0xf9, 0x9, 0xff, 0x7, 0x30,
    0x38, 0xf, 0xf4, 0x1d, 0x85, 0xa0, 0x7f, 0xa0,
    0xe7, 0x2, 0x3f, 0xfd, 0x7, 0xee, 0xff, 0xf4,
    0x12, 0x1c, 0xe3, 0xc7, 0x83, 0x21, 0xf2, 0x7,
    0x14, 0x1a, 0xf, 0x30, 0xc9, 0x40, 0xff, 0x7f,
    0xfd, 0x7, 0xcf, 0xff, 0xc1, 0xf9, 0xc0, 0xfd,
    0x2, 0xf, 0xf6, 0x28, 0x61, 0x41, 0xff, 0x65,
    0xc5, 0x3, 0xff, 0x81, 0x7, 0x68, 0x7f, 0x7c,
    0x8c, 0x8d, 0xe0, 0xf9, 0x1b, 0x9b, 0x91, 0xd,
    0xe2, 0xe4, 0x39, 0xb8,

    /* U+6210 "成" */
    0xf, 0xf7, 0x87, 0xf, 0xfe, 0x3f, 0x7, 0xff,
    0xd, 0xc5, 0x5, 0x7f, 0xc0, 0xf8, 0x14, 0xf,
    0xfe, 0x32, 0x1b, 0xfc, 0x97, 0xf8, 0x3f, 0xd8,
    0x7f, 0xf0, 0x10, 0xfb, 0x5, 0xa1, 0xd7, 0xe1,
    0xc, 0x88, 0x48, 0xb0, 0x72, 0x22, 0x1e, 0xa9,
    0xf, 0x44, 0x1f, 0xfc, 0x14, 0xc4, 0x3f, 0xf8,
    0x58, 0x50, 0x7f, 0x90, 0xf6, 0x9, 0x11, 0x5e,
    0x9, 0x80, 0x81, 0x8c, 0xd7, 0x74, 0x12, 0x40,
    0x88, 0x95, 0x69, 0x44, 0xb3, 0x2, 0x1d, 0x3a,
    0x50, 0xa, 0x38, 0x39, 0x83, 0x3e, 0x80,

    /* U+624D "才" */
    0xf, 0xfe, 0x9f, 0x83, 0xff, 0xe6, 0xff, 0xf8,
    0x1f, 0xc1, 0xff, 0xc8, 0x7f, 0xe8, 0x37, 0xf0,
    0x7f, 0x44, 0x1f, 0xfc, 0x3c, 0x50, 0x7f, 0xf0,
    0xa0, 0x41, 0xff, 0xc2, 0x93, 0xf, 0xfe, 0x16,
    0x98, 0x7f, 0xf0, 0xb0, 0x61, 0xff, 0xc1, 0xb0,
    0x61, 0xff, 0xc1, 0x91, 0xc3, 0xff, 0x85, 0x14,
    0xf, 0xfe, 0x26, 0x86, 0xbe, 0xf, 0xfe, 0x1e,
    0x13, 0x87, 0xff, 0x5, 0xfa, 0xf, 0x0,

    /* U+6253 "打" */
    0xd, 0x21, 0xff, 0xc6, 0x70, 0xff, 0xe5, 0x5f,
    0xfe, 0x43, 0xf6, 0x1f, 0xfc, 0xf, 0x87, 0xcf,
    0xf0, 0x3e, 0x43, 0xff, 0x93, 0xf0, 0xf8, 0x3f,
    0xfb, 0x68, 0x7f, 0xf0, 0xd1, 0xe4, 0x3f, 0xf8,
    0x1e, 0x82, 0x50, 0x7f, 0xf0, 0x91, 0xe0, 0xff,
    0xe0, 0xfa, 0xf, 0xff, 0xf8, 0x1b, 0xf, 0x5f,
    0x7, 0xca, 0x4, 0x1b, 0xd, 0x87, 0xbe, 0xe,
    0x7f, 0x7, 0x0,

    /* U+6267 "执" */
    0x9, 0xc3, 0xac, 0x3f, 0xec, 0x3f, 0xfd, 0xb4,
    0x4e, 0x68, 0x95, 0x90, 0xca, 0x9, 0x14, 0x5,
    0xd8, 0x6f, 0x27, 0x9f, 0x3, 0xe0, 0xff, 0xea,
    0xa1, 0xff, 0xc4, 0xba, 0x62, 0x1f, 0xcc, 0x89,
    0xc0, 0x43, 0xfa, 0x41, 0x6a, 0x81, 0xa1, 0xf5,
    0xa2, 0x16, 0x25, 0x87, 0x90, 0xf9, 0x2c, 0x83,
    0xff, 0x83, 0x8, 0x34, 0x3f, 0xf8, 0x29, 0x7,
    0xd8, 0x7e, 0xc8, 0x3c, 0xa0, 0xad, 0x6, 0x28,
    0x39, 0x20, 0xb0, 0x42, 0xa0, 0xf4, 0x8, 0xf,
    0x92, 0x81, 0xfb, 0xc8,

    /* U+628A "把" */
    0xa, 0xc3, 0xff, 0x97, 0x7f, 0xf0, 0x7f, 0x90,
    0xff, 0xe4, 0xf9, 0x3c, 0x1d, 0xe4, 0xf0, 0x7f,
    0xf5, 0xbc, 0x9e, 0xf, 0xff, 0x75, 0xa0, 0xf2,
    0x78, 0x3a, 0xd1, 0xc, 0xbe, 0xe, 0x42, 0xf2,
    0xa, 0xf0, 0x77, 0x90, 0xff, 0xe0, 0x78, 0x3f,
    0xf8, 0xe8, 0x7f, 0xf1, 0xec, 0x3f, 0xfa, 0x29,
    0xff, 0x8, 0x19, 0xd, 0x21, 0xf3, 0x4, 0x90,
    0x6b, 0xfe, 0x80,

    /* U+62A4 "护" */
    0x9, 0xd0, 0xf3, 0x7, 0xff, 0x17, 0x60, 0xff,
    0xe2, 0x42, 0x1f, 0xfc, 0x15, 0xe1, 0x71, 0xe8,
    0xb8, 0xac, 0x95, 0x61, 0xff, 0x7f, 0x41, 0x7a,
    0x2e, 0xf, 0xc8, 0x7f, 0xf8, 0x6e, 0xb, 0xfc,
    0x13, 0x40, 0xf9, 0x7c, 0x14, 0x81, 0xe0, 0xab,
    0xce, 0x7a, 0x30, 0x22, 0x1e, 0x90, 0xfd, 0x98,
    0x7f, 0xf1, 0x11, 0xf, 0xfe, 0x1c, 0x21, 0xfe,
    0x78, 0xa, 0x20, 0xff, 0x20, 0x5d, 0x7, 0xff,
    0x3, 0xd0, 0x24, 0x3f, 0xc0,

    /* U+62DF "拟" */
    0xa, 0x81, 0xff, 0x21, 0xe5, 0x5, 0xe0, 0xf5,
    0x3, 0xff, 0x80, 0xe1, 0xff, 0xc8, 0x40, 0x87,
    0x78, 0x1c, 0x12, 0x41, 0xff, 0xc6, 0x84, 0x2c,
    0x2f, 0x3, 0x83, 0x24, 0x1f, 0xfc, 0x64, 0x18,
    0x87, 0xff, 0xb, 0x84, 0x3f, 0xa8, 0x1c, 0xa0,
    0xfa, 0xc0, 0x87, 0xff, 0xd, 0xb, 0x83, 0x91,
    0xf, 0x58, 0x7e, 0xe6, 0x4, 0x12, 0x1f, 0xb1,
    0x41, 0x21, 0xff, 0xc1, 0xa8, 0x91, 0xf, 0xd0,
    0x34, 0x46, 0x20, 0xff, 0x60, 0xc8, 0x3d, 0x40,
    0xd6, 0xc, 0x50, 0x11, 0x2, 0x41, 0xed, 0x82,
    0xb4,

    /* U+62E5 "拥" */
    0xa, 0xc3, 0xff, 0x95, 0x5f, 0xe4, 0x3f, 0x2f,
    0xfb, 0xf, 0xe7, 0xc9, 0xf0, 0x5e, 0x4f, 0x21,
    0xff, 0xd3, 0xf2, 0x79, 0x1f, 0x27, 0xc1, 0xff,
    0xc0, 0x50, 0x16, 0xf, 0xf9, 0xa2, 0x54, 0x1c,
    0x9e, 0x43, 0xff, 0x81, 0xe0, 0x30, 0x1a, 0x25,
    0x41, 0x90, 0x48, 0x4a, 0x2, 0xc1, 0x72, 0x1d,
    0x79, 0x3e, 0xf, 0xec, 0x43, 0xff, 0x88, 0x87,
    0xff, 0x9, 0x2, 0x21, 0xff, 0x58, 0x51, 0x7,
    0x34, 0xb, 0x4, 0x28, 0x3c, 0xb1, 0xf, 0x92,
    0x81, 0xac, 0xf8,

    /* U+6307 "指" */
    0x9, 0xd0, 0xb8, 0x3f, 0xf8, 0xc8, 0x6a, 0x7,
    0xff, 0x5, 0xbc, 0xb0, 0x7f, 0xf0, 0x24, 0x7c,
    0x83, 0xd1, 0x70, 0x5f, 0x40, 0x91, 0x41, 0x38,
    0x7f, 0x31, 0x51, 0x44, 0x2a, 0xf0, 0x87, 0xf4,
    0x2f, 0x88, 0x3f, 0x9f, 0xfc, 0x1e, 0xbc, 0x1f,
    0xfc, 0x6, 0x81, 0x27, 0xff, 0x2, 0x40, 0xf0,
    0x55, 0xc1, 0xae, 0x30, 0xcb, 0xe0, 0xc8, 0x7e,
    0x7f, 0x83, 0xff, 0x85, 0x5c, 0x1f, 0xfc, 0x15,
    0xf0, 0x7f, 0xf0, 0x5f, 0xe0, 0xcd, 0x3, 0xe5,
    0xe0, 0xe4, 0x50, 0x66, 0xb9, 0x9, 0xf4, 0x1b,
    0x83, 0xac,

    /* U+6309 "按" */
    0xc, 0x87, 0xca, 0xf, 0xea, 0x7, 0xd4, 0xf,
    0xfe, 0x42, 0x1f, 0xfc, 0x7, 0xf0, 0x2f, 0xc0,
    0xf2, 0x7c, 0x3f, 0xf0, 0x7f, 0xb3, 0x2c, 0x3f,
    0x79, 0x3c, 0xa0, 0x21, 0xca, 0xf, 0xe9, 0x42,
    0x1a, 0x81, 0xfb, 0xe8, 0x7f, 0xc1, 0xe5, 0xe0,
    0x2c, 0x5, 0x7, 0xa9, 0xc0, 0x6a, 0x5, 0x1,
    0xe4, 0x12, 0x24, 0x4, 0x43, 0xf6, 0x88, 0x76,
    0x61, 0xbc, 0x86, 0x41, 0xca, 0x10, 0xff, 0xe0,
    0x70, 0xc4, 0x1f, 0xfc, 0x26, 0xa, 0xf, 0xfe,
    0xb, 0x41, 0x7, 0x5, 0x44, 0x2b, 0x93, 0xb8,
    0x70, 0x68, 0x83, 0x1f, 0x4, 0xe4, 0x7, 0xd0,
    0x1e, 0xf, 0xb4,

    /* U+6362 "换" */
    0xa, 0x81, 0xcc, 0x1f, 0xf2, 0x83, 0xa4, 0x3f,
    0xf8, 0xb0, 0x3f, 0x83, 0xfe, 0x91, 0x60, 0x21,
    0xbc, 0xe, 0x89, 0xd4, 0x8, 0x32, 0x80, 0x88,
    0x3f, 0x3, 0x82, 0xa0, 0x29, 0x81, 0x40, 0x50,
    0x87, 0xff, 0x2, 0x80, 0xa0, 0x7f, 0xf4, 0x7c,
    0x1f, 0xfc, 0x2b, 0x9, 0xf, 0x21, 0xf2, 0x17,
    0xc0, 0xf0, 0xf8, 0x18, 0x3c, 0x12, 0xf0, 0x4b,
    0xc1, 0xfa, 0xac, 0x35, 0x60, 0xff, 0x31, 0xcc,
    0x1f, 0xfc, 0xa, 0x18, 0xb6, 0x85, 0x61, 0x5a,
    0xb0, 0xa8, 0x58, 0x30, 0x41, 0x50, 0x39, 0xd4,
    0x7, 0xc9, 0x68, 0x7e, 0xa0,

    /* U+636E "据" */
    0xa, 0x81, 0xff, 0xc6, 0x50, 0x5f, 0xfe, 0x83,
    0xfe, 0x5f, 0x83, 0xff, 0x81, 0x5f, 0x83, 0x78,
    0x1e, 0x43, 0xff, 0x93, 0x7f, 0xc1, 0xbc, 0xf,
    0x22, 0xe0, 0x2d, 0x87, 0xfb, 0xa8, 0x15, 0x21,
    0xf9, 0x3a, 0x81, 0x58, 0x3d, 0xe0, 0x2e, 0x2,
    0xe0, 0x58, 0x48, 0x2f, 0x81, 0xf8, 0x8, 0x5c,
    0x4, 0x3f, 0xeb, 0xd, 0x8d, 0x40, 0xa9, 0x2,
    0x1c, 0x9a, 0xc0, 0x5b, 0xf, 0xe4, 0x1f, 0xe0,
    0xfe, 0x4c, 0x3f, 0xf8, 0x14, 0xa, 0x10, 0x57,
    0x83, 0x92, 0x4, 0x12, 0xf8, 0x35, 0xe4, 0xd2,
    0xff, 0xd0,

    /* U+63A5 "接" */
    0xa, 0x81, 0xf4, 0x87, 0xf2, 0x83, 0xe6, 0xf,
    0xfe, 0x17, 0xe0, 0x7e, 0x83, 0xf9, 0x42, 0xe1,
    0x41, 0x78, 0x1c, 0x59, 0x58, 0x68, 0x1f, 0xe4,
    0x80, 0x90, 0x6f, 0x3, 0x82, 0x42, 0x84, 0x3f,
    0xdf, 0x2b, 0xc0, 0xf8, 0x3f, 0x4b, 0x85, 0xf0,
    0x7a, 0x8d, 0x49, 0x5e, 0x5, 0x81, 0x2b, 0x2,
    0xbc, 0x88, 0x5c, 0xb8, 0xb, 0xe0, 0x78, 0x37,
    0x92, 0xf8, 0x1e, 0x43, 0xf2, 0x83, 0x44, 0x1f,
    0xf2, 0x8b, 0xcb, 0x7, 0xff, 0x2, 0xd0, 0x98,
    0x35, 0x3, 0x5f, 0x2b, 0x87, 0x41, 0xa4, 0x4,
    0x6e, 0x1e, 0xc, 0xf9, 0x7, 0xa4, 0x39, 0xd0,

    /* U+642C "搬" */
    0xf, 0xfe, 0x53, 0xa1, 0x58, 0x7f, 0xf2, 0xff,
    0x41, 0xf9, 0x61, 0x41, 0x21, 0xfe, 0xe0, 0x50,
    0xc, 0x1d, 0x42, 0x80, 0xf2, 0x16, 0x1e, 0x43,
    0xd2, 0x1f, 0xf7, 0x14, 0x7, 0x2, 0x10, 0x30,
    0x7f, 0x28, 0x28, 0x12, 0x1f, 0x91, 0xd3, 0x14,
    0x70, 0x7a, 0x5, 0x1, 0xd7, 0x21, 0x64, 0x27,
    0x93, 0x3c, 0x88, 0xe8, 0xc0, 0x90, 0x24, 0x28,
    0xb, 0x18, 0xae, 0x9, 0x63, 0xa, 0xc3, 0x90,
    0xd1, 0x8, 0x7f, 0xd8, 0x7a, 0xf, 0xc9, 0x87,
    0x40, 0x90, 0x9c, 0x71, 0x52, 0x4a, 0xca, 0x3,
    0x50, 0x10, 0x24, 0xa8, 0xc3, 0x5c, 0x50, 0x7c,
    0xf0, 0x5c, 0x0,

    /* U+64CD "操" */
    0xa, 0x81, 0xff, 0xc6, 0x50, 0x6f, 0xfa, 0xf,
    0xfe, 0x15, 0x60, 0xff, 0xe1, 0xaf, 0x7, 0xbc,
    0xe, 0x9, 0xfc, 0x1e, 0x50, 0x1c, 0x15, 0xf8,
    0x35, 0x1, 0x37, 0x51, 0xd3, 0xd0, 0x7f, 0xa8,
    0x1a, 0x81, 0xff, 0x2c, 0x19, 0x41, 0xfb, 0x85,
    0x83, 0x28, 0x33, 0x5, 0x82, 0x81, 0xa8, 0x1a,
    0x41, 0xb7, 0xe8, 0xfd, 0x3, 0xc1, 0xbf, 0x87,
    0xf8, 0x3f, 0x2e, 0xc, 0xb8, 0x3f, 0x53, 0x43,
    0x35, 0x7, 0xe7, 0x9c, 0x73, 0x82, 0x61, 0x38,
    0xa0, 0x6d, 0x58, 0x49, 0x94, 0xd0, 0xf5, 0xe0,
    0x3e, 0x45, 0x7, 0xff, 0x0,

    /* U+653E "放" */
    0xc, 0xc1, 0xe9, 0xf, 0xf6, 0x87, 0x2b, 0xf,
    0xf6, 0x41, 0xb0, 0xfe, 0xab, 0x5, 0x11, 0x30,
    0xf9, 0x70, 0xb6, 0x15, 0xfc, 0xf, 0x3, 0xf4,
    0x81, 0x60, 0x21, 0xff, 0x43, 0x4c, 0x60, 0xf5,
    0x64, 0x8, 0x6c, 0x3e, 0x5d, 0x4, 0x98, 0x87,
    0xde, 0x2, 0xb3, 0x10, 0xff, 0xe0, 0xd0, 0xa,
    0x20, 0xf9, 0xf, 0xa2, 0x10, 0xff, 0xe1, 0xa0,
    0x43, 0xd1, 0x87, 0xc8, 0x7f, 0x22, 0x12, 0x14,
    0x6, 0xc, 0x88, 0x79, 0xcb, 0x18, 0x28, 0x9b,
    0x7, 0x12, 0x63, 0x81, 0x80, 0x8c, 0xad, 0xb,
    0x50, 0x24, 0x7d, 0x14, 0xf, 0x50,

    /* U+6548 "效" */
    0xe, 0x43, 0xe4, 0x3f, 0xd4, 0x43, 0xa8, 0x1f,
    0xe8, 0xc3, 0x90, 0xfd, 0x7c, 0x3f, 0x7, 0xfc,
    0x87, 0xe4, 0x2f, 0xe0, 0x79, 0xbc, 0xf9, 0x85,
    0x80, 0x84, 0xa0, 0x9c, 0x9, 0x50, 0xc1, 0x42,
    0x8, 0x90, 0xc9, 0x85, 0x10, 0x10, 0x30, 0x7f,
    0x95, 0xa5, 0x38, 0x24, 0xc4, 0x2a, 0x34, 0x11,
    0x59, 0xa, 0xc, 0x98, 0x98, 0x22, 0x23, 0xf,
    0xa0, 0x21, 0x91, 0x10, 0xfa, 0x6, 0x1c, 0x88,
    0x7d, 0xa, 0x20, 0x94, 0x21, 0xe5, 0x14, 0x10,
    0x30, 0x98, 0x6a, 0x18, 0x38, 0xa1, 0xc9, 0xa1,
    0xb0, 0xce, 0x98, 0x24, 0x81, 0x61, 0xea, 0x61,
    0xa9, 0x80,

    /* U+6570 "数" */
    0xe, 0xe0, 0xe5, 0x7, 0xee, 0xd, 0xe0, 0x50,
    0x3f, 0x28, 0x24, 0x82, 0x43, 0xf6, 0x86, 0x50,
    0x87, 0xf7, 0x38, 0xcf, 0x1, 0xfe, 0x5, 0x41,
    0xaa, 0xc0, 0xa0, 0x20, 0x54, 0x1a, 0x2, 0x54,
    0x50, 0xe, 0x43, 0x94, 0x6, 0x21, 0xd1, 0x21,
    0x79, 0x2, 0x62, 0x17, 0x99, 0x83, 0x50, 0x8,
    0x73, 0x45, 0x54, 0xea, 0x21, 0xd, 0xa8, 0xb,
    0x61, 0x92, 0xd, 0x60, 0xf4, 0x61, 0x21, 0xfa,
    0x10, 0x42, 0x1f, 0xfc, 0x9, 0x5e, 0x30, 0xa4,
    0x10, 0x7a, 0x42, 0x41, 0x26, 0x30, 0x67, 0x54,
    0x66, 0x99, 0x8c, 0xe, 0x28, 0xf4, 0x1c, 0x2c,
    0x41, 0xf2, 0x1a, 0xa0, 0xef, 0x0,

    /* U+6574 "整" */
    0xe, 0x90, 0xe5, 0x7, 0xcb, 0xd2, 0xc0, 0xa0,
    0x7d, 0xd4, 0xa, 0x83, 0x2f, 0x2, 0xf8, 0x7e,
    0x30, 0x57, 0x1, 0xf8, 0x7e, 0x81, 0x70, 0xe1,
    0xbc, 0x3a, 0x20, 0x88, 0x83, 0xbc, 0x3a, 0x7c,
    0x64, 0x19, 0xe0, 0xd6, 0x12, 0x4, 0x39, 0x80,
    0xa9, 0x1d, 0x6, 0x85, 0xce, 0xa, 0x3c, 0x5c,
    0x58, 0x2a, 0x2c, 0x49, 0xd1, 0xd8, 0xf, 0xd4,
    0xfa, 0x7f, 0x84, 0x2e, 0xbc, 0xa, 0xf6, 0x19,
    0x5e, 0x58, 0x3e, 0x50, 0x79, 0x41, 0xd5, 0xc8,
    0x7f, 0xf0, 0xbf, 0x90, 0xd5, 0x2, 0xa0, 0x57,
    0xe0, 0x2c, 0x5, 0x80, 0xbf, 0x80,

    /* U+6587 "文" */
    0xf, 0xe5, 0x7, 0xff, 0x15, 0xa0, 0x7f, 0xf1,
    0x50, 0x21, 0xff, 0xc5, 0x43, 0xfe, 0xff, 0xc9,
    0x7f, 0xc0, 0x58, 0xb, 0xf8, 0xb, 0x2, 0xb0,
    0x2b, 0xc0, 0x6a, 0xe, 0x44, 0x3c, 0x90, 0x7f,
    0x24, 0x1a, 0x10, 0xff, 0x42, 0x19, 0x20, 0xff,
    0xa3, 0x6, 0x41, 0xff, 0xc0, 0x51, 0xc2, 0x83,
    0xff, 0x83, 0x1, 0x20, 0xff, 0xea, 0xb8, 0x6e,
    0xf, 0xf3, 0xc3, 0xe8, 0x74, 0x39, 0xb8, 0x1c,
    0x7, 0x5, 0xc8, 0x24, 0x6c, 0x3d, 0xc8, 0xc0,
    0x9e, 0x43, 0xf3, 0x76, 0x0,

    /* U+65E0 "无" */
    0x3, 0x5f, 0xfc, 0x30, 0xda, 0xff, 0xf0, 0xc3,
    0x5f, 0xd0, 0xff, 0xc1, 0xff, 0xd4, 0xc3, 0xff,
    0x8b, 0x87, 0xff, 0x2, 0xff, 0x25, 0xff, 0x80,
    0x87, 0xff, 0x1f, 0xfe, 0xd, 0xff, 0x7, 0xe4,
    0x43, 0xff, 0x8b, 0x10, 0x7f, 0xf1, 0x11, 0xf,
    0xfe, 0x2c, 0x41, 0xf9, 0x41, 0xce, 0x41, 0xfd,
    0xc1, 0x98, 0x50, 0x7f, 0x21, 0x3c, 0x50, 0x24,
    0xfe, 0x10, 0x60, 0xd0, 0xd0, 0x7d, 0x2, 0x98,
    0x7d, 0xff, 0x0,

    /* U+65F6 "时" */
    0xf, 0xfe, 0x15, 0x3, 0xff, 0x88, 0xa0, 0x5f,
    0xe0, 0xff, 0xe0, 0xb4, 0xf, 0xfe, 0x1c, 0xa0,
    0x3f, 0xe0, 0x78, 0x3f, 0xf9, 0xaf, 0xf8, 0x1e,
    0x5, 0x41, 0x90, 0xff, 0x2c, 0x15, 0x10, 0xfe,
    0xf8, 0x28, 0x83, 0xff, 0x89, 0x18, 0x7f, 0xf0,
    0xd4, 0x21, 0xff, 0xc3, 0x94, 0x1f, 0x74, 0xf,
    0x41, 0xfc, 0xa0, 0xff, 0xe1, 0xff, 0x7, 0xfd,
    0xc1, 0xfb, 0xf0, 0x81, 0x41, 0xf9, 0x9, 0x83,
    0xff, 0x81, 0x7d, 0x4,

    /* U+6620 "映" */
    0xf, 0xf9, 0x83, 0xcb, 0xe0, 0xed, 0xf, 0x75,
    0xc1, 0xff, 0xc3, 0xa0, 0x4d, 0x49, 0x58, 0x32,
    0x82, 0xd6, 0x2, 0xe0, 0xff, 0xbc, 0x9e, 0x43,
    0xff, 0x99, 0x40, 0xff, 0xe2, 0xa8, 0x3f, 0xf8,
    0xbe, 0xf, 0x90, 0xff, 0xe0, 0xc9, 0xe0, 0x79,
    0x30, 0xfb, 0x5c, 0x12, 0xe0, 0xf9, 0xab, 0xa,
    0xb0, 0x5e, 0xf, 0x44, 0x21, 0xe5, 0xc1, 0x42,
    0x88, 0x3d, 0x58, 0x12, 0x44, 0x61, 0x70, 0x67,
    0x56, 0x5, 0x1a, 0x28, 0x26, 0x28, 0x1a, 0x48,
    0x3c, 0xda, 0x1e, 0xa6, 0x0,

    /* U+662F "是" */
    0xf, 0xfe, 0x5d, 0xff, 0xfc, 0x8, 0x3f, 0x57,
    0xf8, 0x3f, 0xfa, 0x55, 0xfe, 0xf, 0xf7, 0xff,
    0x83, 0xfd, 0xff, 0xe0, 0xfd, 0xd7, 0xff, 0x3,
    0xf, 0x2f, 0xff, 0x8, 0x35, 0xff, 0xfc, 0x50,
    0x6b, 0xf0, 0x17, 0xf0, 0x1a, 0x6f, 0x44, 0xaf,
    0xc1, 0xd0, 0x86, 0xaf, 0x21, 0xff, 0xc1, 0x5f,
    0x7, 0xa0, 0x61, 0xbf, 0xc8, 0x65, 0x11, 0xa1,
    0xff, 0xc0, 0x63, 0x62, 0x4f, 0x57, 0x81, 0x90,
    0x1e, 0x42, 0x5f, 0x2, 0xd0, 0xcd, 0xff, 0xc0,

    /* U+66F4 "更" */
    0x6b, 0xff, 0x8a, 0x5, 0xff, 0xe2, 0x8f, 0xfc,
    0x97, 0xfc, 0x13, 0x5c, 0x9d, 0x72, 0x1b, 0x5e,
    0x2, 0xfb, 0xf, 0x7e, 0x4b, 0xf0, 0x7e, 0x5e,
    0x35, 0xa0, 0xfd, 0x58, 0xd, 0x48, 0x7e, 0xfc,
    0x97, 0xe0, 0xfd, 0x2e, 0x35, 0xa0, 0xfc, 0xd4,
    0x6, 0xa4, 0x3d, 0x27, 0xc0, 0xff, 0x41, 0xd9,
    0x90, 0x87, 0xff, 0x1, 0x8d, 0x20, 0xff, 0xe0,
    0xe1, 0xa4, 0x3f, 0x37, 0x92, 0x83, 0x7f, 0xcb,
    0xd, 0xab, 0xd2, 0x83, 0x93, 0xd2, 0x1c, 0xd3,
    0xf8,

    /* U+6700 "最" */
    0x9, 0x7f, 0xf8, 0x1, 0xe6, 0xbf, 0xf8, 0x21,
    0xf5, 0xff, 0xa0, 0xfe, 0xbf, 0xf4, 0x1f, 0xd7,
    0xfe, 0x83, 0xfb, 0x5f, 0xd8, 0x7f, 0x35, 0xf9,
    0xf, 0x9f, 0xff, 0xe0, 0x41, 0x7f, 0xff, 0x18,
    0x90, 0x51, 0x1a, 0xfe, 0x18, 0x43, 0x61, 0xf9,
    0xc, 0xd1, 0x5, 0x7e, 0xe, 0x7d, 0x3, 0x7,
    0xc1, 0xf3, 0xe8, 0x28, 0x8c, 0x83, 0x9f, 0x41,
    0x2d, 0x8a, 0xf, 0x36, 0x49, 0x5, 0x5, 0xe1,
    0x94, 0x13, 0x85, 0xa0, 0x5a, 0x9c, 0x3c, 0x5a,
    0x59, 0x52, 0x82, 0xf3, 0xa5, 0xb0,

    /* U+6709 "有" */
    0xf, 0xc8, 0x7f, 0xf1, 0x68, 0x87, 0xff, 0x11,
    0x10, 0xff, 0x5f, 0xc0, 0xff, 0xf1, 0xae, 0x2,
    0xff, 0xc3, 0x56, 0x35, 0xff, 0x7, 0x40, 0xaf,
    0xc8, 0x7a, 0x2, 0xff, 0x61, 0xca, 0x7, 0xfe,
    0xf, 0x50, 0x3f, 0xf8, 0x92, 0x60, 0xff, 0xc1,
    0xf6, 0x12, 0xfe, 0xe, 0xb0, 0xd5, 0xf8, 0x3f,
    0xef, 0xfc, 0x1f, 0xf2, 0xfe, 0xf, 0xfa, 0xbf,
    0x7, 0xff, 0x5f, 0xe0, 0xff, 0xe3, 0xb0, 0x0,

    /* U+670D "服" */
    0xf, 0xfe, 0x57, 0xf8, 0xbf, 0xf0, 0x79, 0x41,
    0xe5, 0xc1, 0xfa, 0x88, 0x6e, 0xb2, 0x1f, 0xfc,
    0xfa, 0x21, 0xe7, 0xc8, 0x7c, 0xa0, 0xf9, 0xab,
    0xf, 0x79, 0xc, 0xb0, 0x48, 0x7f, 0xf0, 0x6b,
    0xf0, 0x64, 0x3e, 0x46, 0x89, 0x86, 0x7c, 0x86,
    0xcd, 0x40, 0x43, 0xff, 0x80, 0x90, 0x14, 0x1c,
    0xf9, 0xe, 0x86, 0x30, 0xec, 0x3f, 0x24, 0x88,
    0x48, 0x7f, 0xd0, 0x20, 0xf2, 0x1f, 0xfc, 0xc,
    0x34, 0x1f, 0xea, 0x1, 0x83, 0x25, 0xa1, 0xa4,
    0xf0, 0xe0, 0x70, 0xd0, 0x5b, 0x83, 0x60, 0x49,
    0x79, 0x2d, 0x83, 0x48,

    /* U+672A "未" */
    0xf, 0xe5, 0x7, 0xff, 0x1a, 0x81, 0xff, 0xd4,
    0xff, 0x3, 0xfc, 0x87, 0xff, 0x1f, 0xe, 0xff,
    0x3, 0xfd, 0x7, 0xff, 0x7d, 0xff, 0x81, 0xff,
    0x40, 0xc3, 0xff, 0x88, 0x82, 0xfe, 0x83, 0x5f,
    0xe0, 0xfd, 0x6, 0x83, 0xff, 0x83, 0x90, 0x23,
    0xf, 0xfb, 0x24, 0xc, 0x68, 0x7c, 0xe2, 0x83,
    0x31, 0x21, 0xd4, 0x18, 0x3c, 0xc5, 0x85, 0xa5,
    0x3, 0xf3, 0x3, 0x6, 0xe8, 0x7f, 0x9d, 0x82,
    0x83, 0xff, 0x85, 0x20,

    /* U+673A "机" */
    0xc, 0xa0, 0xff, 0xe3, 0x50, 0x35, 0x7c, 0x1f,
    0xfc, 0x15, 0xf0, 0x7f, 0xf0, 0xdf, 0x83, 0xd5,
    0x2, 0xa0, 0xff, 0xe0, 0x2c, 0x5, 0x83, 0xff,
    0x81, 0xf0, 0x3e, 0xf, 0xfe, 0x14, 0x1f, 0xfc,
    0x74, 0x18, 0x7f, 0xf0, 0xd0, 0xd8, 0x7f, 0xf0,
    0xa0, 0xa2, 0x43, 0xfe, 0x48, 0xa, 0xc1, 0x87,
    0xf4, 0x21, 0x4e, 0x1f, 0xfc, 0x8, 0x3c, 0x88,
    0x7b, 0x49, 0xe, 0x43, 0xfd, 0x88, 0x7a, 0x20,
    0xe4, 0x18, 0x7d, 0x1, 0xf, 0x41, 0xff, 0x41,
    0xd0, 0x88, 0x7d, 0x28, 0x39, 0xf8,

    /* U+675F "束" */
    0xf, 0xca, 0xf, 0xfe, 0x2d, 0x3, 0xfd, 0xff,
    0x3, 0xfe, 0x83, 0xff, 0x93, 0xff, 0x3, 0xfe,
    0x83, 0xff, 0x95, 0xfe, 0x7, 0xf9, 0xf, 0x2e,
    0x2, 0xe0, 0xfe, 0xac, 0xa, 0xe0, 0xff, 0xe7,
    0xd6, 0x5, 0x70, 0x7e, 0x5c, 0x5, 0xc1, 0xf7,
    0xe8, 0x33, 0xf9, 0xf, 0x98, 0x25, 0x61, 0xfe,
    0xa1, 0x82, 0x4d, 0xf, 0x3a, 0x61, 0xa8, 0x50,
    0x27, 0x87, 0xf, 0x30, 0xf0, 0x6a, 0x7, 0xe7,
    0x44, 0x7c, 0x87, 0xfd, 0x78,

    /* U+677E "松" */
    0xc, 0xa0, 0xff, 0xe3, 0x58, 0x66, 0x4b, 0xf,
    0xfe, 0x16, 0x83, 0x10, 0xff, 0xe0, 0xa2, 0x24,
    0x1a, 0xa1, 0xa0, 0x48, 0x7f, 0x2c, 0x5, 0x11,
    0x85, 0x10, 0x5e, 0x81, 0xe1, 0x10, 0x91, 0x41,
    0xb0, 0xd8, 0x9e, 0x4, 0x41, 0x90, 0x61, 0x41,
    0xc8, 0x84, 0x86, 0xbc, 0x22, 0x17, 0x5, 0x81,
    0x60, 0xa2, 0xf, 0xca, 0x4, 0x21, 0xff, 0xc0,
    0x88, 0x29, 0x22, 0x7, 0x6, 0x50, 0x64, 0x8,
    0x84, 0x86, 0x60, 0xf2, 0x21, 0x44, 0x14, 0x1f,
    0x44, 0x28, 0x8, 0x7f, 0xa0, 0x7a, 0xa0, 0x21,
    0xff, 0xc1, 0x55, 0x44, 0x1f, 0xd4, 0xf5, 0x16,
    0xb0,

    /* U+6790 "析" */
    0xc, 0xa0, 0xff, 0xe3, 0x58, 0x7e, 0xbc, 0x1f,
    0xfc, 0x1b, 0xe4, 0x50, 0x7f, 0xd2, 0x37, 0xa4,
    0x25, 0x85, 0xc0, 0xe4, 0x3e, 0xa8, 0x14, 0xc3,
    0xff, 0x81, 0xe4, 0x1e, 0x83, 0xff, 0x95, 0xff,
    0x83, 0x20, 0xc3, 0x94, 0x5, 0x82, 0x43, 0x41,
    0x74, 0x4a, 0x82, 0x80, 0xb0, 0x7f, 0xf0, 0xe0,
    0x41, 0xff, 0xc2, 0xc4, 0x2c, 0x43, 0xfc, 0x90,
    0x7f, 0xf1, 0x51, 0xf, 0x90, 0xff, 0x61, 0xe4,
    0xc3, 0xff, 0x8b, 0x8, 0x7f, 0xf1, 0x90, 0xff,
    0xe3, 0x38, 0x7f, 0x80,

    /* U+679C "果" */
    0xa, 0xff, 0xfe, 0x8, 0x7e, 0x5c, 0x5, 0xc1,
    0xfe, 0xea, 0x5, 0x60, 0xff, 0x75, 0x2, 0xb0,
    0x7f, 0x97, 0x1, 0x70, 0x7f, 0xaf, 0x81, 0xf8,
    0x3f, 0xdd, 0x40, 0xac, 0x1f, 0xe5, 0xc0, 0x5c,
    0x1f, 0xaf, 0xe0, 0x7f, 0x83, 0xff, 0x99, 0x7f,
    0xc0, 0xff, 0xc0, 0xd7, 0x83, 0xcb, 0xe0, 0x35,
    0xb0, 0xfa, 0xb8, 0x3d, 0x43, 0x6, 0xac, 0x3f,
    0x3a, 0x61, 0xa8, 0x72, 0x13, 0xc3, 0x87, 0x98,
    0x6c, 0x18, 0x38, 0x3f, 0x3c, 0x1a, 0xf0, 0x7f,
    0xf0, 0x1f, 0x0,

    /* U+6807 "标" */
    0xc, 0xa0, 0xff, 0xe3, 0x50, 0x26, 0xbf, 0x7,
    0xfd, 0xaf, 0xe0, 0xff, 0xaf, 0xfc, 0x17, 0xc0,
    0xf0, 0x7f, 0xf5, 0x7c, 0x83, 0xcd, 0x7f, 0x83,
    0x20, 0x8d, 0x7f, 0xc1, 0x21, 0x2a, 0xfa, 0x2f,
    0xc1, 0x41, 0x30, 0x7f, 0xf0, 0x52, 0x4, 0x96,
    0x19, 0xd0, 0xa1, 0xa, 0x10, 0xe4, 0xc0, 0x90,
    0x7c, 0x87, 0x28, 0xb, 0x7, 0x44, 0x1d, 0x90,
    0x20, 0xe5, 0x83, 0xc8, 0x87, 0xfa, 0xf, 0x90,
    0xfe, 0x72, 0xe0, 0xd6, 0x1f, 0xf6, 0x5, 0x7,
    0xff, 0xd, 0xf4, 0x1e,

    /* U+6B21 "次" */
    0xf, 0xcf, 0x7, 0xfc, 0x87, 0x61, 0xff, 0xc0,
    0xa6, 0x19, 0x30, 0xff, 0x49, 0xa1, 0xab, 0xf0,
    0x6a, 0x18, 0x84, 0xbf, 0x83, 0x3c, 0x45, 0xfe,
    0x2, 0x1f, 0x20, 0x4f, 0x7, 0xff, 0x6, 0x20,
    0xf4, 0x41, 0xf9, 0x10, 0xf2, 0x21, 0xe5, 0x58,
    0x72, 0x78, 0x3e, 0xa0, 0x64, 0x18, 0x7f, 0x42,
    0x1b, 0x2, 0x1f, 0x94, 0x41, 0x91, 0x20, 0xfa,
    0x20, 0xd8, 0xc2, 0x1e, 0x85, 0x5, 0x2, 0x23,
    0xf, 0xa0, 0xa4, 0x80, 0xa3, 0x42, 0xb0, 0x3a,
    0x68, 0x52, 0x58, 0x7b, 0x1c, 0x3d, 0x42, 0xf,
    0x54, 0x1f, 0x9d, 0x0,

    /* U+6B63 "正" */
    0xf, 0xfe, 0x3f, 0xff, 0xf1, 0x11, 0x7e, 0x9,
    0x7e, 0x2b, 0xf0, 0xd7, 0x83, 0xff, 0xb6, 0xf0,
    0x7f, 0xf2, 0xdf, 0xe4, 0x3f, 0xfa, 0x2f, 0xf2,
    0x1f, 0xff, 0xf0, 0xff, 0xe2, 0x7a, 0x1f, 0xa1,
    0xff, 0x97, 0xff, 0x8c,

    /* U+6B65 "步" */
    0xf, 0xea, 0x7, 0xff, 0x1, 0xe, 0x50, 0x7f,
    0xd6, 0x1d, 0x7f, 0x7, 0xff, 0x52, 0xfe, 0xf,
    0xfe, 0x55, 0xe0, 0x7c, 0x97, 0xf9, 0x10, 0xff,
    0xe2, 0x67, 0xfe, 0x7, 0xfd, 0x7, 0x78, 0x3f,
    0x70, 0x7b, 0x20, 0xfa, 0x10, 0xec, 0x50, 0x79,
    0x46, 0x1b, 0x18, 0x3c, 0xc4, 0x1c, 0xa8, 0x3d,
    0x42, 0x43, 0xa8, 0x1d, 0x9, 0xa1, 0xfe, 0x6e,
    0x1c, 0x3f, 0x37, 0xa4, 0x78, 0x3f, 0x51, 0x3,
    0x70, 0x7f, 0xaa, 0xf4, 0x87, 0xfc,

    /* U+6B7B "死" */
    0x2b, 0xff, 0x8c, 0x12, 0xff, 0xf1, 0x41, 0x7a,
    0x7, 0xe8, 0xbf, 0x83, 0xb2, 0xf, 0xfe, 0x2a,
    0x21, 0xff, 0xc4, 0x41, 0xf9, 0xe, 0xb0, 0xe8,
    0x3f, 0xe9, 0xe, 0x8b, 0xe0, 0x20, 0xf2, 0x61,
    0x48, 0x87, 0xe4, 0xb0, 0xc9, 0x71, 0x10, 0x6d,
    0xe, 0xf2, 0xda, 0x21, 0x41, 0xfe, 0x90, 0x41,
    0xff, 0xc4, 0xc0, 0x87, 0xff, 0xd, 0x88, 0x3f,
    0xac, 0x35, 0x9, 0xf, 0xfe, 0xb, 0xa4, 0x87,
    0xaf, 0x90, 0xe7, 0x43, 0x94, 0x1d, 0x81, 0xe0,
    0xfd, 0x7f, 0x0,

    /* U+6BCF "每" */
    0xe, 0xe0, 0xff, 0xe2, 0x41, 0xff, 0xc6, 0x47,
    0xff, 0xe4, 0x28, 0xb, 0xff, 0xc1, 0x2, 0x8e,
    0xbf, 0xf8, 0x0, 0x61, 0xaf, 0xf8, 0x34, 0x4b,
    0xff, 0xc1, 0xb, 0x90, 0x78, 0x1f, 0x90, 0xf2,
    0x1d, 0x1a, 0x19, 0xf, 0x90, 0x39, 0x6, 0x40,
    0xfc, 0x3f, 0x81, 0xe4, 0xbc, 0xb0, 0x16, 0x17,
    0x80, 0xb1, 0x44, 0xec, 0x7a, 0x81, 0x50, 0x48,
    0x8e, 0xd0, 0x3f, 0xf8, 0x15, 0x80, 0xd0, 0x14,
    0xf, 0x2f, 0x1, 0x40, 0x50, 0x6f, 0xff, 0x87,
    0xc1, 0xff, 0xc0, 0x56, 0x61, 0xff, 0xc2, 0xa0,
    0xa0, 0xff, 0xe1, 0x7d, 0x6,

    /* U+6BD4 "比" */
    0x18, 0x3d, 0x40, 0xfd, 0xa1, 0xe5, 0x7, 0xff,
    0xbb, 0xc1, 0xff, 0xc2, 0x70, 0xf7, 0xf0, 0x66,
    0x1c, 0x3f, 0xf8, 0x1c, 0x50, 0x3a, 0xfc, 0x19,
    0xd0, 0xf2, 0x1f, 0x50, 0x3f, 0xf8, 0x88, 0x7f,
    0xf7, 0x34, 0x3f, 0xf8, 0x69, 0x87, 0x36, 0x1f,
    0xd8, 0x9e, 0x90, 0xfd, 0x81, 0xc, 0xd8, 0x9f,
    0x91, 0xa, 0xe4, 0x10, 0x7a, 0x1f, 0x21, 0xef,
    0xf2, 0x0,

    /* U+6C47 "汇" */
    0xf, 0xfe, 0x57, 0xa0, 0x7f, 0xfd, 0x5, 0xe,
    0x1f, 0xfc, 0x47, 0x43, 0x7f, 0xf4, 0x1d, 0x61,
    0xff, 0xd7, 0x60, 0xff, 0xe3, 0x6e, 0x87, 0xff,
    0x12, 0x84, 0x1f, 0xfc, 0x57, 0x83, 0xff, 0x8e,
    0x87, 0xff, 0x1e, 0x43, 0xff, 0x8c, 0xc1, 0xff,
    0xc5, 0x84, 0x3f, 0xf8, 0xa9, 0x7, 0xff, 0x12,
    0x20, 0xff, 0xe2, 0x28, 0x43, 0x7f, 0xf8, 0x34,
    0x1f, 0xfc, 0x57, 0x42, 0xff, 0xfe, 0x0,

    /* U+6CA1 "没" */
    0xf, 0xfe, 0x57, 0xa0, 0xdf, 0xf0, 0x7a, 0x1c,
    0x39, 0x60, 0xfc, 0xe8, 0x73, 0x50, 0x7f, 0xac,
    0x8, 0x7f, 0xf1, 0xf3, 0xf, 0xf5, 0x3, 0x48,
    0x84, 0x9f, 0x4, 0xf1, 0x26, 0x1a, 0x5c, 0xb,
    0x12, 0x70, 0xf5, 0x60, 0xde, 0x3, 0xff, 0xd0,
    0x7f, 0x20, 0x5e, 0x6, 0x1e, 0x62, 0x5, 0x70,
    0x10, 0xf4, 0x82, 0x30, 0xb2, 0xf, 0x22, 0x5,
    0x19, 0x8a, 0xf, 0x44, 0x14, 0x98, 0xc1, 0xe8,
    0x43, 0x28, 0x32, 0x1e, 0x48, 0x6e, 0x18, 0x6e,
    0x43, 0x40, 0x91, 0xe7, 0x80, 0xc1, 0x68, 0x29,
    0xc1, 0x9f, 0x58,

    /* U+6CD5 "法" */
    0xa, 0xf, 0xdc, 0x1f, 0xa7, 0x83, 0xe4, 0x3f,
    0x50, 0x60, 0xff, 0xe2, 0x3b, 0x15, 0x60, 0xac,
    0x1f, 0x40, 0x58, 0x25, 0xc1, 0xfe, 0xfc, 0xf,
    0xc1, 0x5c, 0x1f, 0xfc, 0x5c, 0x74, 0x3f, 0xf8,
    0x6f, 0x9, 0x5b, 0x5, 0x70, 0x67, 0x2, 0xe0,
    0x97, 0x83, 0xf7, 0xe0, 0x7f, 0x83, 0xda, 0x14,
    0x21, 0xff, 0x41, 0xc9, 0xe, 0x1f, 0x91, 0x4,
    0x41, 0xa0, 0xf6, 0x40, 0x50, 0x81, 0x70, 0x64,
    0x8, 0x21, 0xa7, 0x92, 0xd, 0x18, 0x10, 0x2c,
    0x5, 0x10, 0x4a, 0x9, 0x54, 0xfd, 0x41, 0xa,
    0x81, 0xa5, 0x7, 0xbc, 0x0,

    /* U+6D6E "浮" */
    0x9, 0xf, 0xf9, 0xa0, 0x5d, 0x81, 0xab, 0xf4,
    0xa0, 0xb4, 0xd9, 0x61, 0x55, 0x61, 0xa8, 0xae,
    0xf2, 0x4a, 0xb0, 0xe6, 0x28, 0x81, 0x2, 0x41,
    0xfa, 0x23, 0x12, 0x10, 0x5a, 0x19, 0x42, 0xc0,
    0x83, 0xac, 0xa, 0x28, 0x50, 0xc2, 0xb4, 0x2c,
    0x5f, 0x8, 0x75, 0x82, 0xfe, 0x81, 0x87, 0xff,
    0xa, 0x86, 0x1f, 0x30, 0x79, 0x30, 0xfd, 0x37,
    0xf0, 0x3f, 0x82, 0x47, 0x5e, 0x2, 0xf0, 0x51,
    0x35, 0xc3, 0x5c, 0x4, 0x43, 0xff, 0x89, 0x10,
    0x7f, 0xf0, 0xd1, 0xe, 0xa8, 0x3f, 0x34, 0xf,
    0x2d, 0x7, 0x0,

    /* U+6E05 "清" */
    0xf, 0xfa, 0xc3, 0xf7, 0x90, 0x2f, 0xb, 0xc1,
    0x45, 0x7c, 0xa, 0xe0, 0x9d, 0xa7, 0xe4, 0xfe,
    0xe, 0x81, 0xf9, 0x3f, 0x41, 0xfa, 0xb0, 0x2b,
    0x81, 0xe4, 0x8, 0x7b, 0x9, 0x44, 0x51, 0xae,
    0x3, 0x5c, 0x38, 0x1f, 0xff, 0xe0, 0x85, 0xc0,
    0xff, 0xf2, 0x1f, 0xea, 0xf2, 0x1f, 0x68, 0x7f,
    0xf1, 0x13, 0xa, 0xbc, 0x87, 0xa2, 0xb, 0xfd,
    0x7, 0xff, 0x3, 0xfd, 0x7, 0x44, 0x1a, 0xbc,
    0x87, 0x22, 0x19, 0x7d, 0x86, 0x44, 0x3f, 0xaa,
    0xc, 0xd0, 0x3f, 0xc8, 0xa0,

    /* U+6E90 "源" */
    0x2, 0x1f, 0xfc, 0x7b, 0x46, 0xbf, 0xf8, 0x1,
    0x45, 0x5, 0xff, 0x83, 0x3b, 0x2, 0xfc, 0x3f,
    0x41, 0xd0, 0x7d, 0x18, 0x7f, 0xf0, 0xaf, 0x25,
    0xf0, 0x5e, 0xb, 0xd, 0x5c, 0x1c, 0x9c, 0x1e,
    0x5f, 0x6, 0xa1, 0x87, 0xbf, 0x90, 0xe7, 0x42,
    0x41, 0xfc, 0x87, 0xff, 0x9, 0x7c, 0x1e, 0x61,
    0xd, 0x5c, 0x1f, 0x48, 0x6b, 0xe1, 0xf8, 0x3c,
    0x81, 0x1c, 0x33, 0xa1, 0xa3, 0x4c, 0x83, 0x92,
    0xc, 0x8e, 0x28, 0x43, 0x91, 0x4, 0x22, 0x8,
    0x83, 0xa2, 0x2, 0x50, 0x8a, 0x34, 0xd, 0x60,
    0xe2, 0x50, 0xbc, 0x40, 0x40,

    /* U+6EA2 "溢" */
    0xf, 0xd0, 0x7a, 0xe, 0x78, 0x25, 0x41, 0x95,
    0x86, 0x5b, 0x2, 0x28, 0x28, 0xc3, 0xa8, 0x20,
    0xc3, 0xd0, 0x7c, 0xe5, 0x4f, 0x53, 0xd1, 0xf,
    0x97, 0xff, 0x81, 0x83, 0xc0, 0x7e, 0xbf, 0x5f,
    0x40, 0x8d, 0x9, 0xb0, 0x54, 0x1c, 0xe4, 0x3c,
    0xe0, 0xa3, 0xc1, 0xde, 0x62, 0x81, 0x9d, 0x50,
    0x79, 0x6e, 0xbe, 0x18, 0x35, 0x9, 0x7f, 0xc1,
    0xe4, 0x35, 0x96, 0x58, 0x79, 0x30, 0xff, 0xe2,
    0xe2, 0x1f, 0xfc, 0x54, 0x3f, 0xf8, 0xc9, 0x1e,
    0x2c, 0xb2, 0xc7, 0x2, 0xc2, 0xff, 0xf0, 0x80,

    /* U+70B9 "点" */
    0xf, 0xea, 0x7, 0xff, 0x19, 0x41, 0xff, 0xc8,
    0xff, 0x83, 0xff, 0xab, 0xff, 0x7, 0xff, 0x36,
    0xfe, 0x7, 0xf4, 0x1f, 0xfc, 0x74, 0x3f, 0x7f,
    0xf8, 0x3f, 0xfc, 0xdf, 0xfe, 0xf, 0xe5, 0xff,
    0xe0, 0x87, 0xab, 0xff, 0x84, 0x1e, 0xf0, 0x24,
    0x1c, 0xf, 0x7, 0x22, 0x7, 0x9, 0x4, 0x61,
    0xa2, 0x9, 0x4, 0x42, 0x84, 0x19, 0x7, 0xc8,
    0x82, 0x20, 0x72, 0x15, 0x85, 0xe0, 0xbc, 0x0,

    /* U+7269 "物" */
    0xe, 0x43, 0xff, 0x8d, 0x40, 0xde, 0xf, 0xe7,
    0x43, 0xe4, 0x3f, 0xe4, 0x39, 0x2, 0xfc, 0xc,
    0xd3, 0x88, 0x6b, 0xe0, 0xfc, 0xa1, 0xc7, 0x10,
    0xca, 0xd3, 0xd1, 0x24, 0x98, 0x49, 0x86, 0x88,
    0x81, 0x88, 0x4c, 0x86, 0xa2, 0x88, 0x43, 0xc8,
    0x6b, 0x4, 0x28, 0x80, 0x81, 0xb4, 0x45, 0x11,
    0x88, 0x74, 0x85, 0xe6, 0x11, 0x41, 0xea, 0x68,
    0x51, 0x91, 0x9, 0x81, 0x41, 0xd6, 0x2c, 0x1f,
    0xfc, 0x24, 0x11, 0x3, 0x10, 0xff, 0xb2, 0x9,
    0xf, 0xfe, 0x6, 0x4d, 0xe1, 0xf, 0xfa, 0x89,
    0x81, 0x83, 0xfe, 0x50, 0x1f, 0x41, 0x0,

    /* U+7279 "特" */
    0xc, 0xa0, 0xf9, 0xf, 0xf5, 0x3, 0xcc, 0x87,
    0xda, 0x1d, 0x58, 0xac, 0x12, 0x21, 0xcb, 0x4,
    0xb8, 0x36, 0xa, 0x1f, 0x45, 0xf2, 0xc, 0x32,
    0x1f, 0xfc, 0x25, 0x60, 0xef, 0xd1, 0x7e, 0xf,
    0xfe, 0x5e, 0x1d, 0xff, 0x3, 0xc0, 0xd0, 0xc8,
    0x7f, 0xf1, 0xba, 0x7f, 0x81, 0xe0, 0x5e, 0xa,
    0xd7, 0xc0, 0x50, 0x10, 0xda, 0xb2, 0xb0, 0x28,
    0xb, 0xc1, 0xe6, 0xf, 0xe4, 0x3e, 0x5c, 0x1f,
    0xfc, 0x58, 0xc3, 0xff, 0x8d, 0xc1, 0xff, 0xc7,
    0xbc, 0x21, 0xff, 0xc3, 0xc2, 0x83, 0xef, 0x7,
    0x9f, 0x83, 0x0,

    /* U+72B6 "状" */
    0xe, 0x50, 0x72, 0x1f, 0xfc, 0xb, 0xe, 0xb1,
    0x83, 0xff, 0x8d, 0xa8, 0x26, 0xf, 0xfe, 0x4,
    0x41, 0x98, 0x3f, 0xf8, 0x18, 0x81, 0x70, 0x7f,
    0xf0, 0x34, 0x28, 0xc1, 0x7e, 0x7, 0xf2, 0x17,
    0x3, 0xf, 0xf9, 0xf, 0x9f, 0xa0, 0x7f, 0x7,
    0xff, 0xe, 0xf, 0xce, 0x1e, 0xc0, 0x87, 0xcc,
    0x1f, 0x22, 0x1f, 0x31, 0x7, 0x23, 0x10, 0x74,
    0x68, 0x74, 0x60, 0x43, 0xac, 0x3c, 0x81, 0x23,
    0xc, 0x87, 0xd1, 0x1, 0x4, 0x1f, 0xec, 0x50,
    0x58, 0xc1, 0xf3, 0x8c, 0x1d, 0xc, 0x1f, 0x4c,
    0x1e, 0x76, 0xe, 0xf3, 0x7, 0xf4, 0x0,

    /* U+72EC "独" */
    0xf, 0xfe, 0x5, 0x3, 0xeb, 0x4f, 0x7, 0x28,
    0x3e, 0x8a, 0x8, 0x7f, 0xf0, 0xf1, 0x20, 0xff,
    0xe3, 0x40, 0xfc, 0xf, 0xc1, 0x38, 0x30, 0xca,
    0x2, 0x83, 0xa2, 0x10, 0x9a, 0x2, 0x81, 0xde,
    0x50, 0x7f, 0xf2, 0x50, 0xff, 0xe2, 0x28, 0x3f,
    0xf8, 0xd0, 0x73, 0xe0, 0x78, 0x3d, 0x88, 0x4b,
    0x80, 0xb8, 0x2c, 0x70, 0xab, 0x2, 0xc8, 0x25,
    0x41, 0xff, 0x6a, 0xa, 0x81, 0xff, 0xc0, 0x88,
    0x3d, 0x87, 0xf2, 0x83, 0xf2, 0x34, 0xf8, 0x14,
    0x4, 0x7, 0xc2, 0x28, 0x39, 0x50, 0x87, 0x31,
    0x57, 0xea, 0x2c, 0x7, 0xd0, 0x16, 0xf, 0xa8,
    0x0,

    /* U+7406 "理" */
    0xf, 0xfe, 0x4d, 0x78, 0xff, 0xf0, 0x4b, 0xf0,
    0x14, 0x5, 0x7, 0x79, 0x3c, 0x82, 0x89, 0x44,
    0x3f, 0xfa, 0xbe, 0x4f, 0x21, 0xff, 0xc1, 0xa0,
    0x28, 0x1d, 0x69, 0xe0, 0x96, 0x16, 0xf, 0xfe,
    0xd, 0x12, 0x88, 0x6b, 0x4f, 0x4, 0xa0, 0x28,
    0x3f, 0xf8, 0x1f, 0x93, 0xf0, 0x7f, 0xf4, 0xab,
    0x27, 0x52, 0x1e, 0xb5, 0xe0, 0x96, 0x9, 0x91,
    0x7, 0xe4, 0xfc, 0x82, 0x47, 0xc8, 0x7f, 0xf0,
    0x6f, 0x43, 0x5c, 0x9d, 0x60, 0x21, 0xcb, 0xc1,
    0x2e, 0x0,

    /* U+751F "生" */
    0xe, 0x42, 0xb0, 0xff, 0xe0, 0x72, 0x4, 0x3f,
    0xf8, 0x68, 0x7f, 0xf0, 0xe1, 0xf, 0xfe, 0x22,
    0x3f, 0x3, 0xfe, 0x9, 0xf, 0xfe, 0x34, 0x7f,
    0x3, 0xfe, 0x4, 0x21, 0xff, 0xc4, 0x88, 0x3f,
    0xf8, 0xb8, 0x7f, 0xf1, 0xef, 0xe0, 0x7f, 0x83,
    0xb5, 0xe0, 0x2f, 0x83, 0x9a, 0xe0, 0x57, 0x83,
    0xff, 0xe1, 0x7f, 0xc0, 0xff, 0xc2, 0x1f, 0xfc,
    0x50,

    /* U+7528 "用" */
    0xa, 0xbf, 0xf8, 0x61, 0x2f, 0xff, 0xc, 0x3b,
    0xf0, 0x3f, 0x83, 0xff, 0xbf, 0xf8, 0x1f, 0xc1,
    0xff, 0xcd, 0xfc, 0xf, 0xe0, 0xff, 0xef, 0xfe,
    0x7, 0xf0, 0x64, 0xb, 0x80, 0xbc, 0x1b, 0x2b,
    0x81, 0x5c, 0x19, 0x10, 0xff, 0xe1, 0x21, 0xff,
    0xc5, 0x88, 0x3f, 0x35, 0x8, 0x88, 0x7e, 0x5c,
    0x45, 0x87, 0xbc, 0xf, 0xc0,

    /* U+754C "界" */
    0xf, 0xfe, 0x5f, 0xff, 0xf0, 0x83, 0xf5, 0x60,
    0x54, 0x87, 0xf9, 0x70, 0x16, 0x83, 0xfd, 0xf8,
    0x1f, 0x83, 0xfd, 0x58, 0x15, 0x21, 0xfe, 0x5c,
    0x5, 0xa0, 0xff, 0x2e, 0x2, 0xd0, 0x7f, 0xab,
    0x2, 0xa4, 0x3f, 0x7c, 0x7, 0xd0, 0xfc, 0x1f,
    0xb0, 0x40, 0x5b, 0xf, 0xce, 0xc, 0x34, 0xe,
    0xd, 0x70, 0x98, 0x6c, 0x47, 0x81, 0x8f, 0x7,
    0xeb, 0x4c, 0xf, 0x7, 0xff, 0x2, 0xd0, 0xf4,
    0x21, 0xff, 0xc4, 0x51, 0x7, 0xff, 0x9, 0xe2,
    0xf, 0xfe, 0x1a, 0xd, 0xf, 0xfe, 0x27, 0x83,
    0xef, 0x7, 0x80,

    /* U+7684 "的" */
    0xd, 0x21, 0xd2, 0x1f, 0x95, 0x86, 0x56, 0x1f,
    0xb2, 0xd, 0x90, 0x7a, 0x89, 0x50, 0x12, 0xbc,
    0x28, 0xb, 0x8, 0x17, 0xc0, 0x7e, 0x41, 0x1f,
    0xc2, 0x1f, 0xa1, 0xf, 0xfe, 0x2c, 0x1f, 0xfc,
    0x3b, 0x70, 0xfc, 0xfc, 0x87, 0x41, 0xf9, 0x60,
    0xcb, 0x83, 0xcd, 0x48, 0x68, 0x84, 0xc3, 0xff,
    0x80, 0x88, 0x7f, 0xf0, 0xed, 0xf, 0xfe, 0x36,
    0x20, 0x7e, 0x43, 0xf2, 0x1c, 0xbc, 0x13, 0x4c,
    0x42, 0x6b, 0x83, 0x28, 0x60, 0x70, 0x7e, 0x7e,
    0x80,

    /* U+76EE "目" */
    0xbf, 0xff, 0x81, 0x21, 0xff, 0xc0, 0x41, 0xff,
    0xe0, 0xff, 0xea, 0x7f, 0xf8, 0x3f, 0xf8, 0xdf,
    0xfe, 0xf, 0xfe, 0xa7, 0xff, 0x83, 0x2f, 0xf8,
    0x35, 0x7f, 0x83, 0xff, 0x8d, 0xff, 0xe0, 0xff,
    0xe3, 0x7f, 0xf8, 0x0,

    /* U+771F "真" */
    0xf, 0xcc, 0x1f, 0xfc, 0x5d, 0xf, 0xf7, 0xfc,
    0x9f, 0xf2, 0x5, 0xf8, 0xb, 0xf8, 0x14, 0xfe,
    0x7, 0xf5, 0x3, 0xab, 0x81, 0x5c, 0x1f, 0xdf,
    0xf9, 0xf, 0xf7, 0xfe, 0x43, 0xfd, 0xff, 0x90,
    0xff, 0x7f, 0xe4, 0x3f, 0xdf, 0xf9, 0xf, 0xf7,
    0xfe, 0x43, 0xfd, 0xff, 0x90, 0xe6, 0x80, 0xaf,
    0xc9, 0x51, 0xa8, 0xb, 0xf8, 0xb, 0x17, 0xe6,
    0xfc, 0xab, 0xf0, 0x4d, 0xb0, 0x73, 0x72, 0x7,
    0x95, 0x61, 0xae, 0x55, 0x5, 0x5c, 0x87, 0xcd,
    0xd0,

    /* U+77E5 "知" */
    0xa, 0x43, 0xff, 0x88, 0xac, 0x3f, 0xf8, 0x99,
    0x87, 0xbf, 0xe0, 0x92, 0xfd, 0x7, 0xf9, 0x2,
    0x5, 0x60, 0x7e, 0xd, 0x1c, 0x34, 0x43, 0xfe,
    0x43, 0xff, 0x8b, 0xc1, 0xff, 0xc5, 0xfc, 0x3f,
    0x21, 0xff, 0xd0, 0xfa, 0x1f, 0x90, 0xff, 0xe0,
    0x62, 0x1f, 0xfc, 0x44, 0x10, 0x7f, 0xf0, 0x91,
    0x68, 0x3f, 0xf8, 0x31, 0xc2, 0x83, 0xfe, 0x80,
    0x99, 0x23, 0xf0, 0x69, 0x30, 0xa8, 0x81, 0x60,
    0xc9, 0x6, 0x50, 0x1a, 0x90, 0xbc, 0x87, 0xdc,
    0x15, 0x80,

    /* U+7801 "码" */
    0x2b, 0xe2, 0xbf, 0x4, 0xbf, 0xb, 0xf8, 0x2f,
    0x3, 0xe3, 0xfc, 0x87, 0xc8, 0x76, 0x84, 0x87,
    0x26, 0x19, 0xf, 0xfb, 0x10, 0xff, 0x90, 0xc9,
    0x52, 0x62, 0x1f, 0x90, 0x2c, 0x1f, 0x21, 0xd0,
    0x3c, 0x1d, 0xf4, 0x3c, 0x1f, 0xda, 0xfc, 0x12,
    0x1f, 0x35, 0xf0, 0x52, 0x1f, 0xfc, 0x14, 0xc3,
    0xf5, 0xfe, 0x83, 0xea, 0x2, 0xbf, 0x62, 0x19,
    0x41, 0x2f, 0x84, 0x3d, 0xf2, 0x1d, 0x4c, 0x43,
    0x21, 0xfc, 0xa1, 0x82, 0xa0, 0x7f, 0x7d, 0x0,

    /* U+786C "硬" */
    0x2b, 0xf7, 0xff, 0x80, 0xbf, 0x7, 0xff, 0x7,
    0xc9, 0xf5, 0xf8, 0x7f, 0x6, 0x50, 0x65, 0xa1,
    0x78, 0x24, 0xc2, 0x6a, 0x41, 0x56, 0x16, 0x21,
    0xd7, 0x87, 0xc1, 0xc9, 0x58, 0x1d, 0x6, 0x81,
    0x90, 0x2e, 0x2, 0xc0, 0x50, 0x68, 0x1e, 0xd,
    0x78, 0x7c, 0x1f, 0xfc, 0x1d, 0x85, 0x41, 0xff,
    0xc1, 0x64, 0x12, 0x1b, 0x43, 0x9a, 0x71, 0x7d,
    0x7, 0xfa, 0x86, 0x21, 0xfd, 0x40, 0xa3, 0x50,
    0x7f, 0x94, 0x12, 0x83, 0xff, 0x83, 0xf8, 0x90,
    0x3e, 0x50, 0x6d, 0x9, 0xd5, 0xe8, 0x14, 0xc2,
    0x60, 0x9b, 0x80, 0xfa, 0x60,

    /* U+786E "确" */
    0xf, 0xfa, 0xf, 0xd5, 0xf0, 0x25, 0x7, 0xcb,
    0xf0, 0x12, 0xfc, 0x17, 0x93, 0xe2, 0x1a, 0x22,
    0x1c, 0x86, 0x5a, 0x58, 0x83, 0xd0, 0x18, 0x14,
    0xc1, 0x44, 0x8, 0x82, 0x2, 0xc1, 0x2b, 0x4,
    0x57, 0xf, 0x87, 0xc1, 0x20, 0x58, 0x40, 0xa0,
    0x28, 0x28, 0x1e, 0xc, 0xd0, 0x68, 0x1f, 0xfc,
    0x7, 0x87, 0x82, 0x50, 0x7f, 0x21, 0x21, 0x41,
    0xf9, 0xf0, 0xf8, 0x3f, 0xc8, 0x10, 0x90, 0xfa,
    0x80, 0xce, 0xc6, 0xc3, 0xca, 0x2, 0x1f, 0xfc,
    0x2f, 0x81, 0x7, 0x50, 0x36, 0x85, 0x28, 0x36,
    0x24, 0x6, 0xb, 0x83, 0x6d, 0xe0,

    /* U+793A "示" */
    0xf, 0xfe, 0x57, 0xff, 0xf0, 0x83, 0x97, 0xff,
    0x84, 0x1d, 0x5f, 0xfc, 0x20, 0xff, 0xe5, 0x3f,
    0xff, 0xc4, 0x8c, 0x3f, 0xf8, 0x89, 0x7f, 0xc0,
    0xff, 0xc1, 0xff, 0xcb, 0xb0, 0xfd, 0x61, 0xf2,
    0x1f, 0xc8, 0x87, 0x42, 0x1f, 0xa2, 0xe, 0x48,
    0x3f, 0x28, 0x82, 0xc4, 0x3f, 0xd0, 0x82, 0x4,
    0x1f, 0xf2, 0x46, 0x61, 0xff, 0xc0, 0xcc, 0x70,
    0xbe, 0xf, 0x9d, 0xf, 0xf4, 0x1f, 0xfc, 0x2f,
    0xc8, 0x7e,

    /* U+79BB "离" */
    0xf, 0xd2, 0x1f, 0xfc, 0x46, 0xf, 0xcf, 0xfc,
    0xf, 0xfc, 0x2f, 0xff, 0x1a, 0x87, 0x25, 0x37,
    0x81, 0x40, 0x28, 0x13, 0xd4, 0x8a, 0xf, 0xca,
    0x13, 0xf, 0xfa, 0xcf, 0x4e, 0x1f, 0xd8, 0xea,
    0x16, 0xf, 0xcb, 0x56, 0x54, 0x1e, 0x7f, 0x81,
    0xfe, 0xa, 0xff, 0x3, 0xfe, 0xc, 0xb0, 0x4a,
    0x16, 0xf, 0x54, 0xe, 0xce, 0x88, 0x7d, 0x10,
    0x82, 0xf, 0xe5, 0x17, 0x40, 0x61, 0xf9, 0x15,
    0x4f, 0x48, 0x7f, 0x74, 0x50, 0x1d, 0x41, 0xff,
    0xc2, 0x68, 0x40,

    /* U+7A0B "程" */
    0xf, 0x21, 0xff, 0xc3, 0x55, 0xd9, 0xff, 0xc1,
    0x74, 0x4b, 0x9, 0x78, 0x3a, 0x98, 0x10, 0xd5,
    0xc8, 0x65, 0x7, 0xff, 0x6b, 0xe0, 0x78, 0x2f,
    0xe4, 0x32, 0xc0, 0x51, 0x2f, 0xe0, 0xa8, 0x15,
    0x6, 0xbf, 0x7, 0x20, 0xc7, 0xff, 0xa0, 0xa0,
    0xd8, 0xb8, 0xb, 0x61, 0x28, 0x18, 0xd6, 0x5,
    0x48, 0x32, 0xb, 0x2b, 0x2, 0xa0, 0xc8, 0x79,
    0x70, 0x16, 0x9, 0x83, 0xdf, 0x81, 0xf0, 0x50,
    0x7f, 0xf3, 0xab, 0x81, 0x58, 0x3f, 0x2f, 0x80,
    0xb8, 0x3f, 0x3f, 0xff, 0x0,

    /* U+7A7A "空" */
    0xf, 0xfe, 0x6b, 0xc1, 0xff, 0xc5, 0x43, 0xf3,
    0x5e, 0xc1, 0xd7, 0x8d, 0x7e, 0x9, 0x7c, 0x17,
    0xff, 0xf0, 0x43, 0xfb, 0x9, 0x83, 0xfd, 0x62,
    0xd, 0xe2, 0x4b, 0x74, 0x90, 0x58, 0xe4, 0x3c,
    0x3a, 0x1d, 0xc5, 0x4, 0x78, 0x3f, 0x39, 0x3,
    0xff, 0xf8, 0x61, 0xcb, 0xc0, 0x5e, 0xe, 0x6b,
    0x81, 0x5c, 0x1f, 0xfe, 0xd6, 0xbd, 0x82, 0xbe,
    0x35, 0xf0, 0x4b, 0xf0,

    /* U+7ACB "立" */
    0xf, 0x99, 0xf, 0xfe, 0x23, 0x87, 0xff, 0xd,
    0x10, 0xff, 0xe2, 0x28, 0x3f, 0xbf, 0xe5, 0x7f,
    0xc1, 0xff, 0xc8, 0xff, 0xfe, 0x20, 0x67, 0x83,
    0xd7, 0x7, 0x91, 0xf, 0x24, 0x1f, 0xfc, 0xd4,
    0x43, 0x22, 0x1f, 0xb3, 0xd, 0x98, 0x7e, 0x44,
    0x32, 0x21, 0xff, 0xc2, 0x44, 0x3f, 0xc8, 0x6c,
    0xc3, 0xfd, 0x61, 0x22, 0x1d, 0xff, 0xe0, 0x7f,
    0x83, 0xff, 0x8c,

    /* U+7ADE "竞" */
    0xf, 0xfe, 0x8f, 0x83, 0xfe, 0x6b, 0xc0, 0xaf,
    0x83, 0x6b, 0xe0, 0x2f, 0xc1, 0xaf, 0x4f, 0xf9,
    0x5f, 0x7, 0xda, 0x83, 0x94, 0x1e, 0x6a, 0x5,
    0x78, 0x15, 0x81, 0xae, 0x2, 0xf0, 0x17, 0x2,
    0xff, 0xfe, 0x28, 0x77, 0xff, 0xf0, 0x10, 0xfe,
    0xaf, 0xc8, 0x7f, 0x97, 0xfb, 0xf, 0xf2, 0xff,
    0x61, 0xff, 0x57, 0xe4, 0x3f, 0xbe, 0x1f, 0x3,
    0xe4, 0x3f, 0xa3, 0xf, 0xd2, 0x1e, 0x91, 0xf,
    0xcc, 0x6, 0xf2, 0xb0, 0x92, 0xb0, 0x83, 0x47,
    0x83, 0x62, 0xe2, 0x5, 0xe8, 0x3c, 0xff, 0x80,

    /* U+7B26 "符" */
    0x9, 0x83, 0xcc, 0x1f, 0xd2, 0x1e, 0x90, 0xff,
    0xbf, 0x48, 0x3f, 0xc0, 0x84, 0xa, 0xe1, 0x2,
    0xe1, 0x69, 0x29, 0x8d, 0x1, 0x51, 0x11, 0x90,
    0x90, 0xb0, 0x6e, 0x6, 0xc7, 0x82, 0xe0, 0xe4,
    0x90, 0xfe, 0x90, 0xf2, 0x57, 0xf1, 0x50, 0x58,
    0x8b, 0xf0, 0x4a, 0x6, 0x1b, 0xfe, 0x8b, 0xc6,
    0x1e, 0xb0, 0xff, 0x46, 0x1e, 0x83, 0xf9, 0xc3,
    0xa1, 0xf, 0xfe, 0x2c, 0x41, 0xff, 0xc4, 0x54,
    0x1f, 0xfc, 0x58, 0x3f, 0xf8, 0xf7, 0xa0, 0xff,
    0xe1, 0xe1, 0x28, 0x0,

    /* U+7B97 "算" */
    0xa, 0x81, 0xea, 0x7, 0xf2, 0xff, 0xf1, 0x1,
    0x82, 0xb7, 0x2, 0xbb, 0x32, 0xc1, 0xe4, 0xb8,
    0x7d, 0xb, 0x80, 0xb0, 0x10, 0xfa, 0xb0, 0x28,
    0x95, 0xe, 0x1f, 0x5f, 0xfc, 0x1f, 0xd7, 0xff,
    0x7, 0xf5, 0xff, 0xc1, 0xfd, 0x7f, 0xf0, 0x7f,
    0x5f, 0xfc, 0x1f, 0xd7, 0xff, 0x7, 0xd7, 0x81,
    0xf9, 0x1f, 0x7, 0xff, 0x13, 0xe, 0xfe, 0x7,
    0xe4, 0xbf, 0x15, 0x80, 0xd6, 0x46, 0xb0, 0xb6,
    0x9, 0x76, 0x6b, 0x87, 0xca, 0xc3, 0xff, 0x82,
    0x8d, 0x3, 0xff, 0x87, 0xc8, 0x7c, 0xe8, 0x60,

    /* U+7BA1 "管" */
    0xa, 0x81, 0xe6, 0x43, 0xf2, 0x83, 0xda, 0x1f,
    0xa0, 0x7f, 0x9, 0x7f, 0xa, 0x34, 0xbe, 0x2c,
    0x1f, 0x11, 0x91, 0x93, 0x24, 0x21, 0x6b, 0xad,
    0x61, 0x44, 0x21, 0x35, 0xe0, 0x57, 0xc8, 0x4f,
    0xff, 0xf0, 0x10, 0xf7, 0xff, 0xf0, 0x43, 0x70,
    0x2b, 0xf0, 0x1d, 0xf, 0x2f, 0xe0, 0xff, 0xbf,
    0xf0, 0x7f, 0xd5, 0xfe, 0xf, 0xfe, 0x3a, 0x1f,
    0xab, 0xfe, 0xf, 0xdf, 0xfc, 0x1f, 0xe5, 0xfe,
    0xf, 0xf5, 0x7f, 0x7, 0xfb, 0xff, 0x83, 0x0,

    /* U+7CBE "精" */
    0xf, 0xfe, 0xa, 0x1f, 0xac, 0x3e, 0xa0, 0x7b,
    0x42, 0xe9, 0xf2, 0x7e, 0x47, 0xd, 0xdf, 0x25,
    0xf2, 0x68, 0x11, 0x3e, 0x4b, 0xe0, 0xf4, 0x82,
    0xa0, 0x56, 0x3, 0x83, 0x84, 0x3f, 0x95, 0xe4,
    0xf3, 0x58, 0x15, 0xcb, 0x1, 0x6f, 0xff, 0x8a,
    0x5, 0x3, 0xff, 0x82, 0x80, 0xa0, 0xd5, 0xc1,
    0xc8, 0x50, 0x7f, 0xf0, 0x50, 0xa1, 0xa, 0xb8,
    0x34, 0x23, 0x20, 0x7f, 0x82, 0x48, 0x24, 0x27,
    0xf8, 0x24, 0x43, 0xf5, 0x70, 0x6c, 0x3f, 0x2f,
    0x83, 0xff, 0x8a, 0xc2, 0x1f, 0xfc, 0x39, 0x30,
    0xd6, 0x1b, 0x82, 0xf9, 0x0,

    /* U+7CFB "系" */
    0xf, 0xfe, 0xa, 0x83, 0xe5, 0xaa, 0xfa, 0xa0,
    0xbe, 0xa9, 0x61, 0x55, 0x5, 0x35, 0x1, 0xf5,
    0x14, 0x19, 0x95, 0x94, 0xb, 0x83, 0xe7, 0x74,
    0x16, 0x61, 0xea, 0x3, 0xf2, 0xb4, 0x3d, 0x8b,
    0x5, 0x41, 0xf, 0x3c, 0x25, 0xa3, 0x40, 0xe6,
    0xd5, 0x75, 0x86, 0xa, 0x88, 0x19, 0x7f, 0x40,
    0xda, 0xbc, 0xf, 0x54, 0xa0, 0x33, 0x87, 0xd4,
    0x2c, 0x36, 0xe1, 0xe5, 0x61, 0xd8, 0xc1, 0xed,
    0x30, 0x38, 0xc1, 0xfa, 0x4d, 0x74, 0x5e, 0xf,
    0x50, 0x4a, 0x3, 0xa, 0xe, 0x70,

    /* U+7EBF "线" */
    0xf, 0xf9, 0xf, 0xf3, 0xa1, 0xd4, 0x74, 0x3d,
    0x8, 0x7c, 0xaa, 0x6, 0x44, 0x3f, 0xa9, 0x86,
    0xc8, 0x3e, 0x55, 0x48, 0x16, 0x1c, 0xbc, 0x9,
    0x10, 0xa2, 0x20, 0x22, 0xf, 0xa4, 0x81, 0xe2,
    0x3d, 0x7, 0xec, 0x40, 0xa0, 0xf3, 0x7c, 0x3c,
    0x8, 0x17, 0x81, 0x23, 0x5, 0x98, 0x14, 0x1a,
    0xf9, 0x4, 0xb, 0xcf, 0xd0, 0x6b, 0x24, 0xb,
    0x6, 0x4c, 0xcc, 0x9b, 0xd4, 0xf, 0x39, 0x5,
    0x20, 0x60, 0xfd, 0x21, 0x9b, 0x90, 0x9c, 0xa,
    0x22, 0xe5, 0x58, 0xf0, 0x8a, 0x15, 0xb7, 0x27,
    0xf, 0x42, 0xc5, 0x48, 0x6e, 0xe0, 0x30, 0x10,

    /* U+7EC4 "组" */
    0xe, 0x43, 0xff, 0x8d, 0x44, 0xd, 0x7c, 0x87,
    0x91, 0x9, 0x7e, 0xf, 0x44, 0x1d, 0x7d, 0x7,
    0xcb, 0x8, 0x7f, 0xf0, 0xa2, 0x28, 0x1f, 0xfc,
    0x19, 0x69, 0x41, 0x57, 0x7, 0x23, 0x24, 0x19,
    0x60, 0xf5, 0x40, 0x83, 0x5f, 0x41, 0xca, 0x4,
    0x87, 0xff, 0xd, 0x97, 0x7, 0xff, 0x5, 0x87,
    0xa0, 0x55, 0xc1, 0xd8, 0x1b, 0xc1, 0x96, 0xf,
    0x5e, 0x90, 0xeb, 0xe8, 0x3f, 0x34, 0xc3, 0xff,
    0x83, 0x7a, 0x58, 0x3f, 0xf8, 0x28, 0xde, 0xa8,
    0xae, 0x28, 0xf, 0x48, 0x14, 0x12, 0xc1, 0x20,

    /* U+7ECF "经" */
    0xd, 0x21, 0xff, 0xc6, 0x60, 0x35, 0xf9, 0xe,
    0x88, 0x1a, 0xfe, 0xc3, 0x91, 0x5, 0xfd, 0x2,
    0xd, 0x10, 0x87, 0x98, 0xc3, 0x96, 0x2c, 0x35,
    0xc, 0x3b, 0x5, 0x90, 0x1d, 0x4, 0x1f, 0x28,
    0x5b, 0x86, 0x1e, 0xa, 0xa0, 0x54, 0xe, 0x78,
    0x70, 0x2a, 0x32, 0x7c, 0x19, 0xe8, 0x16, 0x2a,
    0x7a, 0xfd, 0xa0, 0xc0, 0xce, 0x2f, 0xf0, 0x72,
    0xae, 0x7e, 0x4f, 0xc1, 0x7a, 0x88, 0x7f, 0xf1,
    0x9b, 0x43, 0xff, 0x83, 0x7a, 0x43, 0xff, 0x86,
    0x82, 0xf1, 0x59, 0x3a, 0xc0, 0xbc, 0x83, 0x5c,
    0x12, 0xe0,

    /* U+7ED3 "结" */
    0xc, 0x87, 0xce, 0x87, 0xeb, 0xf, 0xd8, 0x7d,
    0x8, 0x7f, 0xf1, 0x12, 0x5, 0xf4, 0x3f, 0x81,
    0x8, 0x65, 0x82, 0x5c, 0x4, 0x8f, 0x57, 0xd,
    0x63, 0x15, 0x8, 0x7f, 0xf0, 0x99, 0x22, 0xb0,
    0xd4, 0x94, 0xc1, 0x1, 0x60, 0x96, 0xc5, 0x64,
    0x83, 0xff, 0xa0, 0x42, 0xe0, 0xff, 0xe0, 0x48,
    0xf4, 0x2f, 0xfc, 0x4, 0xa, 0xb0, 0x97, 0x83,
    0x5e, 0xa2, 0x1a, 0xb8, 0x32, 0x19, 0x41, 0xff,
    0xc0, 0x69, 0xea, 0x21, 0xff, 0x4a, 0x1b, 0x41,
    0xfc, 0x1a, 0x9e, 0x90, 0xcb, 0xc1, 0x94, 0x1f,
    0xab, 0x90, 0x0,

    /* U+7EDF "统" */
    0xd, 0x21, 0xea, 0x7, 0xf9, 0x83, 0xca, 0xf,
    0xe8, 0x43, 0xc8, 0x87, 0xe4, 0x81, 0xf9, 0x2f,
    0xc1, 0x44, 0x22, 0xc1, 0x2f, 0x4, 0x8a, 0xba,
    0x81, 0xde, 0xa0, 0x31, 0xa1, 0x83, 0x30, 0x50,
    0x3c, 0xa1, 0x6, 0x40, 0x51, 0x85, 0x70, 0x23,
    0x5, 0xe9, 0x2, 0x4, 0x8c, 0x25, 0xaa, 0xf1,
    0x85, 0x8d, 0xbc, 0xba, 0x87, 0x3, 0x2, 0x83,
    0x90, 0xff, 0x9b, 0xc8, 0x7f, 0xf0, 0x7d, 0x21,
    0x93, 0xf, 0xf9, 0xbd, 0x10, 0x87, 0x38, 0x2e,
    0x46, 0x81, 0xfb, 0x9, 0x1b, 0xb4, 0xc3, 0x32,
    0x17, 0xa4, 0x36, 0x19, 0x12, 0xf, 0xde, 0xe,
    0xbe, 0x40,

    /* U+7F13 "缓" */
    0xd, 0x21, 0xf9, 0x54, 0xe, 0x54, 0x3f, 0xea,
    0x28, 0x3b, 0x21, 0x6a, 0x2b, 0xd4, 0xe, 0x44,
    0x1a, 0xe0, 0xa8, 0x1a, 0x21, 0x12, 0x2, 0x26,
    0x19, 0x75, 0x10, 0x2e, 0x85, 0x3, 0x3, 0x1c,
    0x32, 0xa0, 0x58, 0x66, 0x15, 0xe0, 0x7f, 0xa0,
    0x54, 0xa, 0xc0, 0xaf, 0x80, 0xa8, 0xc5, 0x80,
    0xbf, 0x5, 0x12, 0xbd, 0xf, 0xfc, 0x9, 0x2a,
    0x4c, 0x7f, 0xa0, 0x90, 0x36, 0x88, 0x2a, 0x4c,
    0x2f, 0xa4, 0x3e, 0x58, 0x43, 0xcd, 0xb1, 0x93,
    0x10, 0x67, 0xd2, 0xb5, 0x19, 0x2c, 0x1a, 0x1b,
    0xc9, 0x30, 0x4e, 0x85, 0x72, 0x47, 0xa5, 0x79,
    0x2c, 0x8, 0x6f, 0x1d, 0xc0, 0xba, 0x0,

    /* U+7F16 "编" */
    0xd, 0x7, 0xcc, 0x1f, 0x95, 0x7, 0xb5, 0x7,
    0xd9, 0x1, 0xa8, 0x15, 0x83, 0x28, 0x29, 0x70,
    0x16, 0xa, 0x21, 0xb, 0xfc, 0x86, 0x51, 0x40,
    0x97, 0xe0, 0xb0, 0x4a, 0xa, 0xbc, 0x1e, 0x51,
    0x5, 0xff, 0x81, 0x71, 0x6, 0x5f, 0xc0, 0x49,
    0x41, 0xab, 0xf2, 0x8, 0xd4, 0x1a, 0x86, 0x61,
    0x49, 0x50, 0x64, 0x3f, 0x23, 0x79, 0x11, 0xc4,
    0x42, 0xf4, 0x8e, 0x14, 0x91, 0x7, 0x3e, 0x93,
    0x28, 0x46, 0x15, 0xc5, 0x4, 0x8, 0x10, 0xe5,
    0x79, 0xc8, 0x3e, 0x42, 0xe0, 0xa4, 0x39, 0x18,
    0x43, 0xe8, 0x71, 0x8b, 0xc0,

    /* U+7F3A "缺" */
    0xf, 0xfe, 0x55, 0x87, 0xeb, 0xf, 0xc8, 0x7f,
    0xf2, 0x7f, 0x41, 0xff, 0xc0, 0x43, 0xf5, 0x12,
    0xb0, 0x51, 0xa7, 0xa1, 0x40, 0x5c, 0x1a, 0xf,
    0xbc, 0x9e, 0xe, 0x90, 0xff, 0xe3, 0x74, 0x4a,
    0x83, 0xff, 0x80, 0xb0, 0x16, 0xf, 0xfe, 0x7,
    0xc9, 0xf3, 0xe4, 0xf0, 0x20, 0x38, 0x6a, 0x7,
    0xf2, 0xc, 0x3e, 0x7c, 0x15, 0xf0, 0x7f, 0xf1,
    0x20, 0xff, 0xe1, 0xc4, 0x4, 0x3f, 0x94, 0x12,
    0x31, 0x7, 0xb4, 0x82, 0x84, 0x51, 0x5, 0xaa,
    0x9a, 0x49, 0x2, 0x1c, 0xd, 0x14, 0x50, 0x18,
    0x6c, 0x3f, 0xf8, 0x16, 0x1e, 0xf0,

    /* U+7F6E "置" */
    0xf, 0xfe, 0x3d, 0xff, 0xfc, 0x30, 0xd7, 0xf,
    0x92, 0xf0, 0x7f, 0xf3, 0x2e, 0x1f, 0x25, 0xe0,
    0xd7, 0xf8, 0x1f, 0xf0, 0xff, 0xc0, 0xff, 0x95,
    0x5e, 0x46, 0xbe, 0x45, 0x7, 0xff, 0x1, 0x41,
    0xab, 0x23, 0x5c, 0x87, 0x9f, 0xfc, 0x87, 0xe7,
    0xff, 0x21, 0xf9, 0xff, 0xc8, 0x7e, 0x7f, 0xf2,
    0x1f, 0x9f, 0xfc, 0x87, 0xe7, 0xff, 0x21, 0x95,
    0xd, 0x7e, 0x4d, 0x5c, 0x8d, 0x7e, 0x46, 0x80,

    /* U+8046 "聆" */
    0xf, 0xfe, 0xc, 0x87, 0xbf, 0xe8, 0x25, 0x61,
    0xe4, 0x8, 0x7d, 0x8, 0x7a, 0x1b, 0x18, 0x10,
    0x98, 0x7f, 0xf0, 0x96, 0xa1, 0x7, 0x9f, 0x6,
    0x88, 0x5c, 0x1e, 0x50, 0x1c, 0xa6, 0x45, 0x3,
    0x34, 0x4, 0x4c, 0x66, 0x21, 0xfd, 0xe4, 0x12,
    0xf, 0x6, 0x7c, 0x1a, 0xac, 0xa0, 0x7c, 0x87,
    0x2f, 0xd0, 0x73, 0x61, 0xbf, 0x81, 0x7, 0xff,
    0x11, 0x10, 0xf9, 0x86, 0x2, 0x8, 0x83, 0x63,
    0x20, 0xc6, 0xa2, 0xf, 0x9a, 0xa, 0x17, 0x8,
    0x77, 0xa5, 0x7, 0x48, 0x7f, 0xf1, 0xe8, 0x61,
    0xff, 0xc5, 0x64, 0x3f, 0xdc, 0x1e, 0x60, 0xc0,

    /* U+8282 "节" */
    0xc, 0xf0, 0x67, 0x43, 0xff, 0x95, 0x7d, 0xf,
    0xe8, 0xbf, 0x7, 0xff, 0x1a, 0xfa, 0x1f, 0xd1,
    0x7e, 0xf, 0xfe, 0x53, 0xc1, 0x9d, 0xe, 0xff,
    0xfe, 0x18, 0x7f, 0xf2, 0x7f, 0x81, 0xfe, 0xf,
    0xff, 0xf8, 0x7f, 0xf0, 0x3e, 0xf, 0xfe, 0x3c,
    0x1f, 0xfc, 0x1f, 0xc8, 0x7f, 0xf2, 0x0,

    /* U+8303 "范" */
    0xc, 0xc8, 0x66, 0x43, 0xfb, 0x70, 0xe7, 0xe,
    0xbe, 0x47, 0xf4, 0x3f, 0x8d, 0x60, 0x97, 0x80,
    0xb8, 0x6b, 0x15, 0xd8, 0xd6, 0x9, 0x19, 0xc,
    0xd0, 0x3c, 0xda, 0x8b, 0xf5, 0xf2, 0x13, 0x14,
    0xf, 0xf6, 0x19, 0xdc, 0x2f, 0xe8, 0x3a, 0x49,
    0xf, 0xfe, 0xa, 0xad, 0xf, 0xfe, 0x13, 0xc1,
    0xf9, 0xa8, 0xc3, 0x3b, 0x87, 0x2c, 0x28, 0x3d,
    0x87, 0xdf, 0x41, 0xec, 0x83, 0xfd, 0x61, 0x64,
    0x84, 0x87, 0x90, 0xb1, 0x41, 0xab, 0xd8, 0x73,
    0x5, 0x22, 0xf0, 0x30, 0x70, 0x75, 0xff, 0x80,

    /* U+865A "虚" */
    0xf, 0xe9, 0xf, 0xfe, 0x22, 0xb5, 0xf0, 0x7f,
    0xf0, 0x1a, 0xf2, 0x1f, 0xf5, 0xfe, 0x42, 0x6b,
    0xb2, 0xbf, 0x20, 0xd7, 0xc0, 0x5f, 0x83, 0xbf,
    0x45, 0xf5, 0x81, 0xe, 0xa7, 0x17, 0xd1, 0x40,
    0xf7, 0xa4, 0xbf, 0xc, 0x87, 0x2d, 0x17, 0xf8,
    0x3f, 0xee, 0xbe, 0xd0, 0xfd, 0xcf, 0x2e, 0xc,
    0x8e, 0x87, 0xef, 0x21, 0xc9, 0x7, 0xc8, 0xa0,
    0xc9, 0x8, 0x7a, 0x20, 0x93, 0x16, 0xe, 0x56,
    0x1a, 0x5, 0x8, 0x64, 0xca, 0x90, 0x22, 0xe0,
    0x20, 0x5e, 0xce, 0x7f, 0xff, 0x85, 0x0,

    /* U+884C "行" */
    0xe, 0x90, 0xff, 0xe2, 0xce, 0xa, 0xfe, 0x43,
    0x4a, 0x80, 0xbf, 0xd8, 0x5a, 0x41, 0x7f, 0xf4,
    0xc, 0x71, 0xf, 0xfe, 0x14, 0xc5, 0x41, 0xff,
    0xc1, 0x61, 0x44, 0x1f, 0xfc, 0x48, 0x8f, 0xff,
    0x83, 0x60, 0x45, 0xf0, 0x4a, 0xb, 0xe, 0xaf,
    0x25, 0x40, 0xc3, 0xff, 0x8e, 0xac, 0x3f, 0xf8,
    0xb4, 0xf, 0xff, 0xf8, 0x7f, 0xf5, 0x7e, 0x44,
    0x3f, 0xf8, 0x48, 0x18, 0x30,

    /* U+8865 "补" */
    0xf, 0xf9, 0x41, 0xfd, 0x61, 0xea, 0x7, 0xf6,
    0x61, 0xff, 0xc4, 0x50, 0x7f, 0xf0, 0x9f, 0x93,
    0xd0, 0x7f, 0x97, 0xc0, 0xc3, 0xfe, 0xae, 0x2,
    0x1a, 0xf, 0xf4, 0x41, 0xce, 0x87, 0xd2, 0xd4,
    0x9, 0x28, 0x1c, 0xa0, 0x28, 0x35, 0x6, 0xa,
    0x80, 0x66, 0xc, 0xe3, 0x12, 0x12, 0x1f, 0xd9,
    0x44, 0xd2, 0x54, 0x1f, 0x64, 0xe1, 0xa3, 0xf,
    0xf4, 0x1e, 0xd0, 0xff, 0xff, 0x87, 0xf8,

    /* U+8868 "表" */
    0xf, 0xe9, 0xf, 0xfe, 0x33, 0x87, 0xfd, 0xff,
    0xf, 0xfc, 0x19, 0x7e, 0x2, 0xfa, 0xd, 0x5f,
    0xd, 0x79, 0xe, 0xff, 0xf, 0xf8, 0x3d, 0x5c,
    0x82, 0xbc, 0x1e, 0x5e, 0x85, 0xf8, 0x37, 0xfe,
    0x1f, 0xf9, 0x4, 0xbc, 0x1c, 0xbf, 0x1, 0xab,
    0x47, 0x5, 0x62, 0xf, 0x50, 0xa0, 0x90, 0x36,
    0xd, 0x68, 0xa0, 0x43, 0x65, 0x2, 0xd1, 0xf,
    0x42, 0xb4, 0x35, 0x38, 0x3c, 0xa1, 0x41, 0xca,
    0xe, 0x7c, 0xc9, 0x40, 0xfa, 0x1e, 0x10, 0x50,
    0x78, 0x39, 0x3, 0x72, 0x7, 0x8c, 0x3a, 0x9c,
    0x87, 0xce, 0x80,

    /* U+8981 "要" */
    0xbf, 0xff, 0x89, 0x6b, 0xc0, 0x50, 0x17, 0xb6,
    0xb6, 0x54, 0x95, 0xc9, 0x7d, 0x17, 0x93, 0xf8,
    0x32, 0xc0, 0x50, 0x16, 0xf, 0x53, 0x2a, 0x4a,
    0x83, 0xfd, 0x87, 0xff, 0x7, 0xd0, 0xf9, 0x3e,
    0xd, 0xd6, 0x3, 0x5f, 0x80, 0xbc, 0x9, 0x7f,
    0x1f, 0xe0, 0x7f, 0xfa, 0x58, 0x25, 0xe0, 0x2f,
    0x54, 0xe, 0xb0, 0x1a, 0xc1, 0x60, 0xe4, 0x92,
    0xf, 0xb9, 0x1b, 0x48, 0x3f, 0x21, 0xfa, 0xf2,
    0x7, 0xd4, 0x47, 0xf4, 0x96, 0x2a, 0x9f, 0x41,
    0x9b, 0xb0,

    /* U+89E3 "解" */
    0x9, 0x83, 0xff, 0x8d, 0x21, 0xd7, 0xfc, 0x87,
    0xbe, 0x43, 0xfb, 0xa, 0x18, 0x35, 0xa7, 0xc1,
    0xc9, 0x20, 0x42, 0x43, 0xb0, 0x40, 0xb0, 0x49,
    0x8, 0x10, 0xc8, 0x72, 0xb9, 0x29, 0xc2, 0xc,
    0x62, 0x80, 0x4c, 0x9b, 0xf, 0xfb, 0xd4, 0x21,
    0xf, 0x39, 0x61, 0x4c, 0xaa, 0x21, 0x9c, 0xb0,
    0x20, 0x40, 0xac, 0x3f, 0xdc, 0x78, 0x1e, 0x83,
    0x31, 0xc0, 0x60, 0xff, 0xe0, 0x22, 0x8c, 0xe8,
    0xa, 0x83, 0x59, 0x61, 0x2c, 0x5, 0x80, 0x88,
    0x7a, 0xf8, 0x1f, 0x2, 0xd, 0xc1, 0xff, 0xc2,
    0x41, 0x68, 0x87, 0xfd, 0x60, 0x57, 0x83, 0xff,
    0x80, 0xa0, 0xff, 0xbc, 0x18,

    /* U+8BA1 "计" */
    0xf, 0xfe, 0xa, 0x1f, 0xd4, 0xf, 0xa8, 0x1f,
    0xca, 0x83, 0xff, 0x8b, 0xaa, 0xf, 0xfe, 0x2c,
    0xe1, 0xff, 0xc6, 0x90, 0xff, 0xe1, 0x2f, 0x7,
    0x91, 0xf, 0x57, 0x17, 0xe0, 0x5f, 0x81, 0x50,
    0x7f, 0xf1, 0x56, 0xa, 0xfc, 0x9f, 0xc1, 0xff,
    0xf8, 0x43, 0xff, 0x8d, 0x44, 0x3f, 0xf8, 0xa8,
    0x87, 0xff, 0xa, 0x3, 0x87, 0xff, 0xd, 0x28,
    0x1f, 0xfc, 0x4f, 0x21, 0xff, 0xc2,

    /* U+8BA9 "让" */
    0xf, 0xf9, 0x90, 0xfe, 0xf0, 0x7c, 0x87, 0xf9,
    0x30, 0xff, 0xe2, 0xc9, 0x7, 0xff, 0x16, 0xa0,
    0xff, 0xe3, 0x21, 0xff, 0xc3, 0xac, 0x87, 0xdd,
    0x48, 0x4b, 0xb0, 0xf9, 0x74, 0x17, 0xc1, 0xfc,
    0xd5, 0x87, 0xff, 0xf, 0x58, 0x3f, 0xff, 0x2e,
    0x1f, 0xfc, 0x56, 0xf, 0xfe, 0x22, 0x16, 0x1f,
    0xfc, 0x38, 0x7f, 0xa2, 0xfe, 0xe, 0xa0, 0x7f,
    0xf1, 0x74, 0x1f, 0xff, 0xc0, 0x0,

    /* U+8BBE "设" */
    0xf, 0xfe, 0x55, 0xa1, 0xaf, 0xf0, 0x7a, 0x24,
    0x39, 0x60, 0xfe, 0xc8, 0x3a, 0xa4, 0x3f, 0xb8,
    0x24, 0x3f, 0xf8, 0x68, 0x11, 0xf, 0xf5, 0x60,
    0x31, 0x7, 0x7a, 0x17, 0x81, 0x10, 0x69, 0x6c,
    0x7c, 0x85, 0x68, 0x75, 0x48, 0x7e, 0xff, 0xf4,
    0x1f, 0xd8, 0x17, 0x81, 0x87, 0xf2, 0x8e, 0xb0,
    0x10, 0xff, 0x44, 0x14, 0x41, 0xfd, 0x2, 0x32,
    0x58, 0x3f, 0x6c, 0x31, 0xaa, 0xf, 0x90, 0x30,
    0x30, 0xff, 0x90, 0x51, 0xb4, 0x87, 0x90, 0xc9,
    0xaa, 0x4b, 0x78, 0x68, 0x1b, 0x3, 0x79, 0x9,
    0xf3, 0x0,

    /* U+8BBF "访" */
    0xf, 0xf9, 0x41, 0xf3, 0xc1, 0xf5, 0x3, 0xe4,
    0x60, 0xff, 0xe2, 0x62, 0x83, 0x91, 0xf, 0xda,
    0xaf, 0xc9, 0x7e, 0xe, 0x8d, 0x40, 0x5f, 0x86,
    0xa4, 0x68, 0xa, 0xf8, 0x96, 0x83, 0xff, 0x85,
    0xf0, 0x7e, 0xfe, 0x83, 0xff, 0xa6, 0xfe, 0xf,
    0xfe, 0x2, 0x1c, 0x87, 0xf9, 0x33, 0xe, 0xc3,
    0xee, 0x11, 0xf, 0xf2, 0x14, 0x88, 0x6c, 0x3d,
    0x3, 0x62, 0xc, 0x88, 0x73, 0x98, 0x82, 0x98,
    0x7d, 0xc0, 0x48, 0x24, 0x10, 0x7f, 0x58, 0x57,
    0xc8, 0x40,

    /* U+8BC6 "识" */
    0x2, 0x1f, 0xfc, 0x5a, 0x83, 0x57, 0xf0, 0x50,
    0xc1, 0x2f, 0xf0, 0x6c, 0x50, 0x6f, 0xe0, 0xfb,
    0x90, 0xff, 0xe2, 0xa1, 0xff, 0xc2, 0xac, 0x87,
    0xff, 0x9, 0x76, 0x1f, 0xfc, 0x2f, 0x41, 0xff,
    0xc6, 0x43, 0xef, 0xe0, 0xff, 0xe0, 0x2f, 0xf0,
    0x7f, 0xab, 0xf8, 0x3f, 0xe4, 0x39, 0xf, 0xce,
    0xb, 0xb, 0x83, 0xe6, 0x4, 0x21, 0x24, 0x19,
    0xb, 0x12, 0xa, 0x10, 0xd0, 0xe6, 0x21, 0xc9,
    0x6, 0x61, 0x4, 0x1d, 0x8, 0x5c, 0x6, 0xc3,
    0xeb, 0x0,

    /* U+8BD1 "译" */
    0xf, 0xfe, 0x57, 0x82, 0xff, 0xf4, 0x19, 0x20,
    0x21, 0x2e, 0x6, 0x1a, 0x10, 0x58, 0x2a, 0xc0,
    0x87, 0x48, 0x6c, 0xc6, 0x30, 0xf3, 0x7, 0x67,
    0x18, 0x75, 0x60, 0xe8, 0x32, 0x1c, 0xb8, 0xd,
    0xa4, 0x97, 0x20, 0xf2, 0xa, 0x25, 0xb6, 0x8c,
    0x1f, 0x4d, 0xa7, 0x17, 0x61, 0xfa, 0xea, 0x1a,
    0x83, 0xfe, 0x5c, 0x5, 0x83, 0xfe, 0xfc, 0x3f,
    0x21, 0xf9, 0xc, 0x87, 0xff, 0x7, 0xbf, 0x43,
    0xfc, 0x19, 0x2, 0xf8, 0xb, 0xa0, 0x90, 0x57,
    0xc3, 0x59, 0xe, 0x90, 0xff, 0xe2, 0x3a, 0x1f,
    0xfc, 0x30,

    /* U+8BD5 "试" */
    0xf, 0xfe, 0x3, 0x8, 0x77, 0x7, 0xed, 0x56,
    0x19, 0x58, 0x7f, 0xa2, 0xa, 0x48, 0x3f, 0x95,
    0x86, 0xad, 0xfc, 0x96, 0xc1, 0xc8, 0x87, 0xff,
    0x1, 0xa9, 0x3f, 0xd1, 0x7c, 0x6b, 0x61, 0xff,
    0xc2, 0xbc, 0x1a, 0xb8, 0x18, 0x7f, 0x97, 0xe0,
    0xff, 0xe0, 0x3c, 0x58, 0x10, 0xff, 0xf2, 0x21,
    0xe4, 0x2c, 0x39, 0xe3, 0x2e, 0xc8, 0x8, 0x20,
    0x2b, 0x41, 0x44, 0x61, 0x2, 0x54, 0xde, 0x40,
    0x8a, 0xa, 0xd0, 0x48, 0x74, 0x8, 0x24, 0x3f,
    0xf8, 0x1e, 0x0,

    /* U+8BE5 "该" */
    0xf, 0xfe, 0x54, 0x1f, 0xbc, 0x1f, 0x4c, 0x1f,
    0x22, 0x1e, 0x96, 0x1a, 0xc9, 0x5c, 0x14, 0x46,
    0xb8, 0x25, 0xc1, 0xac, 0xbe, 0x5, 0xfc, 0x19,
    0xe, 0x85, 0x7, 0xab, 0x82, 0x51, 0x3, 0xc1,
    0x2f, 0x2, 0x83, 0x50, 0x85, 0xf0, 0x64, 0xb,
    0x88, 0x3f, 0xd4, 0xf2, 0xc, 0x43, 0xf9, 0x46,
    0x99, 0xd0, 0x3f, 0x9c, 0x72, 0x4, 0x1f, 0x3c,
    0x50, 0x93, 0xf, 0xf3, 0xa6, 0x98, 0x7e, 0xee,
    0x1c, 0x3f, 0xf8, 0x28, 0x38, 0x51, 0xa1, 0xa0,
    0x5f, 0x3, 0xa8, 0x90, 0xed, 0x81, 0x61, 0x30,
    0x75, 0x82, 0xf2, 0x1c, 0xe8,

    /* U+8BED "语" */
    0xf, 0xfe, 0x4f, 0x82, 0xff, 0xf9, 0x2, 0x60,
    0x5c, 0x5, 0xf0, 0x24, 0xca, 0xb2, 0xbc, 0x1a,
    0x70, 0x54, 0x75, 0x83, 0xd0, 0x16, 0x2, 0xf0,
    0x55, 0x80, 0xf8, 0x1f, 0x7, 0x2e, 0xc, 0x88,
    0x7e, 0xf2, 0x6, 0xa1, 0xa8, 0x14, 0xf, 0x6a,
    0x9, 0x60, 0x28, 0x3d, 0x7f, 0xff, 0x0, 0x3f,
    0x57, 0xf2, 0x1f, 0xcb, 0xfd, 0x87, 0xe4, 0x7f,
    0xc1, 0xfa, 0xe0, 0xff, 0xe1, 0x22, 0x41, 0xff,
    0xc4, 0x74, 0x6b, 0xc1, 0xf5, 0x3, 0x2f, 0x83,
    0xda, 0x19, 0xff, 0x4,

    /* U+8BF4 "说" */
    0xf, 0xca, 0xc, 0xa0, 0xce, 0x86, 0xa0, 0x6a,
    0x6, 0x49, 0xa, 0x20, 0xff, 0x64, 0x81, 0x10,
    0x44, 0x1e, 0xc4, 0xa0, 0x28, 0x9c, 0x1e, 0xc0,
    0xa0, 0x28, 0xa, 0x3, 0x52, 0x13, 0xfe, 0xd,
    0x2d, 0x87, 0xff, 0xb, 0xd0, 0x7f, 0xf1, 0x90,
    0xe7, 0xfc, 0x1f, 0xf2, 0x82, 0x40, 0xa0, 0xfe,
    0xa0, 0x38, 0x68, 0x1f, 0x90, 0xff, 0xe2, 0x34,
    0x50, 0x87, 0xf9, 0x2, 0xd9, 0x87, 0xa0, 0xa0,
    0x54, 0x88, 0x72, 0xc1, 0xb3, 0x4c, 0x33, 0x41,
    0x5, 0x84, 0xe1, 0x91, 0x10, 0x90, 0x3c, 0x1d,
    0x7d, 0x0,

    /* U+8BF7 "请" */
    0xf, 0xfa, 0xc3, 0xe7, 0x82, 0x5e, 0x17, 0x4,
    0x8c, 0x35, 0x81, 0x5c, 0x16, 0x2d, 0xf8, 0x1f,
    0xa0, 0xdc, 0x9f, 0x81, 0xf8, 0x3c, 0x82, 0xb0,
    0x2b, 0x2, 0xb2, 0x21, 0xfe, 0x45, 0xd9, 0x5c,
    0xa, 0xe3, 0xd0, 0x5f, 0xff, 0xc0, 0x9, 0xd,
    0x7f, 0xe8, 0x3f, 0xea, 0xf0, 0x7f, 0xf5, 0x2b,
    0xc1, 0xfc, 0xa0, 0x7f, 0x83, 0xf3, 0x40, 0x7f,
    0x83, 0xfd, 0x81, 0xae, 0xf, 0x40, 0xc2, 0x97,
    0x83, 0xc9, 0x87, 0xcd, 0x3, 0xde, 0xf, 0xcb,
    0x10, 0x0,

    /* U+8BFB "读" */
    0xf, 0xfe, 0x5, 0x3, 0xf7, 0x83, 0xf2, 0x83,
    0xf4, 0x61, 0x7e, 0x7, 0xe0, 0xcc, 0x60, 0x96,
    0x2, 0xd0, 0x73, 0x60, 0x6a, 0x5, 0x48, 0x79,
    0x5, 0xf8, 0x1f, 0xa0, 0x56, 0x6, 0xbf, 0xc6,
    0x2f, 0x1, 0x8a, 0x8a, 0x1, 0x1f, 0x21, 0xde,
    0x96, 0x14, 0x1f, 0xce, 0x6e, 0x17, 0x7, 0xf2,
    0xa9, 0x87, 0xff, 0x12, 0x81, 0x90, 0xff, 0xe0,
    0x7a, 0x74, 0xfe, 0xf, 0x97, 0x82, 0x5e, 0xf,
    0x77, 0x50, 0x23, 0xa8, 0x3e, 0x50, 0x31, 0x6a,
    0x7, 0x91, 0x8b, 0x18, 0xd5, 0x86, 0x4a, 0x1a,
    0x50, 0x2a, 0x18, 0x4e, 0x81, 0xb4, 0x39, 0xa0,

    /* U+8D1F "负" */
    0xe, 0x64, 0x3f, 0xf8, 0x72, 0x1f, 0xfc, 0x38,
    0x17, 0xf0, 0x7e, 0x50, 0xbc, 0x1f, 0xe8, 0xeb,
    0x1, 0xf, 0x39, 0x6, 0x51, 0x7, 0x30, 0x2f,
    0xd0, 0x3f, 0x6, 0x80, 0xbf, 0xc1, 0x9d, 0x5,
    0x7f, 0x7, 0xff, 0x2, 0xd0, 0xff, 0xe2, 0xa1,
    0xff, 0xc3, 0x43, 0xff, 0xac, 0x88, 0x7f, 0xcc,
    0x31, 0x50, 0x14, 0x1d, 0x34, 0x20, 0x3d, 0xc1,
    0x9b, 0x49, 0x2d, 0x56, 0x97, 0x25, 0xa1, 0xad,
    0x26, 0xaf, 0x21, 0xfa, 0xe4,

    /* U+8D23 "责" */
    0xf, 0xd6, 0x1f, 0xcb, 0xf8, 0x5f, 0x81, 0xd7,
    0x81, 0x5f, 0x2, 0xff, 0x3, 0xfe, 0xa, 0xfe,
    0x7, 0xf8, 0x35, 0x78, 0x15, 0xe0, 0x2c, 0x1f,
    0xfc, 0x15, 0x75, 0xf0, 0x2b, 0xfb, 0xff, 0xf8,
    0xa0, 0x7f, 0xff, 0x81, 0x7, 0xcb, 0xf8, 0x3f,
    0x9a, 0x86, 0xb0, 0x7f, 0xf0, 0x10, 0xff, 0xeb,
    0x42, 0x83, 0x61, 0x9e, 0x24, 0xef, 0xc8, 0x66,
    0xf2, 0xb7, 0x87, 0xc8, 0x39, 0x1e, 0x9, 0xf2,
    0x49, 0x4f, 0x41, 0xfa, 0xe4,

    /* U+8D25 "败" */
    0xf, 0xfe, 0x2, 0x1f, 0xd5, 0xf0, 0x56, 0x1f,
    0x97, 0xe0, 0x22, 0x1f, 0xd7, 0xd0, 0x59, 0x87,
    0xfd, 0x21, 0x92, 0xfe, 0xf, 0x38, 0x79, 0x60,
    0x21, 0xff, 0x45, 0x62, 0x81, 0xfe, 0x50, 0x81,
    0xf, 0xfe, 0xe, 0x4, 0x32, 0x1f, 0xf4, 0x90,
    0x30, 0xff, 0x61, 0x50, 0x25, 0x7, 0xff, 0x9,
    0x24, 0xc3, 0xe4, 0x43, 0x95, 0x8, 0x74, 0xe0,
    0x60, 0xa0, 0x41, 0xe4, 0x55, 0x10, 0xf4, 0x1f,
    0x45, 0xa8, 0x2c, 0x48, 0x3a, 0x50, 0x90, 0xe5,
    0x15, 0x85, 0xaa, 0x6, 0x31, 0x24, 0x98, 0x3a,
    0x6, 0xdb, 0x42, 0xa6, 0x0,

    /* U+8D44 "资" */
    0xf, 0xea, 0x7, 0xfb, 0x90, 0xca, 0xf, 0xf2,
    0xac, 0x18, 0x3f, 0xe4, 0x16, 0x82, 0x19, 0x1a,
    0x1, 0xd, 0x6a, 0x24, 0x24, 0x8, 0x73, 0x76,
    0x28, 0x66, 0x80, 0x6e, 0x44, 0xa1, 0xce, 0x1a,
    0x4b, 0xa6, 0x98, 0xc5, 0xc5, 0xe4, 0x9, 0x61,
    0x3c, 0x62, 0x35, 0x2b, 0xaf, 0x1a, 0x16, 0xbf,
    0xfc, 0xc, 0x3e, 0xfd, 0x4f, 0xa0, 0xff, 0xe0,
    0xd8, 0x48, 0x7f, 0xf0, 0x23, 0xf, 0xfe, 0x1a,
    0x86, 0x40, 0xe1, 0xd6, 0x50, 0xd5, 0x7c, 0x86,
    0x6f, 0x2b, 0x1e, 0x4b, 0x81, 0xc8, 0xf0, 0x66,
    0xe1, 0x7, 0xe8, 0x3f, 0x9f, 0x0,

    /* U+8D56 "赖" */
    0xe, 0x83, 0xd4, 0xf, 0xf2, 0xc1, 0xca, 0xf,
    0xab, 0x15, 0x24, 0xf, 0x90, 0x96, 0x9, 0x58,
    0x9e, 0x2, 0x17, 0xd1, 0x7a, 0xcc, 0x28, 0x39,
    0x59, 0xac, 0x5, 0x66, 0x84, 0xd1, 0x1a, 0x9,
    0x40, 0x30, 0x77, 0x1c, 0x1b, 0xf2, 0x1f, 0x21,
    0xf9, 0xc3, 0xf9, 0xf, 0xfe, 0x37, 0x1c, 0x1d,
    0x87, 0xcd, 0x2, 0xa2, 0x1f, 0xfc, 0x7, 0xa,
    0x43, 0xff, 0x82, 0xa0, 0x26, 0x19, 0x41, 0xe6,
    0x23, 0x86, 0x89, 0xbc, 0x14, 0x61, 0x3a, 0x30,
    0x28, 0x85, 0x61, 0xf5, 0x9b, 0x9c, 0x4, 0x3e,
    0x9b, 0xb, 0x43, 0xce, 0x82, 0xd0, 0xea, 0x0,

    /* U+8F6C "转" */
    0xd, 0xa1, 0xf5, 0x3, 0xf2, 0x61, 0xf2, 0x83,
    0xd5, 0xd, 0x15, 0x50, 0x2a, 0x40, 0xa0, 0x94,
    0x6b, 0x1, 0x60, 0xbc, 0x3f, 0x37, 0x81, 0xf9,
    0x9, 0x30, 0xff, 0xe2, 0xe0, 0xd1, 0xf8, 0x1f,
    0xc1, 0x2c, 0x61, 0xff, 0xc2, 0x81, 0x1, 0x5e,
    0x7, 0xf8, 0x32, 0x86, 0x42, 0x43, 0xf7, 0x50,
    0xc9, 0xf, 0xf2, 0x5, 0xc0, 0x42, 0x5c, 0x12,
    0x1f, 0x98, 0xae, 0x6, 0x13, 0x78, 0x64, 0x8,
    0x22, 0xd, 0x21, 0xac, 0x6e, 0x58, 0x35, 0x38,
    0x50, 0x18, 0x48, 0x39, 0x42, 0x1e, 0x70, 0x61,
    0xff, 0xc5, 0xd3, 0xf, 0xfe, 0x2c, 0xa0, 0xfd,
    0xc1, 0xfa, 0x81, 0x0,

    /* U+8F7D "载" */
    0xc, 0xe8, 0x6e, 0xf, 0x96, 0xcd, 0x41, 0x27,
    0x83, 0x54, 0x8d, 0x30, 0xd1, 0x85, 0xf4, 0x3f,
    0x6, 0x60, 0x97, 0x60, 0x5c, 0x5, 0x12, 0x56,
    0x46, 0xb0, 0x2b, 0x8f, 0xa2, 0xfe, 0x7, 0xf0,
    0x68, 0x3e, 0x42, 0xa0, 0x2f, 0x2, 0xfd, 0x6,
    0x50, 0x28, 0x9, 0x2b, 0x1, 0x44, 0x12, 0x28,
    0xb, 0x18, 0x31, 0xb, 0x4, 0x95, 0x9, 0xa8,
    0x3c, 0xa0, 0x2c, 0x12, 0x41, 0xbf, 0x27, 0xc1,
    0x90, 0xe5, 0xa4, 0xfa, 0xb, 0x1c, 0xac, 0x81,
    0x57, 0x81, 0x6, 0xbf, 0x25, 0x8, 0xe3, 0x83,
    0xff, 0x83, 0x8a, 0x4, 0x1e, 0xb0, 0x38, 0x57,
    0x90,

    /* U+8FC7 "过" */
    0xf, 0xfe, 0x13, 0x7, 0xac, 0x3f, 0xda, 0x83,
    0xe8, 0x3f, 0xf8, 0xb0, 0xc1, 0xff, 0xc5, 0xc4,
    0xff, 0x92, 0xf0, 0x77, 0x85, 0xf8, 0x25, 0x7,
    0xea, 0xf9, 0x2a, 0x3, 0x52, 0xf, 0x7, 0xfd,
    0xad, 0x81, 0x20, 0xff, 0x5c, 0x1a, 0x58, 0x3f,
    0xe4, 0x3a, 0x30, 0xff, 0xe3, 0x70, 0x7f, 0xf6,
    0xfe, 0x44, 0x3d, 0x8a, 0xc, 0x81, 0x83, 0xd8,
    0x94, 0x41, 0x7a, 0x40, 0x83, 0x29, 0xaa, 0xff,
    0xe8, 0x12, 0x81, 0x68, 0x7f, 0x20, 0x60, 0xeb,
    0xff, 0xa0,

    /* U+8FD0 "运" */
    0x4, 0x19, 0xaf, 0xe4, 0x25, 0x68, 0x35, 0xfe,
    0xc, 0xc5, 0xb, 0xff, 0x90, 0xce, 0x41, 0xff,
    0xc6, 0xc3, 0xff, 0x93, 0xff, 0xfc, 0x11, 0xfc,
    0x4b, 0x1, 0x7d, 0x7, 0xcd, 0x0, 0xd0, 0xa9,
    0x1f, 0x21, 0xc9, 0xa, 0x83, 0xff, 0x81, 0x8,
    0x17, 0x7, 0xfc, 0x90, 0x51, 0x7, 0xfb, 0x5,
    0xf8, 0x10, 0x7f, 0xf0, 0x10, 0x94, 0x21, 0xc8,
    0x54, 0xfe, 0xa9, 0xd, 0x83, 0x84, 0x3e, 0x60,
    0xb1, 0x95, 0x7f, 0xfc, 0x13, 0x36, 0x87, 0xf9,
    0x7, 0x6, 0xbf, 0xfd, 0x0,

    /* U+8FD1 "近" */
    0xf, 0xfe, 0x1b, 0x21, 0xbc, 0x19, 0xa7, 0xe9,
    0x90, 0xa3, 0xa, 0x50, 0xb5, 0xe4, 0x26, 0x30,
    0xde, 0xa9, 0xf, 0x95, 0x7, 0xff, 0x1a, 0x43,
    0xff, 0x99, 0xff, 0xc0, 0xbe, 0x83, 0x2e, 0x2,
    0xc1, 0xff, 0x56, 0x1a, 0x81, 0x78, 0x3f, 0xf9,
    0xa8, 0x7f, 0xf1, 0x53, 0xf, 0xfe, 0x2e, 0x21,
    0xff, 0xc5, 0x43, 0xff, 0x86, 0x88, 0x20, 0xff,
    0xe0, 0xf0, 0x35, 0x7, 0x50, 0x3b, 0x1f, 0xf,
    0xd5, 0xbf, 0x2, 0x20, 0x72, 0x5, 0x83, 0x20,
    0x70, 0xcd, 0xff, 0xd0,

    /* U+8FD8 "还" */
    0x2, 0x83, 0xff, 0x8d, 0x44, 0xaf, 0xfe, 0x0,
    0x68, 0x80, 0xbf, 0xf0, 0x66, 0x3b, 0xf4, 0xf,
    0xc1, 0xca, 0xc3, 0xa2, 0xf, 0xf4, 0x1d, 0x1,
    0xf, 0xfe, 0x1a, 0x82, 0x43, 0xdf, 0x83, 0x41,
    0x51, 0xf, 0xfe, 0x6, 0x20, 0x8a, 0x6, 0xf0,
    0x4e, 0x30, 0x58, 0xa0, 0xf9, 0x86, 0xe, 0xc9,
    0xf, 0x2a, 0x81, 0xf6, 0xa0, 0xfa, 0x43, 0xfa,
    0xf, 0xfe, 0x7a, 0x1f, 0xfc, 0x3b, 0x5, 0x10,
    0xa8, 0x1f, 0x28, 0xa0, 0xdf, 0x53, 0xfc, 0x24,
    0xae, 0x43, 0xfc, 0x83, 0x42, 0x6f, 0xff, 0x40,

    /* U+8FDB "进" */
    0xf, 0xfe, 0x55, 0x3, 0x9e, 0x5, 0x87, 0xce,
    0x1f, 0xfc, 0x59, 0x20, 0xff, 0x21, 0xe8, 0x2f,
    0x43, 0xe4, 0xb8, 0x3b, 0x85, 0x4, 0xa0, 0x90,
    0xfe, 0xa8, 0x68, 0x9d, 0x0, 0xbc, 0x1f, 0xfc,
    0x3e, 0xac, 0x3f, 0xc8, 0x6a, 0x82, 0xf4, 0x3e,
    0x4b, 0xc1, 0x28, 0x25, 0x4, 0xa0, 0x94, 0x1f,
    0xa8, 0xe, 0x89, 0xd0, 0x3f, 0x91, 0xf, 0xfe,
    0x2c, 0x61, 0xff, 0xc0, 0x42, 0x85, 0x7, 0xfd,
    0x41, 0xba, 0x6, 0xd0, 0xe9, 0x5c, 0xd3, 0xd5,
    0x6f, 0xc9, 0x90, 0xf2, 0x5, 0xc1, 0x91, 0xc3,
    0x37, 0xff, 0x80,

    /* U+9010 "逐" */
    0x4, 0x15, 0x7f, 0xf0, 0x10, 0x2b, 0x2, 0xff,
    0xf0, 0x2, 0x63, 0x3f, 0x1, 0xfe, 0x42, 0x50,
    0x67, 0x4, 0x12, 0x83, 0xac, 0x79, 0x8c, 0xd,
    0x3, 0xf4, 0x51, 0x3, 0x47, 0xa, 0xb1, 0xe5,
    0x60, 0x95, 0x6, 0x5c, 0x7, 0x9d, 0x6, 0x1d,
    0xe4, 0x14, 0x39, 0x40, 0xa0, 0x7f, 0x53, 0x28,
    0x8b, 0x41, 0xfc, 0xad, 0xa0, 0x25, 0x41, 0xf3,
    0xc4, 0x86, 0x8c, 0x3e, 0x8b, 0x48, 0xc1, 0xa1,
    0xf7, 0x93, 0xc8, 0x87, 0xd2, 0x70, 0x4a, 0xb0,
    0xfb, 0x56, 0xaf, 0x40, 0xeb, 0x78, 0x26, 0x2e,
    0x5f, 0xe1, 0x7, 0x6, 0x6f, 0xfe, 0x80,

    /* U+901F "速" */
    0xf, 0xfa, 0x43, 0xe9, 0xf, 0xce, 0x1f, 0x32,
    0xa, 0xe1, 0xae, 0x6, 0x4b, 0xf0, 0x17, 0x82,
    0x8d, 0xfe, 0x1f, 0xe0, 0x9a, 0xd, 0x61, 0xac,
    0x1c, 0x83, 0x50, 0x86, 0x50, 0x1a, 0x90, 0xbb,
    0x1a, 0x21, 0x4b, 0x61, 0xff, 0xc2, 0xf4, 0x1d,
    0xf0, 0xf9, 0xe, 0x42, 0xa9, 0xd, 0x50, 0x7f,
    0x2c, 0x1b, 0x50, 0x7f, 0xb2, 0x19, 0xc3, 0xfa,
    0xc9, 0x3, 0x1a, 0x1e, 0x51, 0xa1, 0x9c, 0x40,
    0xe3, 0xd8, 0x7e, 0xc1, 0x42, 0x8d, 0xd4, 0x95,
    0xb3, 0x35, 0x72, 0xff, 0x80, 0xe1, 0x9b, 0xff,
    0xc0,

    /* U+907F "避" */
    0xf, 0xfe, 0x15, 0x3, 0x9c, 0x27, 0xf4, 0x12,
    0x1f, 0x61, 0x94, 0x5, 0x2, 0x50, 0x14, 0x41,
    0x50, 0x14, 0x46, 0x81, 0x42, 0x61, 0xdb, 0x73,
    0x86, 0xf0, 0x52, 0x13, 0x9a, 0x1f, 0xe6, 0x9,
    0x42, 0x83, 0xfd, 0xf5, 0x7, 0x18, 0x1f, 0x84,
    0x39, 0x60, 0x90, 0x28, 0x3b, 0xfd, 0x17, 0x81,
    0x40, 0x20, 0x74, 0x56, 0x6a, 0xf, 0x61, 0xee,
    0x46, 0x81, 0xe4, 0x43, 0x5c, 0x5e, 0xf, 0x38,
    0x7f, 0xf1, 0xa0, 0x3a, 0x1f, 0xf4, 0xd, 0xeb,
    0x1, 0x60, 0xda, 0xa6, 0xaf, 0xaa, 0x29, 0x84,
    0xcd, 0xa2, 0xff, 0x5, 0xc1, 0xaf, 0xff, 0x80,

    /* U+90E8 "部" */
    0xf, 0xfe, 0x5d, 0x3, 0xff, 0x8a, 0xa0, 0xeb,
    0xf9, 0x5, 0x40, 0xea, 0xf, 0xa1, 0x70, 0x4b,
    0x5, 0xe8, 0x87, 0x6f, 0x95, 0x87, 0x42, 0x13,
    0x4, 0xa0, 0xf9, 0xc, 0x88, 0x90, 0x72, 0x61,
    0xb0, 0xa1, 0xe, 0x84, 0x1e, 0x8b, 0x7, 0x90,
    0xfc, 0xbf, 0xe0, 0xd9, 0x82, 0xbf, 0xc8, 0x68,
    0x41, 0x5f, 0x90, 0xe4, 0xc0, 0xbf, 0xb0, 0xff,
    0xe0, 0x7f, 0x7, 0xff, 0x31, 0xf1, 0x87, 0xe4,
    0x39, 0x4, 0x86, 0xfd, 0x7, 0xbc, 0x87, 0x2f,
    0x7, 0xff, 0x3, 0xd5, 0xdc, 0x58, 0x78,

    /* U+914D "配" */
    0xff, 0xe3, 0xfe, 0x85, 0x84, 0xa, 0xf, 0xf5,
    0x44, 0x54, 0x7f, 0x83, 0x50, 0x8e, 0x43, 0xfc,
    0xb0, 0x8a, 0xc3, 0xff, 0x81, 0x99, 0x87, 0xff,
    0x2b, 0xfc, 0x1f, 0xfd, 0x6f, 0xc1, 0xd4, 0x1c,
    0x3f, 0xac, 0x2d, 0x2c, 0x3f, 0x94, 0x19, 0x70,
    0x7f, 0xf0, 0xab, 0x83, 0xfc, 0x85, 0xfc, 0x1f,
    0xcc, 0x81, 0x78, 0x3f, 0xf8, 0x55, 0xc1, 0xd5,
    0xc2, 0xf, 0xe0, 0xa1, 0x71, 0xe, 0x1d, 0xc3,
    0xfe, 0x40,

    /* U+91CA "释" */
    0xf, 0x90, 0xff, 0xe0, 0xb4, 0xfa, 0x6b, 0xf9,
    0x4, 0xa0, 0x5a, 0x2f, 0xec, 0x1f, 0x1, 0x6a,
    0x17, 0xc0, 0x81, 0x61, 0xac, 0x48, 0x19, 0x85,
    0x8, 0x12, 0x6, 0x78, 0xc3, 0xa4, 0x28, 0x3e,
    0x43, 0xae, 0x7, 0x86, 0xc9, 0x5c, 0x12, 0xc0,
    0x57, 0x2b, 0x6d, 0x5a, 0x7a, 0x5, 0xeb, 0x8e,
    0x2e, 0x42, 0x81, 0x20, 0xa8, 0x6a, 0x42, 0x43,
    0x4e, 0xb0, 0x16, 0xd, 0x20, 0xc1, 0x7c, 0xf,
    0x82, 0xc8, 0x2d, 0xf, 0xfe, 0xc, 0x1c, 0xfe,
    0x7, 0xe0, 0x48, 0x72, 0xf0, 0x17, 0x1, 0xf,
    0xab, 0x2, 0xb0, 0x7f, 0xf7, 0x40,

    /* U+91CD "重" */
    0xf, 0xf9, 0x69, 0xe, 0xbf, 0xf5, 0x4e, 0x1e,
    0x5e, 0x5, 0x3e, 0x83, 0x3f, 0xe0, 0xcb, 0xe2,
    0xbf, 0x2, 0xbf, 0x17, 0xfc, 0xf, 0xfc, 0x15,
    0xfc, 0xf, 0xf0, 0x7d, 0x58, 0x15, 0x83, 0xfc,
    0xb0, 0x17, 0x7, 0xf5, 0xf0, 0x3f, 0x7, 0xf7,
    0xe0, 0x7e, 0xf, 0xef, 0xc0, 0xfc, 0x1f, 0x57,
    0x81, 0x5e, 0xe, 0x43, 0xff, 0x82, 0x84, 0xd7,
    0x81, 0x5f, 0x4, 0xff, 0x81, 0xff, 0x1, 0xaf,
    0x81, 0x5f, 0x89, 0x7e, 0x2, 0xfe, 0x0,

    /* U+91CF "量" */
    0xf, 0xfe, 0x4b, 0xff, 0xfc, 0x4, 0x3e, 0xbf,
    0xf2, 0x1f, 0xd7, 0xfe, 0x43, 0xfa, 0xff, 0xc8,
    0x7f, 0x5f, 0xf9, 0xe, 0x51, 0x5f, 0xfc, 0x1,
    0x45, 0x7f, 0xf1, 0x8f, 0xff, 0xe3, 0x5, 0xff,
    0xfc, 0x20, 0xfb, 0xf0, 0x3f, 0x7, 0xf7, 0xe0,
    0x7e, 0xf, 0xea, 0xc0, 0xac, 0x1f, 0x25, 0x60,
    0x56, 0x10, 0xee, 0xb8, 0x15, 0xd8, 0x66, 0xbc,
    0xa, 0xf2, 0x4, 0xaf, 0x2, 0xbc, 0x25, 0x7e,
    0x5, 0x7e, 0x0,

    /* U+94FE "链" */
    0x2, 0x83, 0xfa, 0x43, 0xee, 0xa, 0xc3, 0x38,
    0x7c, 0x94, 0x42, 0x54, 0x5, 0xc0, 0x80, 0xaa,
    0x17, 0x23, 0x58, 0x9, 0xf8, 0x2b, 0x1f, 0xe0,
    0xa0, 0xee, 0x12, 0x98, 0x73, 0x7c, 0x86, 0x83,
    0xfa, 0x40, 0xfe, 0x41, 0xa7, 0x90, 0xa0, 0x58,
    0x48, 0x7f, 0xf0, 0xdc, 0x2f, 0x93, 0xc8, 0x3c,
    0xe, 0xf, 0xfe, 0x5b, 0xf2, 0x7c, 0xf, 0x3,
    0x83, 0x2c, 0x5, 0x83, 0xfe, 0x6a, 0x4a, 0x83,
    0xcc, 0x1f, 0xfc, 0x68, 0x41, 0x21, 0x21, 0xe4,
    0x11, 0x13, 0x79, 0x5f, 0x7, 0x6e, 0x6f, 0x21,
    0xfc, 0xe0, 0x70, 0x9b, 0xfc, 0x0,

    /* U+9501 "锁" */
    0xa, 0x43, 0xeb, 0xf, 0xca, 0xc3, 0x68, 0x73,
    0x86, 0xc6, 0xa0, 0x41, 0xd0, 0x65, 0x1, 0x62,
    0x10, 0xa2, 0xa, 0x3f, 0x85, 0x7, 0x28, 0x9,
    0x7, 0xa3, 0x48, 0x10, 0x1a, 0x7e, 0x85, 0x80,
    0xb8, 0x25, 0x4, 0xe0, 0x7f, 0x83, 0xd4, 0x28,
    0x86, 0xb0, 0xff, 0xe7, 0xfa, 0x2f, 0x7, 0xff,
    0x5, 0x41, 0x28, 0x32, 0x1f, 0xaa, 0x2a, 0xf,
    0xfe, 0xdc, 0xe, 0x20, 0x28, 0x3b, 0x2d, 0x3c,
    0x9e, 0xa8, 0x39, 0x3, 0xba, 0x72, 0xb8, 0x32,
    0xe, 0xa1, 0xc1, 0x6a, 0xc2, 0x6c, 0x14, 0xe0,
    0xea, 0x60,

    /* U+9519 "错" */
    0xa, 0x81, 0xce, 0x83, 0x83, 0xc8, 0x7f, 0xf1,
    0xa1, 0xa8, 0xa1, 0xd0, 0x64, 0xa, 0x2, 0xf0,
    0x16, 0x3, 0x2, 0x3f, 0x9d, 0x2f, 0xf, 0x82,
    0x5e, 0xb, 0xf, 0xf6, 0xd6, 0xda, 0x1d, 0x6,
    0x81, 0x50, 0x14, 0xd0, 0x2c, 0x5, 0x80, 0xa1,
    0x6b, 0xff, 0xc8, 0x7f, 0x97, 0xf0, 0x57, 0x87,
    0xc5, 0x7f, 0x5, 0xa8, 0xa, 0xa, 0xfc, 0x1c,
    0xd0, 0x68, 0x12, 0x19, 0xf, 0xfe, 0x17, 0xf2,
    0x1f, 0xe4, 0x26, 0xb0, 0x7f, 0x3c, 0x14, 0xbc,
    0x1e, 0xc2, 0xc2, 0xfe, 0x43, 0xc9, 0x61, 0x97,
    0x83, 0xeb, 0x43, 0xab, 0x90, 0x80,

    /* U+95EA "闪" */
    0x2, 0x1f, 0xfc, 0x5b, 0x3, 0xff, 0xe8, 0x11,
    0x87, 0xff, 0x1, 0x2, 0x89, 0xff, 0xe0, 0xe8,
    0x43, 0xff, 0x83, 0xc7, 0x82, 0xe0, 0xff, 0xe1,
    0xa6, 0x1f, 0xfc, 0x3c, 0x43, 0xff, 0x86, 0x87,
    0xff, 0x12, 0x6, 0x1f, 0xfc, 0x24, 0x4c, 0x3f,
    0xf8, 0x19, 0x44, 0xc3, 0xfd, 0x1, 0x24, 0x83,
    0xf6, 0x98, 0x50, 0xa0, 0xfe, 0xc3, 0xb1, 0xf,
    0xbc, 0x1f, 0x61, 0xff, 0xd6, 0x7e, 0x10, 0xff,
    0xe0, 0x21, 0x30,

    /* U+95EE "问" */
    0x2, 0x1f, 0xfc, 0x4a, 0x20, 0xaf, 0xf8, 0x11,
    0x22, 0xff, 0xc1, 0x64, 0x7f, 0xf2, 0x1d, 0x21,
    0xff, 0xc2, 0xe6, 0xf, 0xfe, 0x1a, 0x6, 0xbe,
    0xf, 0xf6, 0xbe, 0xf, 0xfe, 0xf, 0xe0, 0xff,
    0xfc, 0x7e, 0xf, 0xfe, 0x12, 0xf6, 0x1f, 0xfc,
    0xa, 0xe4, 0x3f, 0xd6, 0x1f, 0xfc, 0xb7, 0xc8,
    0x7f, 0xf0, 0x90, 0xa0, 0xff, 0xe1, 0x7c, 0x80,

    /* U+95F4 "间" */
    0x2, 0x1f, 0xfc, 0x4a, 0x80, 0xd7, 0xfc, 0x42,
    0x8d, 0x7f, 0xe0, 0x64, 0x5f, 0xfc, 0x1d, 0x61,
    0xff, 0xc2, 0xe4, 0x3f, 0xf8, 0x88, 0x2f, 0xf8,
    0x3f, 0xf8, 0x15, 0x83, 0xff, 0x84, 0xbc, 0x1f,
    0xfc, 0x15, 0xe0, 0xff, 0xe0, 0xd6, 0xf, 0xfe,
    0x17, 0xe4, 0x3f, 0xfa, 0x6b, 0xc1, 0xff, 0xc1,
    0xac, 0x1f, 0xfc, 0xb, 0xfe, 0xf, 0xfe, 0x3d,
    0x4, 0x3f, 0xf8, 0x4a, 0x20, 0xff, 0xe1, 0x7c,
    0x0,

    /* U+9605 "阅" */
    0x2, 0x1f, 0xfc, 0x4a, 0x80, 0xd7, 0xf9, 0x21,
    0x46, 0xbf, 0xec, 0x19, 0x17, 0xff, 0x7, 0x78,
    0xd0, 0xbc, 0x1e, 0xe0, 0xd0, 0x32, 0xf, 0xfa,
    0x14, 0x28, 0x3f, 0xdc, 0x50, 0x7c, 0x1f, 0xe6,
    0xb2, 0x1f, 0xfc, 0x15, 0xd8, 0x7f, 0xf0, 0x1a,
    0xd8, 0x7f, 0xf0, 0x57, 0x84, 0x3f, 0xbc, 0x49,
    0xe8, 0x3f, 0xc8, 0x87, 0xff, 0xe, 0x43, 0x98,
    0x3e, 0x76, 0x32, 0x64, 0x3e, 0xe8, 0x4, 0x60,
    0x41, 0xe9, 0xd, 0xf8, 0x48, 0x3f, 0xf8, 0x5f,
    0x0,

    /* U+9644 "附" */
    0xf, 0xe6, 0xc, 0xa0, 0xbf, 0x90, 0x48, 0x6a,
    0x7, 0x21, 0x91, 0xf, 0xf3, 0x22, 0x64, 0x1f,
    0xfc, 0x4, 0x24, 0x3f, 0xf8, 0x71, 0xd, 0xf8,
    0x1a, 0x12, 0x2c, 0xd, 0x70, 0x10, 0xd8, 0x20,
    0x9a, 0xc0, 0x90, 0xa2, 0x20, 0x90, 0xff, 0x95,
    0xa1, 0x50, 0x3f, 0xd8, 0x79, 0x41, 0xff, 0xc0,
    0x43, 0x44, 0x1f, 0xd8, 0x7e, 0x43, 0xf6, 0x88,
    0x77, 0x83, 0xf5, 0x30, 0xff, 0xe2, 0x28, 0x3f,
    0xfc, 0x2f, 0x84, 0x3f, 0xf8, 0x48, 0x18, 0x0,

    /* U+9762 "面" */
    0xaf, 0xfe, 0x30, 0xbf, 0xfc, 0x5b, 0xfd, 0xf,
    0xfe, 0xf, 0xb3, 0xf, 0xea, 0xf2, 0x75, 0xf0,
    0x17, 0xc0, 0x5f, 0xc1, 0xbc, 0x9f, 0x45, 0xe0,
    0xff, 0xe0, 0xa1, 0xff, 0xc2, 0xfc, 0x1f, 0xfc,
    0x26, 0x88, 0x7f, 0xf0, 0xa5, 0x41, 0xff, 0xc2,
    0xac, 0x1f, 0xfc, 0x25, 0xc1, 0xff, 0xc2, 0xfc,
    0x1f, 0xfc, 0x54, 0x3f, 0xde, 0x4f, 0xa2, 0xf0,
    0x79, 0x7f, 0xf8, 0x1, 0xea, 0xff, 0xe0, 0x4,

    /* U+97F3 "音" */
    0xf, 0xdc, 0x1f, 0xfc, 0x54, 0x3f, 0xaf, 0xf0,
    0x3f, 0xe0, 0x6b, 0xb, 0xe0, 0x2c, 0x6, 0x89,
    0x5e, 0x5, 0x41, 0xd1, 0x6, 0x44, 0x33, 0x56,
    0x35, 0xc0, 0xae, 0x5c, 0x5, 0xc0, 0x5e, 0xff,
    0xfe, 0x30, 0x7f, 0xf2, 0x7f, 0xff, 0x80, 0x87,
    0xd5, 0xf9, 0xf, 0xcb, 0xfd, 0x87, 0xe7, 0xff,
    0x41, 0xfd, 0x5f, 0x90, 0xfc, 0xbf, 0xd8, 0x7e,
    0x6b, 0xf8, 0x3f, 0x97, 0xf0, 0x7f, 0x3f, 0xfa,
    0xc,

    /* U+9875 "页" */
    0x3f, 0xff, 0x89, 0x21, 0xff, 0xc4, 0x57, 0xfa,
    0x1f, 0xfc, 0x1f, 0x66, 0x1f, 0xe7, 0xf2, 0x5f,
    0xe0, 0xff, 0xe6, 0x5f, 0xfc, 0x1f, 0xfc, 0xb,
    0xf, 0xff, 0xd2, 0x1f, 0xfc, 0x44, 0x24, 0x3f,
    0x32, 0x31, 0x56, 0xf8, 0x39, 0x28, 0x4c, 0x96,
    0x84, 0xde, 0x49, 0x5, 0xa5, 0x8c, 0x8d, 0xa1,
    0xd6, 0x93, 0x7a, 0x43, 0xfa, 0xa0,

    /* U+987B "须" */
    0xe, 0x43, 0xff, 0x8c, 0xdb, 0xff, 0xf0, 0x66,
    0x34, 0x3f, 0xc8, 0x54, 0x30, 0x7e, 0x7, 0xe8,
    0xa, 0x30, 0xd5, 0x2, 0xb0, 0x4d, 0x86, 0x5c,
    0x5, 0xc1, 0x90, 0x5a, 0x7, 0xf8, 0x3f, 0x4b,
    0x3, 0x18, 0x3f, 0xb5, 0x41, 0xda, 0x83, 0xce,
    0x30, 0x7f, 0xf0, 0xd2, 0x81, 0xff, 0xc5, 0xd0,
    0x48, 0x7f, 0xf1, 0x67, 0xf, 0x21, 0xfc, 0xa2,
    0xc, 0x84, 0x87, 0x98, 0xc7, 0x62, 0xb6, 0x1a,
    0x84, 0x1a, 0x44, 0x74, 0x2d, 0x34, 0xe, 0x99,
    0x42, 0x80, 0xdc, 0x2a, 0x16, 0x13, 0xa8, 0x28,
    0x35, 0x34, 0x3d, 0x60,

    /* U+9884 "预" */
    0x3f, 0xe7, 0xff, 0xc0, 0x5e, 0x9, 0x70, 0x17,
    0x2, 0xb6, 0x2a, 0xb0, 0x2b, 0x5, 0xcc, 0x40,
    0xa8, 0x15, 0x6, 0x54, 0x61, 0x2c, 0x5, 0xc1,
    0x58, 0x20, 0xcf, 0xe4, 0x35, 0x48, 0xd1, 0xa,
    0xcc, 0x32, 0xe0, 0x28, 0x32, 0x1f, 0x7c, 0x38,
    0x10, 0xff, 0xe3, 0x41, 0xff, 0xc5, 0x44, 0x3f,
    0xf8, 0xae, 0x1f, 0xfc, 0xbd, 0x10, 0x90, 0xff,
    0xb7, 0x28, 0xe1, 0xff, 0xc1, 0x50, 0xac, 0x3f,
    0xf8, 0x34, 0x35, 0x18, 0x4f, 0x83, 0x3a, 0xb0,
    0x49, 0x81, 0x3, 0x1, 0x28, 0x1a, 0x60, 0xbd,
    0x6, 0xd0, 0xf4, 0x80,

    /* U+9898 "题" */
    0xf, 0xfe, 0x57, 0xfc, 0x7f, 0xf0, 0x75, 0x41,
    0x2c, 0x5, 0xa0, 0xff, 0xaa, 0x5, 0x48, 0x75,
    0x41, 0xa8, 0xa, 0x83, 0xdf, 0x20, 0x5e, 0x14,
    0x1e, 0xf9, 0xd, 0xc4, 0x87, 0x57, 0xc1, 0x94,
    0x1e, 0x43, 0xe4, 0x3f, 0xea, 0xfe, 0xf, 0xfb,
    0xf0, 0xfc, 0x16, 0x1f, 0xa8, 0xc, 0x3c, 0xa0,
    0xf9, 0xa, 0xf4, 0xb1, 0xbc, 0x1c, 0x81, 0xa8,
    0xa0, 0xd1, 0xf, 0x46, 0xa1, 0xcc, 0xcd, 0x2,
    0x28, 0xc1, 0x47, 0xb, 0x30, 0x65, 0x7, 0x84,
    0x5a, 0x88, 0x4c, 0x3c, 0xbd, 0x52, 0xc1, 0x68,
    0x4d, 0xff, 0xe8,

    /* U+98CE "风" */
    0xb, 0xff, 0xf8, 0x30, 0x7f, 0xf4, 0x3f, 0xfc,
    0x1f, 0xfc, 0x5d, 0xf, 0xfe, 0x7, 0x5, 0x8,
    0x7f, 0xf0, 0x15, 0x1, 0xf, 0xfe, 0x14, 0x2a,
    0x20, 0xff, 0xe1, 0x64, 0x88, 0x7f, 0xf0, 0xf0,
    0x41, 0xff, 0xc4, 0x41, 0x7, 0xff, 0x1, 0xa,
    0x9, 0xf, 0xe4, 0x36, 0x59, 0x4, 0x87, 0x66,
    0x62, 0x88, 0xc3, 0x21, 0x23, 0x8c, 0x4, 0xa,
    0x4, 0x88, 0x53, 0x6, 0xf2, 0x4, 0x28, 0x86,
    0xf, 0xd1, 0x8, 0x88, 0x7f, 0xf0, 0x21, 0x5,
    0x87, 0xff, 0x5, 0xe0,

    /* U+9AD8 "高" */
    0xf, 0xd2, 0x1f, 0xfc, 0x46, 0xf, 0xd7, 0xfc,
    0xf, 0xf9, 0xf, 0xfe, 0x35, 0xff, 0xfc, 0x44,
    0x2f, 0xff, 0xe0, 0x7, 0xef, 0xfc, 0x1f, 0xe5,
    0xfc, 0x1f, 0xea, 0xfc, 0x1f, 0xbf, 0xff, 0x80,
    0x13, 0xff, 0xfc, 0x40, 0xd5, 0xff, 0xc0, 0xe,
    0x58, 0x3f, 0x28, 0x3e, 0xaf, 0xe0, 0xff, 0xbf,
    0x90, 0xff, 0xe0, 0x7f, 0x21, 0xff, 0xc0, 0x6b,
    0xc1, 0xfd, 0xb2, 0xfa, 0x81, 0xf3, 0x7, 0xcb,
    0x40,

    /* U+9EA6 "麦" */
    0xf, 0xdc, 0x1f, 0xe6, 0xbc, 0x35, 0xf0, 0x52,
    0xf8, 0xb, 0xf0, 0x5f, 0xf0, 0x3f, 0xe0, 0xcb,
    0xe0, 0x2f, 0x83, 0xab, 0xc0, 0xaf, 0x7, 0x7f,
    0x81, 0xfe, 0xa, 0xbf, 0x2, 0xbf, 0xb, 0xf8,
    0xb, 0xf8, 0xfe, 0x41, 0xff, 0xe0, 0xe9, 0x1a,
    0xf2, 0x1f, 0x68, 0x17, 0xe8, 0x3a, 0xc2, 0x7f,
    0x40, 0xc3, 0x2d, 0xe5, 0x40, 0x62, 0xe, 0x78,
    0x12, 0xbd, 0x1a, 0x1f, 0xf6, 0x19, 0xf, 0xca,
    0xbd, 0xa, 0x1f, 0x51, 0x45, 0x48, 0xdd, 0x39,
    0x15, 0x42, 0xaf, 0x48, 0x66, 0xf5, 0x30,

    /* U+FF0C "，" */
    0x5, 0xa0, 0x51, 0x7, 0xe7, 0x43, 0x94, 0x7,
    0x20, 0x46, 0x17, 0x82
};


/*---------------------
 *  GLYPH DESCRIPTION
 *--------------------*/

static const lv_font_fmt_txt_glyph_dsc_t glyph_dsc[] = {
    {.bitmap_index = 0, .adv_w = 0, .box_w = 0, .box_h = 0, .ofs_x = 0, .ofs_y = 0} /* id = 0 reserved */,
    {.bitmap_index = 0, .adv_w = 72, .box_w = 0, .box_h = 0, .ofs_x = 0, .ofs_y = 0},
    {.bitmap_index = 0, .adv_w = 110, .box_w = 4, .box_h = 14, .ofs_x = 1, .ofs_y = 0},
    {.bitmap_index = 12, .adv_w = 166, .box_w = 8, .box_h = 7, .ofs_x = 1, .ofs_y = 8},
    {.bitmap_index = 25, .adv_w = 182, .box_w = 11, .box_h = 14, .ofs_x = 0, .ofs_y = 0},
    {.bitmap_index = 61, .adv_w = 182, .box_w = 10, .box_h = 19, .ofs_x = 1, .ofs_y = -2},
    {.bitmap_index = 104, .adv_w = 300, .box_w = 19, .box_h = 14, .ofs_x = 0, .ofs_y = 0},
    {.bitmap_index = 164, .adv_w = 226, .box_w = 14, .box_h = 14, .ofs_x = 0, .ofs_y = 0},
    {.bitmap_index = 209, .adv_w = 95, .box_w = 4, .box_h = 7, .ofs_x = 1, .ofs_y = 8},
    {.bitmap_index = 215, .adv_w = 114, .box_w = 6, .box_h = 21, .ofs_x = 1, .ofs_y = -4},
    {.bitmap_index = 242, .adv_w = 114, .box_w = 6, .box_h = 21, .ofs_x = 0, .ofs_y = -4},
    {.bitmap_index = 270, .adv_w = 155, .box_w = 8, .box_h = 7, .ofs_x = 1, .ofs_y = 8},
    {.bitmap_index = 284, .adv_w = 182, .box_w = 11, .box_h = 11, .ofs_x = 0, .ofs_y = 2},
    {.bitmap_index = 301, .adv_w = 95, .box_w = 4, .box_h = 7, .ofs_x = 1, .ofs_y = -4},
    {.bitmap_index = 309, .adv_w = 114, .box_w = 7, .box_h = 2, .ofs_x = 0, .ofs_y = 5},
    {.bitmap_index = 313, .adv_w = 95, .box_w = 4, .box_h = 4, .ofs_x = 1, .ofs_y = 0},
    {.bitmap_index = 318, .adv_w = 125, .box_w = 8, .box_h = 19, .ofs_x = 0, .ofs_y = -4},
    {.bitmap_index = 351, .adv_w = 182, .box_w = 11, .box_h = 14, .ofs_x = 0, .ofs_y = 0},
    {.bitmap_index = 386, .adv_w = 182, .box_w = 10, .box_h = 14, .ofs_x = 1, .ofs_y = 0},
    {.bitmap_index = 403, .adv_w = 182, .box_w = 11, .box_h = 14, .ofs_x = 0, .ofs_y = 0},
    {.bitmap_index = 436, .adv_w = 182, .box_w = 11, .box_h = 14, .ofs_x = 0, .ofs_y = 0},
    {.bitmap_index = 471, .adv_w = 182, .box_w = 11, .box_h = 14, .ofs_x = 0, .ofs_y = 0},
    {.bitmap_index = 500, .adv_w = 182, .box_w = 11, .box_h = 14, .ofs_x = 0, .ofs_y = 0},
    {.bitmap_index = 533, .adv_w = 182, .box_w = 10, .box_h = 14, .ofs_x = 1, .ofs_y = 0},
    {.bitmap_index = 569, .adv_w = 182, .box_w = 11, .box_h = 14, .ofs_x = 0, .ofs_y = 0},
    {.bitmap_index = 595, .adv_w = 182, .box_w = 11, .box_h = 14, .ofs_x = 0, .ofs_y = 0},
    {.bitmap_index = 633, .adv_w = 182, .box_w = 11, .box_h = 14, .ofs_x = 0, .ofs_y = 0},
    {.bitmap_index = 671, .adv_w = 95, .box_w = 4, .box_h = 11, .ofs_x = 1, .ofs_y = 0},
    {.bitmap_index = 682, .adv_w = 95, .box_w = 4, .box_h = 15, .ofs_x = 1, .ofs_y = -4},
    {.bitmap_index = 697, .adv_w = 182, .box_w = 11, .box_h = 10, .ofs_x = 0, .ofs_y = 2},
    {.bitmap_index = 723, .adv_w = 182, .box_w = 11, .box_h = 7, .ofs_x = 0, .ofs_y = 4},
    {.bitmap_index = 736, .adv_w = 182, .box_w = 11, .box_h = 10, .ofs_x = 0, .ofs_y = 2},
    {.bitmap_index = 762, .adv_w = 157, .box_w = 9, .box_h = 14, .ofs_x = 0, .ofs_y = 0},
    {.bitmap_index = 791, .adv_w = 311, .box_w = 18, .box_h = 19, .ofs_x = 1, .ofs_y = -5},
    {.bitmap_index = 871, .adv_w = 199, .box_w = 13, .box_h = 14, .ofs_x = 0, .ofs_y = 0},
    {.bitmap_index = 910, .adv_w = 213, .box_w = 12, .box_h = 14, .ofs_x = 1, .ofs_y = 0},
    {.bitmap_index = 942, .adv_w = 207, .box_w = 12, .box_h = 14, .ofs_x = 1, .ofs_y = 0},
    {.bitmap_index = 978, .adv_w = 224, .box_w = 12, .box_h = 14, .ofs_x = 1, .ofs_y = 0},
    {.bitmap_index = 1012, .adv_w = 192, .box_w = 10, .box_h = 14, .ofs_x = 1, .ofs_y = 0},
    {.bitmap_index = 1032, .adv_w = 181, .box_w = 10, .box_h = 14, .ofs_x = 1, .ofs_y = 0},
    {.bitmap_index = 1049, .adv_w = 224, .box_w = 12, .box_h = 14, .ofs_x = 1, .ofs_y = 0},
    {.bitmap_index = 1089, .adv_w = 237, .box_w = 12, .box_h = 14, .ofs_x = 1, .ofs_y = 0},
    {.bitmap_index = 1103, .adv_w = 99, .box_w = 4, .box_h = 14, .ofs_x = 1, .ofs_y = 0},
    {.bitmap_index = 1107, .adv_w = 176, .box_w = 10, .box_h = 14, .ofs_x = 0, .ofs_y = 0},
    {.bitmap_index = 1124, .adv_w = 212, .box_w = 13, .box_h = 14, .ofs_x = 1, .ofs_y = 0},
    {.bitmap_index = 1162, .adv_w = 179, .box_w = 10, .box_h = 14, .ofs_x = 1, .ofs_y = 0},
    {.bitmap_index = 1172, .adv_w = 266, .box_w = 14, .box_h = 14, .ofs_x = 1, .ofs_y = 0},
    {.bitmap_index = 1212, .adv_w = 235, .box_w = 12, .box_h = 14, .ofs_x = 1, .ofs_y = 0},
    {.bitmap_index = 1245, .adv_w = 241, .box_w = 13, .box_h = 14, .ofs_x = 1, .ofs_y = 0},
    {.bitmap_index = 1289, .adv_w = 207, .box_w = 12, .box_h = 14, .ofs_x = 1, .ofs_y = 0},
    {.bitmap_index = 1315, .adv_w = 241, .box_w = 14, .box_h = 18, .ofs_x = 1, .ofs_y = -4},
    {.bitmap_index = 1371, .adv_w = 210, .box_w = 12, .box_h = 14, .ofs_x = 1, .ofs_y = 0},
    {.bitmap_index = 1404, .adv_w = 195, .box_w = 12, .box_h = 14, .ofs_x = 0, .ofs_y = 0},
    {.bitmap_index = 1443, .adv_w = 195, .box_w = 12, .box_h = 14, .ofs_x = 0, .ofs_y = 0},
    {.bitmap_index = 1456, .adv_w = 235, .box_w = 12, .box_h = 14, .ofs_x = 1, .ofs_y = 0},
    {.bitmap_index = 1480, .adv_w = 190, .box_w = 13, .box_h = 14, .ofs_x = -1, .ofs_y = 0},
    {.bitmap_index = 1518, .adv_w = 286, .box_w = 18, .box_h = 14, .ofs_x = 0, .ofs_y = 0},
    {.bitmap_index = 1577, .adv_w = 191, .box_w = 12, .box_h = 14, .ofs_x = 0, .ofs_y = 0},
    {.bitmap_index = 1618, .adv_w = 177, .box_w = 13, .box_h = 14, .ofs_x = -1, .ofs_y = 0},
    {.bitmap_index = 1650, .adv_w = 194, .box_w = 12, .box_h = 14, .ofs_x = 0, .ofs_y = 0},
    {.bitmap_index = 1685, .adv_w = 114, .box_w = 5, .box_h = 20, .ofs_x = 2, .ofs_y = -5},
    {.bitmap_index = 1694, .adv_w = 125, .box_w = 8, .box_h = 19, .ofs_x = 0, .ofs_y = -4},
    {.bitmap_index = 1725, .adv_w = 114, .box_w = 6, .box_h = 20, .ofs_x = 0, .ofs_y = -5},
    {.bitmap_index = 1737, .adv_w = 182, .box_w = 10, .box_h = 9, .ofs_x = 1, .ofs_y = 6},
    {.bitmap_index = 1759, .adv_w = 180, .box_w = 11, .box_h = 3, .ofs_x = 0, .ofs_y = -4},
    {.bitmap_index = 1765, .adv_w = 196, .box_w = 6, .box_h = 6, .ofs_x = 2, .ofs_y = 12},
    {.bitmap_index = 1774, .adv_w = 184, .box_w = 9, .box_h = 11, .ofs_x = 1, .ofs_y = 0},
    {.bitmap_index = 1800, .adv_w = 201, .box_w = 11, .box_h = 15, .ofs_x = 1, .ofs_y = 0},
    {.bitmap_index = 1829, .adv_w = 165, .box_w = 10, .box_h = 11, .ofs_x = 0, .ofs_y = 0},
    {.bitmap_index = 1853, .adv_w = 202, .box_w = 10, .box_h = 15, .ofs_x = 1, .ofs_y = 0},
    {.bitmap_index = 1883, .adv_w = 181, .box_w = 11, .box_h = 11, .ofs_x = 0, .ofs_y = 0},
    {.bitmap_index = 1911, .adv_w = 110, .box_w = 8, .box_h = 15, .ofs_x = 0, .ofs_y = 0},
    {.bitmap_index = 1928, .adv_w = 185, .box_w = 12, .box_h = 15, .ofs_x = 0, .ofs_y = -4},
    {.bitmap_index = 1969, .adv_w = 199, .box_w = 10, .box_h = 15, .ofs_x = 1, .ofs_y = 0},
    {.bitmap_index = 1986, .adv_w = 92, .box_w = 4, .box_h = 15, .ofs_x = 1, .ofs_y = 0},
    {.bitmap_index = 1994, .adv_w = 92, .box_w = 6, .box_h = 19, .ofs_x = -1, .ofs_y = -4},
    {.bitmap_index = 2009, .adv_w = 184, .box_w = 11, .box_h = 15, .ofs_x = 1, .ofs_y = 0},
    {.bitmap_index = 2038, .adv_w = 95, .box_w = 5, .box_h = 15, .ofs_x = 1, .ofs_y = 0},
    {.bitmap_index = 2045, .adv_w = 301, .box_w = 17, .box_h = 11, .ofs_x = 1, .ofs_y = 0},
    {.bitmap_index = 2071, .adv_w = 200, .box_w = 10, .box_h = 11, .ofs_x = 1, .ofs_y = 0},
    {.bitmap_index = 2086, .adv_w = 196, .box_w = 12, .box_h = 11, .ofs_x = 0, .ofs_y = 0},
    {.bitmap_index = 2119, .adv_w = 202, .box_w = 11, .box_h = 15, .ofs_x = 1, .ofs_y = -4},
    {.bitmap_index = 2149, .adv_w = 202, .box_w = 10, .box_h = 15, .ofs_x = 1, .ofs_y = -4},
    {.bitmap_index = 2180, .adv_w = 131, .box_w = 8, .box_h = 11, .ofs_x = 1, .ofs_y = 0},
    {.bitmap_index = 2192, .adv_w = 154, .box_w = 9, .box_h = 11, .ofs_x = 0, .ofs_y = 0},
    {.bitmap_index = 2217, .adv_w = 127, .box_w = 8, .box_h = 14, .ofs_x = 0, .ofs_y = 0},
    {.bitmap_index = 2235, .adv_w = 198, .box_w = 10, .box_h = 11, .ofs_x = 1, .ofs_y = 0},
    {.bitmap_index = 2249, .adv_w = 174, .box_w = 11, .box_h = 11, .ofs_x = 0, .ofs_y = 0},
    {.bitmap_index = 2277, .adv_w = 265, .box_w = 17, .box_h = 11, .ofs_x = 0, .ofs_y = 0},
    {.bitmap_index = 2321, .adv_w = 168, .box_w = 11, .box_h = 11, .ofs_x = 0, .ofs_y = 0},
    {.bitmap_index = 2351, .adv_w = 174, .box_w = 11, .box_h = 15, .ofs_x = 0, .ofs_y = -4},
    {.bitmap_index = 2388, .adv_w = 157, .box_w = 10, .box_h = 11, .ofs_x = 0, .ofs_y = 0},
    {.bitmap_index = 2412, .adv_w = 114, .box_w = 7, .box_h = 20, .ofs_x = 0, .ofs_y = -5},
    {.bitmap_index = 2433, .adv_w = 90, .box_w = 2, .box_h = 22, .ofs_x = 2, .ofs_y = -5},
    {.bitmap_index = 2437, .adv_w = 114, .box_w = 7, .box_h = 20, .ofs_x = 0, .ofs_y = -5},
    {.bitmap_index = 2466, .adv_w = 182, .box_w = 11, .box_h = 4, .ofs_x = 0, .ofs_y = 6},
    {.bitmap_index = 2477, .adv_w = 320, .box_w = 7, .box_h = 6, .ofs_x = 0, .ofs_y = -1},
    {.bitmap_index = 2488, .adv_w = 320, .box_w = 19, .box_h = 18, .ofs_x = 0, .ofs_y = -2},
    {.bitmap_index = 2546, .adv_w = 320, .box_w = 17, .box_h = 19, .ofs_x = 1, .ofs_y = -2},
    {.bitmap_index = 2607, .adv_w = 320, .box_w = 20, .box_h = 19, .ofs_x = 0, .ofs_y = -2},
    {.bitmap_index = 2658, .adv_w = 320, .box_w = 18, .box_h = 20, .ofs_x = 1, .ofs_y = -2},
    {.bitmap_index = 2718, .adv_w = 320, .box_w = 18, .box_h = 19, .ofs_x = 1, .ofs_y = -2},
    {.bitmap_index = 2789, .adv_w = 320, .box_w = 18, .box_h = 18, .ofs_x = 1, .ofs_y = -1},
    {.bitmap_index = 2834, .adv_w = 320, .box_w = 20, .box_h = 19, .ofs_x = 0, .ofs_y = -2},
    {.bitmap_index = 2917, .adv_w = 320, .box_w = 16, .box_h = 18, .ofs_x = 2, .ofs_y = -2},
    {.bitmap_index = 2977, .adv_w = 320, .box_w = 20, .box_h = 19, .ofs_x = 0, .ofs_y = -2},
    {.bitmap_index = 3047, .adv_w = 320, .box_w = 18, .box_h = 14, .ofs_x = 1, .ofs_y = 0},
    {.bitmap_index = 3070, .adv_w = 320, .box_w = 19, .box_h = 19, .ofs_x = 0, .ofs_y = -2},
    {.bitmap_index = 3149, .adv_w = 320, .box_w = 18, .box_h = 19, .ofs_x = 1, .ofs_y = -2},
    {.bitmap_index = 3215, .adv_w = 320, .box_w = 20, .box_h = 19, .ofs_x = 0, .ofs_y = -2},
    {.bitmap_index = 3290, .adv_w = 320, .box_w = 20, .box_h = 20, .ofs_x = 0, .ofs_y = -3},
    {.bitmap_index = 3371, .adv_w = 320, .box_w = 20, .box_h = 19, .ofs_x = 0, .ofs_y = -2},
    {.bitmap_index = 3452, .adv_w = 320, .box_w = 19, .box_h = 18, .ofs_x = 1, .ofs_y = -2},
    {.bitmap_index = 3523, .adv_w = 320, .box_w = 20, .box_h = 20, .ofs_x = 0, .ofs_y = -3},
    {.bitmap_index = 3585, .adv_w = 320, .box_w = 20, .box_h = 19, .ofs_x = 0, .ofs_y = -2},
    {.bitmap_index = 3664, .adv_w = 320, .box_w = 20, .box_h = 19, .ofs_x = 0, .ofs_y = -2},
    {.bitmap_index = 3727, .adv_w = 320, .box_w = 19, .box_h = 19, .ofs_x = 0, .ofs_y = -2},
    {.bitmap_index = 3799, .adv_w = 320, .box_w = 20, .box_h = 19, .ofs_x = 0, .ofs_y = -2},
    {.bitmap_index = 3860, .adv_w = 320, .box_w = 19, .box_h = 20, .ofs_x = 0, .ofs_y = -3},
    {.bitmap_index = 3922, .adv_w = 320, .box_w = 20, .box_h = 19, .ofs_x = 0, .ofs_y = -2},
    {.bitmap_index = 4003, .adv_w = 320, .box_w = 20, .box_h = 20, .ofs_x = 0, .ofs_y = -3},
    {.bitmap_index = 4089, .adv_w = 320, .box_w = 20, .box_h = 20, .ofs_x = 0, .ofs_y = -3},
    {.bitmap_index = 4171, .adv_w = 320, .box_w = 19, .box_h = 18, .ofs_x = 0, .ofs_y = -1},
    {.bitmap_index = 4248, .adv_w = 320, .box_w = 19, .box_h = 19, .ofs_x = 1, .ofs_y = -2},
    {.bitmap_index = 4317, .adv_w = 320, .box_w = 20, .box_h = 19, .ofs_x = 0, .ofs_y = -2},
    {.bitmap_index = 4393, .adv_w = 320, .box_w = 20, .box_h = 19, .ofs_x = 0, .ofs_y = -2},
    {.bitmap_index = 4467, .adv_w = 320, .box_w = 19, .box_h = 19, .ofs_x = 1, .ofs_y = -2},
    {.bitmap_index = 4527, .adv_w = 320, .box_w = 17, .box_h = 19, .ofs_x = 1, .ofs_y = -2},
    {.bitmap_index = 4582, .adv_w = 320, .box_w = 16, .box_h = 19, .ofs_x = 2, .ofs_y = -2},
    {.bitmap_index = 4627, .adv_w = 320, .box_w = 19, .box_h = 20, .ofs_x = 0, .ofs_y = -2},
    {.bitmap_index = 4705, .adv_w = 320, .box_w = 19, .box_h = 19, .ofs_x = 0, .ofs_y = -2},
    {.bitmap_index = 4771, .adv_w = 320, .box_w = 18, .box_h = 19, .ofs_x = 1, .ofs_y = -2},
    {.bitmap_index = 4845, .adv_w = 320, .box_w = 19, .box_h = 19, .ofs_x = 0, .ofs_y = -2},
    {.bitmap_index = 4914, .adv_w = 320, .box_w = 19, .box_h = 19, .ofs_x = 0, .ofs_y = -2},
    {.bitmap_index = 4986, .adv_w = 320, .box_w = 19, .box_h = 19, .ofs_x = 1, .ofs_y = -2},
    {.bitmap_index = 5069, .adv_w = 320, .box_w = 18, .box_h = 17, .ofs_x = 1, .ofs_y = -1},
    {.bitmap_index = 5131, .adv_w = 320, .box_w = 18, .box_h = 19, .ofs_x = 1, .ofs_y = -2},
    {.bitmap_index = 5185, .adv_w = 320, .box_w = 20, .box_h = 20, .ofs_x = 0, .ofs_y = -2},
    {.bitmap_index = 5274, .adv_w = 320, .box_w = 20, .box_h = 19, .ofs_x = 0, .ofs_y = -3},
    {.bitmap_index = 5357, .adv_w = 320, .box_w = 18, .box_h = 18, .ofs_x = 1, .ofs_y = -2},
    {.bitmap_index = 5405, .adv_w = 320, .box_w = 18, .box_h = 18, .ofs_x = 1, .ofs_y = -2},
    {.bitmap_index = 5451, .adv_w = 320, .box_w = 18, .box_h = 18, .ofs_x = 1, .ofs_y = -2},
    {.bitmap_index = 5511, .adv_w = 320, .box_w = 18, .box_h = 18, .ofs_x = 1, .ofs_y = -2},
    {.bitmap_index = 5561, .adv_w = 320, .box_w = 19, .box_h = 19, .ofs_x = 0, .ofs_y = -2},
    {.bitmap_index = 5631, .adv_w = 320, .box_w = 18, .box_h = 20, .ofs_x = 1, .ofs_y = -3},
    {.bitmap_index = 5695, .adv_w = 320, .box_w = 19, .box_h = 19, .ofs_x = 0, .ofs_y = -2},
    {.bitmap_index = 5768, .adv_w = 320, .box_w = 20, .box_h = 18, .ofs_x = 0, .ofs_y = -2},
    {.bitmap_index = 5847, .adv_w = 320, .box_w = 18, .box_h = 19, .ofs_x = 1, .ofs_y = -2},
    {.bitmap_index = 5916, .adv_w = 320, .box_w = 19, .box_h = 19, .ofs_x = 0, .ofs_y = -2},
    {.bitmap_index = 5977, .adv_w = 320, .box_w = 20, .box_h = 18, .ofs_x = 0, .ofs_y = -1},
    {.bitmap_index = 6051, .adv_w = 320, .box_w = 20, .box_h = 18, .ofs_x = 0, .ofs_y = -1},
    {.bitmap_index = 6111, .adv_w = 320, .box_w = 20, .box_h = 19, .ofs_x = 0, .ofs_y = -2},
    {.bitmap_index = 6187, .adv_w = 320, .box_w = 20, .box_h = 19, .ofs_x = 0, .ofs_y = -2},
    {.bitmap_index = 6267, .adv_w = 320, .box_w = 19, .box_h = 19, .ofs_x = 1, .ofs_y = -2},
    {.bitmap_index = 6329, .adv_w = 320, .box_w = 20, .box_h = 19, .ofs_x = 0, .ofs_y = -2},
    {.bitmap_index = 6407, .adv_w = 320, .box_w = 18, .box_h = 19, .ofs_x = 1, .ofs_y = -2},
    {.bitmap_index = 6479, .adv_w = 320, .box_w = 18, .box_h = 19, .ofs_x = 1, .ofs_y = -2},
    {.bitmap_index = 6538, .adv_w = 320, .box_w = 20, .box_h = 20, .ofs_x = 0, .ofs_y = -3},
    {.bitmap_index = 6611, .adv_w = 320, .box_w = 18, .box_h = 18, .ofs_x = 1, .ofs_y = -1},
    {.bitmap_index = 6678, .adv_w = 320, .box_w = 19, .box_h = 19, .ofs_x = 0, .ofs_y = -2},
    {.bitmap_index = 6756, .adv_w = 320, .box_w = 20, .box_h = 20, .ofs_x = 0, .ofs_y = -2},
    {.bitmap_index = 6829, .adv_w = 320, .box_w = 18, .box_h = 19, .ofs_x = 1, .ofs_y = -2},
    {.bitmap_index = 6903, .adv_w = 320, .box_w = 19, .box_h = 19, .ofs_x = 1, .ofs_y = -2},
    {.bitmap_index = 6981, .adv_w = 320, .box_w = 18, .box_h = 19, .ofs_x = 1, .ofs_y = -2},
    {.bitmap_index = 7055, .adv_w = 320, .box_w = 20, .box_h = 20, .ofs_x = 0, .ofs_y = -3},
    {.bitmap_index = 7141, .adv_w = 320, .box_w = 20, .box_h = 20, .ofs_x = 0, .ofs_y = -3},
    {.bitmap_index = 7203, .adv_w = 320, .box_w = 16, .box_h = 19, .ofs_x = 2, .ofs_y = -2},
    {.bitmap_index = 7265, .adv_w = 320, .box_w = 19, .box_h = 19, .ofs_x = 0, .ofs_y = -3},
    {.bitmap_index = 7331, .adv_w = 320, .box_w = 19, .box_h = 18, .ofs_x = 0, .ofs_y = -2},
    {.bitmap_index = 7402, .adv_w = 320, .box_w = 20, .box_h = 18, .ofs_x = 0, .ofs_y = -2},
    {.bitmap_index = 7480, .adv_w = 320, .box_w = 18, .box_h = 16, .ofs_x = 1, .ofs_y = -1},
    {.bitmap_index = 7507, .adv_w = 320, .box_w = 18, .box_h = 17, .ofs_x = 2, .ofs_y = -1},
    {.bitmap_index = 7554, .adv_w = 320, .box_w = 18, .box_h = 19, .ofs_x = 1, .ofs_y = -2},
    {.bitmap_index = 7624, .adv_w = 320, .box_w = 18, .box_h = 20, .ofs_x = 1, .ofs_y = -3},
    {.bitmap_index = 7697, .adv_w = 320, .box_w = 19, .box_h = 20, .ofs_x = 0, .ofs_y = -3},
    {.bitmap_index = 7773, .adv_w = 320, .box_w = 20, .box_h = 19, .ofs_x = 0, .ofs_y = -2},
    {.bitmap_index = 7854, .adv_w = 320, .box_w = 18, .box_h = 19, .ofs_x = 1, .ofs_y = -3},
    {.bitmap_index = 7910, .adv_w = 320, .box_w = 20, .box_h = 19, .ofs_x = 0, .ofs_y = -1},
    {.bitmap_index = 7991, .adv_w = 320, .box_w = 20, .box_h = 20, .ofs_x = 0, .ofs_y = -3},
    {.bitmap_index = 8073, .adv_w = 320, .box_w = 20, .box_h = 19, .ofs_x = 0, .ofs_y = -1},
    {.bitmap_index = 8152, .adv_w = 320, .box_w = 19, .box_h = 19, .ofs_x = 0, .ofs_y = -2},
    {.bitmap_index = 8219, .adv_w = 320, .box_w = 20, .box_h = 20, .ofs_x = 0, .ofs_y = -3},
    {.bitmap_index = 8303, .adv_w = 320, .box_w = 19, .box_h = 19, .ofs_x = 0, .ofs_y = -2},
    {.bitmap_index = 8382, .adv_w = 320, .box_w = 19, .box_h = 20, .ofs_x = 0, .ofs_y = -2},
    {.bitmap_index = 8445, .adv_w = 320, .box_w = 20, .box_h = 19, .ofs_x = 0, .ofs_y = -2},
    {.bitmap_index = 8504, .adv_w = 320, .box_w = 20, .box_h = 20, .ofs_x = 0, .ofs_y = -3},
    {.bitmap_index = 8580, .adv_w = 320, .box_w = 20, .box_h = 19, .ofs_x = 0, .ofs_y = -2},
    {.bitmap_index = 8639, .adv_w = 320, .box_w = 19, .box_h = 19, .ofs_x = 0, .ofs_y = -2},
    {.bitmap_index = 8708, .adv_w = 320, .box_w = 20, .box_h = 19, .ofs_x = 0, .ofs_y = -2},
    {.bitmap_index = 8789, .adv_w = 320, .box_w = 19, .box_h = 19, .ofs_x = 0, .ofs_y = -2},
    {.bitmap_index = 8864, .adv_w = 320, .box_w = 19, .box_h = 20, .ofs_x = 0, .ofs_y = -3},
    {.bitmap_index = 8946, .adv_w = 320, .box_w = 20, .box_h = 20, .ofs_x = 0, .ofs_y = -3},
    {.bitmap_index = 9037, .adv_w = 320, .box_w = 20, .box_h = 19, .ofs_x = 0, .ofs_y = -2},
    {.bitmap_index = 9122, .adv_w = 320, .box_w = 20, .box_h = 19, .ofs_x = 0, .ofs_y = -2},
    {.bitmap_index = 9204, .adv_w = 320, .box_w = 20, .box_h = 19, .ofs_x = 0, .ofs_y = -2},
    {.bitmap_index = 9292, .adv_w = 320, .box_w = 20, .box_h = 20, .ofs_x = 0, .ofs_y = -2},
    {.bitmap_index = 9383, .adv_w = 320, .box_w = 20, .box_h = 19, .ofs_x = 0, .ofs_y = -2},
    {.bitmap_index = 9468, .adv_w = 320, .box_w = 20, .box_h = 19, .ofs_x = 0, .ofs_y = -2},
    {.bitmap_index = 9554, .adv_w = 320, .box_w = 20, .box_h = 19, .ofs_x = 0, .ofs_y = -2},
    {.bitmap_index = 9644, .adv_w = 320, .box_w = 20, .box_h = 19, .ofs_x = 0, .ofs_y = -2},
    {.bitmap_index = 9738, .adv_w = 320, .box_w = 20, .box_h = 18, .ofs_x = 0, .ofs_y = -1},
    {.bitmap_index = 9824, .adv_w = 320, .box_w = 20, .box_h = 19, .ofs_x = 0, .ofs_y = -2},
    {.bitmap_index = 9901, .adv_w = 320, .box_w = 20, .box_h = 18, .ofs_x = 0, .ofs_y = -2},
    {.bitmap_index = 9968, .adv_w = 320, .box_w = 18, .box_h = 19, .ofs_x = 1, .ofs_y = -2},
    {.bitmap_index = 10036, .adv_w = 320, .box_w = 19, .box_h = 19, .ofs_x = 1, .ofs_y = -2},
    {.bitmap_index = 10113, .adv_w = 320, .box_w = 20, .box_h = 19, .ofs_x = 0, .ofs_y = -2},
    {.bitmap_index = 10185, .adv_w = 320, .box_w = 19, .box_h = 18, .ofs_x = 1, .ofs_y = -2},
    {.bitmap_index = 10258, .adv_w = 320, .box_w = 19, .box_h = 19, .ofs_x = 1, .ofs_y = -2},
    {.bitmap_index = 10336, .adv_w = 320, .box_w = 19, .box_h = 19, .ofs_x = 0, .ofs_y = -2},
    {.bitmap_index = 10400, .adv_w = 320, .box_w = 20, .box_h = 20, .ofs_x = 0, .ofs_y = -3},
    {.bitmap_index = 10484, .adv_w = 320, .box_w = 20, .box_h = 19, .ofs_x = 0, .ofs_y = -2},
    {.bitmap_index = 10552, .adv_w = 320, .box_w = 20, .box_h = 19, .ofs_x = 0, .ofs_y = -2},
    {.bitmap_index = 10630, .adv_w = 320, .box_w = 19, .box_h = 19, .ofs_x = 1, .ofs_y = -2},
    {.bitmap_index = 10699, .adv_w = 320, .box_w = 20, .box_h = 19, .ofs_x = 0, .ofs_y = -2},
    {.bitmap_index = 10788, .adv_w = 320, .box_w = 20, .box_h = 19, .ofs_x = 0, .ofs_y = -2},
    {.bitmap_index = 10864, .adv_w = 320, .box_w = 20, .box_h = 18, .ofs_x = 0, .ofs_y = -2},
    {.bitmap_index = 10939, .adv_w = 320, .box_w = 20, .box_h = 19, .ofs_x = 0, .ofs_y = -2},
    {.bitmap_index = 11015, .adv_w = 320, .box_w = 20, .box_h = 19, .ofs_x = 0, .ofs_y = -2},
    {.bitmap_index = 11099, .adv_w = 320, .box_w = 18, .box_h = 17, .ofs_x = 1, .ofs_y = -1},
    {.bitmap_index = 11135, .adv_w = 320, .box_w = 19, .box_h = 19, .ofs_x = 0, .ofs_y = -2},
    {.bitmap_index = 11205, .adv_w = 320, .box_w = 20, .box_h = 18, .ofs_x = 0, .ofs_y = -2},
    {.bitmap_index = 11280, .adv_w = 320, .box_w = 19, .box_h = 20, .ofs_x = 0, .ofs_y = -3},
    {.bitmap_index = 11365, .adv_w = 320, .box_w = 18, .box_h = 19, .ofs_x = 1, .ofs_y = -2},
    {.bitmap_index = 11423, .adv_w = 320, .box_w = 20, .box_h = 19, .ofs_x = 0, .ofs_y = -2},
    {.bitmap_index = 11486, .adv_w = 320, .box_w = 20, .box_h = 19, .ofs_x = 0, .ofs_y = -2},
    {.bitmap_index = 11569, .adv_w = 320, .box_w = 20, .box_h = 19, .ofs_x = 0, .ofs_y = -2},
    {.bitmap_index = 11654, .adv_w = 320, .box_w = 19, .box_h = 19, .ofs_x = 0, .ofs_y = -2},
    {.bitmap_index = 11737, .adv_w = 320, .box_w = 19, .box_h = 19, .ofs_x = 0, .ofs_y = -2},
    {.bitmap_index = 11814, .adv_w = 320, .box_w = 20, .box_h = 19, .ofs_x = 0, .ofs_y = -2},
    {.bitmap_index = 11899, .adv_w = 320, .box_w = 20, .box_h = 18, .ofs_x = 0, .ofs_y = -1},
    {.bitmap_index = 11979, .adv_w = 320, .box_w = 20, .box_h = 19, .ofs_x = 0, .ofs_y = -2},
    {.bitmap_index = 12043, .adv_w = 320, .box_w = 20, .box_h = 19, .ofs_x = 0, .ofs_y = -2},
    {.bitmap_index = 12130, .adv_w = 320, .box_w = 20, .box_h = 20, .ofs_x = 0, .ofs_y = -3},
    {.bitmap_index = 12213, .adv_w = 320, .box_w = 20, .box_h = 20, .ofs_x = 0, .ofs_y = -3},
    {.bitmap_index = 12300, .adv_w = 320, .box_w = 20, .box_h = 20, .ofs_x = 0, .ofs_y = -3},
    {.bitmap_index = 12389, .adv_w = 320, .box_w = 20, .box_h = 18, .ofs_x = 0, .ofs_y = -1},
    {.bitmap_index = 12463, .adv_w = 320, .box_w = 19, .box_h = 18, .ofs_x = 0, .ofs_y = -1},
    {.bitmap_index = 12520, .adv_w = 320, .box_w = 18, .box_h = 18, .ofs_x = 0, .ofs_y = -2},
    {.bitmap_index = 12573, .adv_w = 320, .box_w = 20, .box_h = 20, .ofs_x = 0, .ofs_y = -3},
    {.bitmap_index = 12656, .adv_w = 320, .box_w = 18, .box_h = 19, .ofs_x = 1, .ofs_y = -2},
    {.bitmap_index = 12729, .adv_w = 320, .box_w = 14, .box_h = 17, .ofs_x = 3, .ofs_y = -1},
    {.bitmap_index = 12765, .adv_w = 320, .box_w = 19, .box_h = 19, .ofs_x = 1, .ofs_y = -2},
    {.bitmap_index = 12838, .adv_w = 320, .box_w = 19, .box_h = 19, .ofs_x = 0, .ofs_y = -2},
    {.bitmap_index = 12912, .adv_w = 320, .box_w = 19, .box_h = 18, .ofs_x = 0, .ofs_y = -2},
    {.bitmap_index = 12984, .adv_w = 320, .box_w = 20, .box_h = 18, .ofs_x = 0, .ofs_y = -2},
    {.bitmap_index = 13069, .adv_w = 320, .box_w = 19, .box_h = 19, .ofs_x = 0, .ofs_y = -2},
    {.bitmap_index = 13155, .adv_w = 320, .box_w = 19, .box_h = 19, .ofs_x = 0, .ofs_y = -3},
    {.bitmap_index = 13221, .adv_w = 320, .box_w = 18, .box_h = 19, .ofs_x = 1, .ofs_y = -2},
    {.bitmap_index = 13296, .adv_w = 320, .box_w = 20, .box_h = 19, .ofs_x = 0, .ofs_y = -2},
    {.bitmap_index = 13373, .adv_w = 320, .box_w = 18, .box_h = 19, .ofs_x = 1, .ofs_y = -1},
    {.bitmap_index = 13433, .adv_w = 320, .box_w = 18, .box_h = 18, .ofs_x = 1, .ofs_y = -1},
    {.bitmap_index = 13492, .adv_w = 320, .box_w = 20, .box_h = 20, .ofs_x = 0, .ofs_y = -2},
    {.bitmap_index = 13572, .adv_w = 320, .box_w = 19, .box_h = 19, .ofs_x = 0, .ofs_y = -2},
    {.bitmap_index = 13648, .adv_w = 320, .box_w = 19, .box_h = 20, .ofs_x = 0, .ofs_y = -3},
    {.bitmap_index = 13728, .adv_w = 320, .box_w = 19, .box_h = 19, .ofs_x = 0, .ofs_y = -2},
    {.bitmap_index = 13800, .adv_w = 320, .box_w = 19, .box_h = 20, .ofs_x = 0, .ofs_y = -3},
    {.bitmap_index = 13885, .adv_w = 320, .box_w = 18, .box_h = 18, .ofs_x = 1, .ofs_y = -1},
    {.bitmap_index = 13963, .adv_w = 320, .box_w = 19, .box_h = 19, .ofs_x = 1, .ofs_y = -2},
    {.bitmap_index = 14051, .adv_w = 320, .box_w = 20, .box_h = 18, .ofs_x = 0, .ofs_y = -1},
    {.bitmap_index = 14131, .adv_w = 320, .box_w = 20, .box_h = 18, .ofs_x = 0, .ofs_y = -1},
    {.bitmap_index = 14213, .adv_w = 320, .box_w = 19, .box_h = 19, .ofs_x = 0, .ofs_y = -2},
    {.bitmap_index = 14296, .adv_w = 320, .box_w = 20, .box_h = 19, .ofs_x = 0, .ofs_y = -2},
    {.bitmap_index = 14386, .adv_w = 320, .box_w = 20, .box_h = 19, .ofs_x = 0, .ofs_y = -2},
    {.bitmap_index = 14481, .adv_w = 320, .box_w = 19, .box_h = 19, .ofs_x = 0, .ofs_y = -2},
    {.bitmap_index = 14566, .adv_w = 320, .box_w = 20, .box_h = 20, .ofs_x = 0, .ofs_y = -2},
    {.bitmap_index = 14652, .adv_w = 320, .box_w = 18, .box_h = 18, .ofs_x = 1, .ofs_y = -1},
    {.bitmap_index = 14716, .adv_w = 320, .box_w = 20, .box_h = 20, .ofs_x = 0, .ofs_y = -3},
    {.bitmap_index = 14804, .adv_w = 320, .box_w = 18, .box_h = 18, .ofs_x = 1, .ofs_y = -1},
    {.bitmap_index = 14851, .adv_w = 320, .box_w = 19, .box_h = 19, .ofs_x = 1, .ofs_y = -2},
    {.bitmap_index = 14931, .adv_w = 320, .box_w = 19, .box_h = 19, .ofs_x = 0, .ofs_y = -2},
    {.bitmap_index = 15010, .adv_w = 320, .box_w = 20, .box_h = 19, .ofs_x = 0, .ofs_y = -2},
    {.bitmap_index = 15071, .adv_w = 320, .box_w = 19, .box_h = 19, .ofs_x = 0, .ofs_y = -2},
    {.bitmap_index = 15134, .adv_w = 320, .box_w = 20, .box_h = 19, .ofs_x = 0, .ofs_y = -2},
    {.bitmap_index = 15217, .adv_w = 320, .box_w = 18, .box_h = 18, .ofs_x = 1, .ofs_y = -2},
    {.bitmap_index = 15291, .adv_w = 320, .box_w = 20, .box_h = 20, .ofs_x = 0, .ofs_y = -3},
    {.bitmap_index = 15384, .adv_w = 320, .box_w = 20, .box_h = 19, .ofs_x = 0, .ofs_y = -2},
    {.bitmap_index = 15446, .adv_w = 320, .box_w = 20, .box_h = 19, .ofs_x = 0, .ofs_y = -2},
    {.bitmap_index = 15508, .adv_w = 320, .box_w = 20, .box_h = 19, .ofs_x = 0, .ofs_y = -2},
    {.bitmap_index = 15590, .adv_w = 320, .box_w = 19, .box_h = 19, .ofs_x = 1, .ofs_y = -2},
    {.bitmap_index = 15664, .adv_w = 320, .box_w = 19, .box_h = 19, .ofs_x = 1, .ofs_y = -2},
    {.bitmap_index = 15738, .adv_w = 320, .box_w = 20, .box_h = 19, .ofs_x = 0, .ofs_y = -2},
    {.bitmap_index = 15820, .adv_w = 320, .box_w = 19, .box_h = 19, .ofs_x = 1, .ofs_y = -2},
    {.bitmap_index = 15895, .adv_w = 320, .box_w = 19, .box_h = 20, .ofs_x = 0, .ofs_y = -2},
    {.bitmap_index = 15980, .adv_w = 320, .box_w = 19, .box_h = 19, .ofs_x = 0, .ofs_y = -2},
    {.bitmap_index = 16056, .adv_w = 320, .box_w = 19, .box_h = 19, .ofs_x = 1, .ofs_y = -2},
    {.bitmap_index = 16138, .adv_w = 320, .box_w = 19, .box_h = 19, .ofs_x = 1, .ofs_y = -2},
    {.bitmap_index = 16212, .adv_w = 320, .box_w = 20, .box_h = 19, .ofs_x = 0, .ofs_y = -2},
    {.bitmap_index = 16300, .adv_w = 320, .box_w = 18, .box_h = 19, .ofs_x = 1, .ofs_y = -2},
    {.bitmap_index = 16369, .adv_w = 320, .box_w = 18, .box_h = 19, .ofs_x = 1, .ofs_y = -2},
    {.bitmap_index = 16438, .adv_w = 320, .box_w = 20, .box_h = 19, .ofs_x = 0, .ofs_y = -2},
    {.bitmap_index = 16523, .adv_w = 320, .box_w = 19, .box_h = 19, .ofs_x = 0, .ofs_y = -2},
    {.bitmap_index = 16609, .adv_w = 320, .box_w = 20, .box_h = 19, .ofs_x = 0, .ofs_y = -2},
    {.bitmap_index = 16697, .adv_w = 320, .box_w = 20, .box_h = 20, .ofs_x = 0, .ofs_y = -3},
    {.bitmap_index = 16789, .adv_w = 320, .box_w = 19, .box_h = 19, .ofs_x = 1, .ofs_y = -2},
    {.bitmap_index = 16878, .adv_w = 320, .box_w = 20, .box_h = 19, .ofs_x = 0, .ofs_y = -2},
    {.bitmap_index = 16952, .adv_w = 320, .box_w = 20, .box_h = 18, .ofs_x = 0, .ofs_y = -2},
    {.bitmap_index = 17029, .adv_w = 320, .box_w = 20, .box_h = 19, .ofs_x = 0, .ofs_y = -2},
    {.bitmap_index = 17105, .adv_w = 320, .box_w = 20, .box_h = 19, .ofs_x = 0, .ofs_y = -2},
    {.bitmap_index = 17185, .adv_w = 320, .box_w = 20, .box_h = 19, .ofs_x = 0, .ofs_y = -2},
    {.bitmap_index = 17268, .adv_w = 320, .box_w = 20, .box_h = 18, .ofs_x = 0, .ofs_y = -2},
    {.bitmap_index = 17355, .adv_w = 320, .box_w = 19, .box_h = 19, .ofs_x = 1, .ofs_y = -2},
    {.bitmap_index = 17436, .adv_w = 320, .box_w = 20, .box_h = 19, .ofs_x = 0, .ofs_y = -2},
    {.bitmap_index = 17524, .adv_w = 320, .box_w = 19, .box_h = 20, .ofs_x = 1, .ofs_y = -2},
    {.bitmap_index = 17603, .adv_w = 320, .box_w = 19, .box_h = 18, .ofs_x = 1, .ofs_y = -2},
    {.bitmap_index = 17669, .adv_w = 320, .box_w = 20, .box_h = 19, .ofs_x = 0, .ofs_y = -2},
    {.bitmap_index = 17755, .adv_w = 320, .box_w = 19, .box_h = 18, .ofs_x = 1, .ofs_y = -1},
    {.bitmap_index = 17826, .adv_w = 320, .box_w = 19, .box_h = 18, .ofs_x = 1, .ofs_y = -1},
    {.bitmap_index = 17893, .adv_w = 320, .box_w = 20, .box_h = 19, .ofs_x = 0, .ofs_y = -2},
    {.bitmap_index = 17979, .adv_w = 320, .box_w = 20, .box_h = 19, .ofs_x = 0, .ofs_y = -2},
    {.bitmap_index = 18061, .adv_w = 320, .box_w = 20, .box_h = 19, .ofs_x = 0, .ofs_y = -2},
    {.bitmap_index = 18147, .adv_w = 320, .box_w = 18, .box_h = 19, .ofs_x = 1, .ofs_y = -2},
    {.bitmap_index = 18214, .adv_w = 320, .box_w = 18, .box_h = 19, .ofs_x = 1, .ofs_y = -2},
    {.bitmap_index = 18270, .adv_w = 320, .box_w = 18, .box_h = 19, .ofs_x = 1, .ofs_y = -2},
    {.bitmap_index = 18335, .adv_w = 320, .box_w = 18, .box_h = 19, .ofs_x = 1, .ofs_y = -2},
    {.bitmap_index = 18408, .adv_w = 320, .box_w = 19, .box_h = 19, .ofs_x = 1, .ofs_y = -2},
    {.bitmap_index = 18480, .adv_w = 320, .box_w = 18, .box_h = 18, .ofs_x = 1, .ofs_y = -2},
    {.bitmap_index = 18544, .adv_w = 320, .box_w = 18, .box_h = 19, .ofs_x = 1, .ofs_y = -2},
    {.bitmap_index = 18609, .adv_w = 320, .box_w = 18, .box_h = 18, .ofs_x = 1, .ofs_y = -2},
    {.bitmap_index = 18663, .adv_w = 320, .box_w = 20, .box_h = 19, .ofs_x = 0, .ofs_y = -2},
    {.bitmap_index = 18747, .adv_w = 320, .box_w = 20, .box_h = 19, .ofs_x = 0, .ofs_y = -3},
    {.bitmap_index = 18831, .adv_w = 320, .box_w = 20, .box_h = 19, .ofs_x = 0, .ofs_y = -2},
    {.bitmap_index = 18914, .adv_w = 320, .box_w = 20, .box_h = 18, .ofs_x = 0, .ofs_y = -2},
    {.bitmap_index = 18990, .adv_w = 320, .box_w = 18, .box_h = 19, .ofs_x = 1, .ofs_y = -2},
    {.bitmap_index = 19055, .adv_w = 320, .box_w = 19, .box_h = 19, .ofs_x = 1, .ofs_y = -2},
    {.bitmap_index = 19134, .adv_w = 320, .box_w = 6, .box_h = 8, .ofs_x = 2, .ofs_y = -3}
};

/*---------------------
 *  CHARACTER MAPPING
 *--------------------*/

static const uint16_t unicode_list_1[] = {
    0x0, 0x1e0b, 0x1e0c, 0x1e28, 0x1e32, 0x1e38, 0x1e39, 0x1e47,
    0x1e5e, 0x1e87, 0x1e8a, 0x1ea2, 0x1ea9, 0x1ecc, 0x1ee1, 0x1ee2,
    0x1ee3, 0x1ef4, 0x1f18, 0x1f44, 0x1f4b, 0x1f4d, 0x1f5a, 0x1f7d,
    0x1f9b, 0x1fdb, 0x20a6, 0x2149, 0x214b, 0x2163, 0x216f, 0x2183,
    0x21f8, 0x221b, 0x2229, 0x222e, 0x2234, 0x229d, 0x229f, 0x2338,
    0x235f, 0x23cf, 0x23d4, 0x23e8, 0x23ed, 0x23f5, 0x240a, 0x2429,
    0x242a, 0x248a, 0x2666, 0x26f2, 0x2726, 0x272e, 0x273e, 0x2902,
    0x2905, 0x2925, 0x292f, 0x2932, 0x2b55, 0x2b56, 0x2b64, 0x2b8d,
    0x2b98, 0x2b9c, 0x2bb7, 0x2bc2, 0x2c02, 0x2c0d, 0x2c18, 0x2c3e,
    0x2c40, 0x2c53, 0x2de3, 0x2df0, 0x2e36, 0x2e74, 0x2e8d, 0x2ea4,
    0x2efe, 0x2fc3, 0x2fe9, 0x2fff, 0x3025, 0x3160, 0x320e, 0x324b,
    0x3251, 0x3265, 0x3288, 0x32a2, 0x32dd, 0x32e3, 0x3305, 0x3307,
    0x3360, 0x336c, 0x33a3, 0x342a, 0x34cb, 0x353c, 0x3546, 0x356e,
    0x3572, 0x3585, 0x35de, 0x35f4, 0x361e, 0x362d, 0x36f2, 0x36fe,
    0x3707, 0x370b, 0x3728, 0x3738, 0x375d, 0x377c, 0x378e, 0x379a,
    0x3805, 0x3b1f, 0x3b61, 0x3b63, 0x3b79, 0x3bcd, 0x3bd2, 0x3c45,
    0x3c9f, 0x3cd3, 0x3d6c, 0x3e03, 0x3e8e, 0x3ea0, 0x40b7, 0x4267,
    0x4277, 0x42b4, 0x42ea, 0x4404, 0x451d, 0x4526, 0x454a, 0x4682,
    0x46ec, 0x471d, 0x47e3, 0x47ff, 0x486a, 0x486c, 0x4938, 0x49b9,
    0x4a09, 0x4a78, 0x4ac9, 0x4adc, 0x4b24, 0x4b95, 0x4b9f, 0x4cbc,
    0x4cf9, 0x4ebd, 0x4ec2, 0x4ecd, 0x4ed1, 0x4edd, 0x4f11, 0x4f14,
    0x4f38, 0x4f6c, 0x5044, 0x5280, 0x5301, 0x5658, 0x584a, 0x5863,
    0x5866, 0x597f, 0x59e1, 0x5b9f, 0x5ba7, 0x5bbc, 0x5bbd, 0x5bc4,
    0x5bcf, 0x5bd3, 0x5be3, 0x5beb, 0x5bf2, 0x5bf5, 0x5bf9, 0x5d1d,
    0x5d21, 0x5d23, 0x5d42, 0x5d54, 0x5f6a, 0x5f7b, 0x5fc5, 0x5fce,
    0x5fcf, 0x5fd6, 0x5fd9, 0x600e, 0x601d, 0x607d, 0x60e6, 0x614b,
    0x61c8, 0x61cb, 0x61cd, 0x64fc, 0x64ff, 0x6517, 0x65e8, 0x65ec,
    0x65f2, 0x6603, 0x6642, 0x6760, 0x67f1, 0x6873, 0x6879, 0x6882,
    0x6896, 0x68cc, 0x6ad6, 0x6ea4, 0xcf0a
};

/*Collect the unicode lists and glyph_id offsets*/
static const lv_font_fmt_txt_cmap_t cmaps[] =
{
    {
        .range_start = 32, .range_length = 95, .glyph_id_start = 1,
        .unicode_list = NULL, .glyph_id_ofs_list = NULL, .list_length = 0, .type = LV_FONT_FMT_TXT_CMAP_FORMAT0_TINY
    },
    {
        .range_start = 12290, .range_length = 53003, .glyph_id_start = 96,
        .unicode_list = unicode_list_1, .glyph_id_ofs_list = NULL, .list_length = 229, .type = LV_FONT_FMT_TXT_CMAP_SPARSE_TINY
    }
};



/*--------------------
 *  ALL CUSTOM DATA
 *--------------------*/

#if LVGL_VERSION_MAJOR == 8
/*Store all the custom data of the font*/
static  lv_font_fmt_txt_glyph_cache_t cache;
#endif

#if LVGL_VERSION_MAJOR >= 8
static const lv_font_fmt_txt_dsc_t font_dsc = {
#else
static lv_font_fmt_txt_dsc_t font_dsc = {
#endif
    .glyph_bitmap = glyph_bitmap,
    .glyph_dsc = glyph_dsc,
    .cmaps = cmaps,
    .kern_dsc = NULL,
    .kern_scale = 0,
    .cmap_num = 2,
    .bpp = 2,
    .kern_classes = 0,
    .bitmap_format = 1,
#if LVGL_VERSION_MAJOR == 8
    .cache = &cache
#endif
};



/*-----------------
 *  PUBLIC FONT
 *----------------*/

/*Initialize a public general font descriptor*/
#if LVGL_VERSION_MAJOR >= 8
const lv_font_t kc_font_20 = {
#else
lv_font_t kc_font_20 = {
#endif
    .get_glyph_dsc = lv_font_get_glyph_dsc_fmt_txt,    /*Function pointer to get glyph's data*/
    .get_glyph_bitmap = lv_font_get_bitmap_fmt_txt,    /*Function pointer to get glyph's bitmap*/
    .line_height = 23,          /*The maximum line height required by the font*/
    .base_line = 5,             /*Baseline measured from the bottom of the line*/
#if !(LVGL_VERSION_MAJOR == 6 && LVGL_VERSION_MINOR == 0)
    .subpx = LV_FONT_SUBPX_NONE,
#endif
#if LV_VERSION_CHECK(7, 4, 0) || LVGL_VERSION_MAJOR >= 8
    .underline_position = -2,
    .underline_thickness = 1,
#endif
    .dsc = &font_dsc,          /*The custom font data. Will be accessed by `get_glyph_bitmap/dsc` */
#if LV_VERSION_CHECK(8, 2, 0) || LVGL_VERSION_MAJOR >= 9
    .fallback = NULL,
#endif
    .user_data = NULL,
};



#endif /*#if KC_FONT_20*/
