/*******************************************************************************
 * Size: 24 px
 * Bpp: 4
 * Opts: --font apps/graphics/lvgl/lvgl/demos/multilang/assets/fonts/NotoSansSC-Medium.otf -r 0x20-0x7e --symbols 。，知识闪卡离线卡组逐行阅读已展开计算机系统程序最初只是比特与字节编译器把源代码转换成机器指令硬件执行并搬运数据操作负责管理共享资源表示只有经过解释才有含义整数使用二进制和补码浮点数用精度换取更大的范围溢出必须处理的真实行为过程预处理展开头文件宏生成汇编可重定位目标链接解析符号存储层次寄存器容量小速度最快缓存常用放在附近主存但更慢局部性让整个高效工作虚拟内存每个进程拥有独立地址空间页表映射到物理快最近缺失页面可以从设备载入并发线程会交错访问状态竞争结果依赖时序锁保护临界区正确同步还要避免死锁 --size 24 --bpp 4 --format lvgl --no-kerning --lv-include lvgl/lvgl.h --lv-font-name kc_font_24 -o packages/demos/knowledge_cards/src/kc_font_24.c
 ******************************************************************************/

#ifdef LV_LVGL_H_INCLUDE_SIMPLE
#include "lvgl.h"
#else
#include "lvgl/lvgl.h"
#endif

#ifndef KC_FONT_24
#define KC_FONT_24 1
#endif

#if KC_FONT_24

/*-----------------
 *    BITMAPS
 *----------------*/

/*Store the image of the glyphs*/
static LV_ATTRIBUTE_LARGE_CONST const uint8_t glyph_bitmap[] = {
    /* U+0020 " " */

    /* U+0021 "!" */
    0x4f, 0xf3, 0xb8, 0x3, 0xc2, 0x20, 0xf, 0x19,
    0x80, 0x21, 0x0, 0x8, 0x4, 0xe0, 0x1f, 0x8,
    0x8, 0x4, 0x60, 0x60, 0xc2, 0x20, 0xbe, 0x2,
    0xde, 0x5b, 0x21, 0x83, 0x0, 0xa0, 0x86, 0x0,

    /* U+0022 "\"" */
    0xdf, 0xf0, 0x2, 0x7f, 0xc8, 0x1, 0xc2, 0x0,
    0x71, 0x1, 0x0, 0xf3, 0x81, 0x80, 0x3c, 0x0,
    0x24, 0xc, 0x0, 0x20, 0x1, 0x8, 0x8, 0x1,
    0x80, 0x43, 0x80, 0x80, 0x4, 0x4, 0xa, 0x5a,
    0x0, 0x12, 0x50,

    /* U+0023 "#" */
    0x0, 0xd1, 0xe4, 0x0, 0x7f, 0x30, 0xe, 0x20,
    0x20, 0x6, 0x81, 0x0, 0x73, 0x90, 0x4, 0xc2,
    0x20, 0xe, 0x26, 0x0, 0x8c, 0x80, 0x28, 0xff,
    0x2, 0x7f, 0xc0, 0x7f, 0xa1, 0xe2, 0x1, 0x8,
    0x80, 0x21, 0x10, 0x3f, 0x50, 0x57, 0x72, 0xc2,
    0x7b, 0x0, 0x23, 0x6, 0x0, 0x10, 0x10, 0x7,
    0x70, 0x8, 0x3, 0x81, 0xc0, 0x38, 0x80, 0x80,
    0x4, 0x4, 0x1, 0x77, 0x14, 0x3b, 0xa5, 0xf,
    0xe4, 0x1, 0x10, 0x0, 0x46, 0x0, 0x8, 0xc1,
    0xfe, 0x4, 0xff, 0x80, 0xff, 0xca, 0x0, 0x10,
    0x20, 0x0, 0x83, 0x0, 0x71, 0x7, 0x0, 0xc,
    0x8, 0x3, 0x98, 0x4, 0x0, 0xc1, 0xc0, 0x1c,
    0x60, 0x40, 0x2, 0x3, 0x0, 0xee, 0x6, 0x0,
    0x70, 0x30, 0x4,

    /* U+0024 "$" */
    0x0, 0xef, 0xd0, 0xf, 0xfe, 0x48, 0x81, 0x80,
    0x7c, 0x35, 0xc0, 0x3f, 0x44, 0x1, 0xe, 0x28,
    0x6, 0x5d, 0x40, 0x4, 0x90, 0x2e, 0x6c, 0x88,
    0x6, 0x50, 0x2a, 0x32, 0x6f, 0xa4, 0x0, 0x10,
    0x38, 0x6, 0x15, 0x0, 0x84, 0x10, 0x3, 0xf9,
    0xc0, 0x6c, 0x40, 0x3e, 0x81, 0x4, 0xf7, 0x0,
    0xf0, 0xfa, 0x80, 0xc6, 0xa0, 0x7, 0xd, 0x50,
    0x40, 0xad, 0xc0, 0x3c, 0xbe, 0xc0, 0x8, 0x40,
    0xf, 0xc, 0xc8, 0x1, 0x0, 0x1f, 0x98, 0x80,
    0xc0, 0x3f, 0x9c, 0x3, 0x41, 0x80, 0x73, 0x81,
    0x2, 0xbe, 0x4a, 0x89, 0xd1, 0x5, 0x3, 0x10,
    0x35, 0x76, 0x28, 0x1b, 0x81, 0xeb, 0x90, 0x4,
    0x2d, 0x80, 0x1a, 0x37, 0x40, 0x3d, 0x20, 0x1f,
    0x10, 0x18, 0x7, 0xff, 0x14,

    /* U+0025 "%" */
    0x0, 0xd, 0x77, 0x28, 0x40, 0x3c, 0x3f, 0x60,
    0x1e, 0x1f, 0x53, 0x32, 0xf8, 0x80, 0x74, 0x4,
    0x80, 0x7a, 0x45, 0xb7, 0x4c, 0x32, 0x1, 0x89,
    0x98, 0x40, 0x1e, 0x60, 0x80, 0x4, 0x3, 0x0,
    0x68, 0x8, 0x0, 0xf8, 0x40, 0x40, 0x2, 0x2,
    0x1, 0x1a, 0xb8, 0x80, 0x78, 0x40, 0x40, 0x30,
    0x80, 0x80, 0x20, 0x24, 0x3, 0xe1, 0x1, 0x0,
    0xc2, 0x2, 0x8, 0x88, 0x11, 0x3d, 0x38, 0x80,
    0x44, 0x6, 0x0, 0x30, 0x20, 0x4, 0xb, 0x97,
    0xc2, 0xc7, 0x98, 0x2, 0xc3, 0xc8, 0x9e, 0x16,
    0xa, 0x70, 0x1c, 0x31, 0xd2, 0x3c, 0x0, 0x65,
    0x3d, 0xd1, 0xab, 0x4, 0x13, 0x19, 0x89, 0xc5,
    0x8c, 0x90, 0x1, 0x54, 0x66, 0x55, 0x1, 0x8a,
    0x1, 0x41, 0x0, 0x2b, 0x3, 0x0, 0x96, 0x64,
    0xa0, 0x8, 0x35, 0xe, 0xe, 0x0, 0x84, 0x38,
    0x3, 0xf3, 0x8c, 0x0, 0x4, 0x3, 0xff, 0x86,
    0x30, 0x88, 0x0, 0x70, 0x78, 0x4, 0x20, 0x20,
    0x1f, 0x40, 0x48, 0x4, 0x60, 0x80, 0x16, 0x86,
    0x80, 0x78, 0x99, 0x48, 0x2, 0x41, 0x33, 0x1,
    0x28, 0xa8, 0x7, 0xa0, 0x20, 0x3, 0xac, 0x32,
    0xf4, 0x20, 0x3, 0xc6, 0xac, 0x40, 0x1c, 0xb6,
    0x68, 0x74, 0xc0,

    /* U+0026 "&" */
    0x0, 0xe8, 0xdf, 0xc6, 0x0, 0xff, 0xb5, 0xc8,
    0xe, 0x5c, 0x3, 0xfa, 0x8, 0x2f, 0xdc, 0x24,
    0x3, 0xf9, 0x1, 0xd0, 0x28, 0x4, 0x3, 0xf8,
    0x43, 0xc0, 0xc, 0x2, 0x1, 0xfc, 0xc1, 0xc0,
    0x32, 0xc, 0x1, 0xfd, 0x80, 0xeb, 0xe4, 0x70,
    0x1, 0xfc, 0xc0, 0x34, 0x2d, 0x80, 0x1f, 0xe2,
    0x0, 0x9e, 0x40, 0x32, 0x66, 0x4, 0x0, 0xb8,
    0x1, 0x28, 0x80, 0x6f, 0x30, 0x10, 0x4a, 0x3,
    0xb0, 0x2d, 0x0, 0x89, 0x2, 0x80, 0x12, 0x3,
    0x89, 0x20, 0x76, 0x0, 0x80, 0x16, 0x1, 0x20,
    0x60, 0x3, 0x38, 0x26, 0xb2, 0x85, 0x80, 0x70,
    0x80, 0x51, 0x0, 0x29, 0x4, 0x50, 0x0, 0x88,
    0x1c, 0x40, 0x27, 0x60, 0xc, 0x40, 0x14, 0x80,
    0xfb, 0xa3, 0x5b, 0x0, 0x49, 0xb4, 0x60, 0xea,
    0x3, 0x17, 0x28, 0xb, 0xae, 0x0, 0x57, 0x0,
    0x55, 0xa1, 0x0, 0xad, 0xd1, 0x46, 0xb9, 0x20,

    /* U+0027 "'" */
    0xdf, 0xf0, 0x4, 0x20, 0x2e, 0x6, 0x40, 0xc2,
    0x3, 0xc0, 0x4a, 0x5a,

    /* U+0028 "(" */
    0x0, 0x88, 0x40, 0x37, 0x70, 0xc0, 0xa, 0x64,
    0x60, 0x8, 0x8, 0x0, 0x19, 0xa, 0x80, 0x28,
    0x10, 0x2, 0x70, 0xe0, 0x1, 0x8, 0x20, 0x1,
    0xc0, 0x80, 0x2c, 0x7, 0x0, 0x8c, 0x8, 0x2,
    0x10, 0xf0, 0x9, 0xc0, 0x40, 0x21, 0x0, 0xe1,
    0x1, 0x0, 0x9c, 0x3c, 0x2, 0x10, 0x10, 0xb,
    0x41, 0x40, 0x23, 0x3, 0x0, 0x90, 0x0, 0x40,
    0x11, 0x82, 0x80, 0x54, 0x16, 0x1, 0x30, 0x19,
    0x0, 0x4c, 0x16, 0x1, 0x40, 0x31, 0x0, 0x5,
    0xd8, 0xc0,

    /* U+0029 ")" */
    0x4, 0x0, 0xd5, 0x6a, 0x1, 0x78, 0x40, 0x4,
    0xa4, 0x45, 0x0, 0xac, 0x38, 0x2, 0x70, 0x41,
    0x0, 0x9, 0x83, 0x0, 0x48, 0x1a, 0x1, 0x68,
    0x20, 0x4, 0xe0, 0x22, 0x0, 0x10, 0x0, 0x80,
    0x39, 0xc0, 0x21, 0x1, 0x0, 0xe3, 0x0, 0x84,
    0xc, 0x3, 0x98, 0x0, 0x20, 0x1, 0x0, 0x28,
    0x0, 0x80, 0x6, 0x6, 0x1, 0x68, 0x28, 0x4,
    0x81, 0xa0, 0x4, 0x11, 0x20, 0x3, 0x41, 0x80,
    0x2, 0xc1, 0x40, 0x8, 0x6, 0x20, 0x6, 0x9c,
    0x0, 0x40,

    /* U+002A "*" */
    0x0, 0xdf, 0x20, 0x1f, 0x8, 0x10, 0x6, 0x27,
    0x32, 0x7, 0x4, 0x60, 0x58, 0xcc, 0x1, 0xfd,
    0xc8, 0xbc, 0x90, 0x6, 0x5c, 0x10, 0x6f, 0x0,
    0x92, 0x8c, 0x2, 0x80, 0x41, 0x44, 0x0, 0x46,
    0xa5, 0x74, 0x12, 0x1, 0x1c, 0x60, 0x24, 0xc8,
    0x0,

    /* U+002B "+" */
    0x0, 0xe2, 0xcb, 0x0, 0xff, 0x9, 0xa8, 0x7,
    0xff, 0x95, 0xc0, 0x3e, 0x1f, 0xfd, 0x60, 0x3f,
    0xfb, 0x0, 0x3f, 0xf8, 0x23, 0xff, 0xb0, 0x7,
    0xff, 0x60, 0x7, 0xff, 0xa0,

    /* U+002C "," */
    0x3, 0x96, 0x1, 0xc6, 0x96, 0x30, 0xb, 0x49,
    0xc4, 0x1c, 0x23, 0x41, 0x80, 0x16, 0x18, 0xc,
    0xe2, 0xd1, 0x23, 0xa1, 0x8b, 0x86, 0x0,

    /* U+002D "-" */
    0x11, 0xf0, 0x67, 0x77, 0x38, 0x7, 0xc0,

    /* U+002E "." */
    0x0, 0xf4, 0xfd, 0x81, 0x30, 0x22, 0x80, 0x71,
    0x30, 0x2a, 0x80,

    /* U+002F "/" */
    0x0, 0xf1, 0x7d, 0x80, 0x79, 0x43, 0x0, 0x3d,
    0x80, 0x80, 0x1e, 0x41, 0x30, 0xe, 0x40, 0x40,
    0xf, 0x60, 0x78, 0x7, 0x94, 0x10, 0x3, 0x84,
    0x88, 0x20, 0x1c, 0x80, 0xa0, 0x1e, 0xf0, 0xc0,
    0xf, 0x20, 0x20, 0x7, 0x10, 0xa0, 0x7, 0x94,
    0x30, 0x3, 0xd8, 0x8, 0x1, 0xe4, 0x13, 0x0,
    0xe4, 0x4, 0x0, 0xf6, 0x6, 0x0, 0x79, 0x41,
    0xc0, 0x38, 0x48, 0x82, 0x1, 0xc8, 0xa, 0x1,
    0xef, 0xc, 0x0, 0xf2, 0x2, 0x0, 0x71, 0xa,
    0x0, 0x79, 0x43, 0x0, 0x3c, 0x50, 0xa0, 0x1e,

    /* U+0030 "0" */
    0x0, 0x9b, 0x3f, 0xac, 0xc0, 0x3a, 0xa4, 0xc0,
    0x53, 0x14, 0x2, 0x75, 0x3, 0xa8, 0x10, 0xa2,
    0x0, 0x48, 0x16, 0x2b, 0xe8, 0x2, 0x1, 0x4,
    0x2c, 0x2, 0x34, 0x5, 0xc, 0x0, 0x38, 0x6,
    0xd0, 0x1, 0x98, 0x4, 0x40, 0x19, 0x40, 0xa,
    0xe0, 0x60, 0x1c, 0x20, 0x1, 0x10, 0x8, 0x7,
    0x18, 0x3, 0xc0, 0x3f, 0xf8, 0x2, 0x2, 0x1,
    0xc6, 0x0, 0xf7, 0x3, 0x0, 0xe6, 0x0, 0x11,
    0x80, 0x88, 0x3, 0x18, 0x1, 0xb0, 0x0, 0xe0,
    0x1b, 0x0, 0x4d, 0x4, 0x2c, 0x2, 0x34, 0x7,
    0x0, 0x40, 0x16, 0x2b, 0xe8, 0x2, 0xc0, 0xc,
    0xa0, 0x75, 0x2, 0x14, 0x40, 0x15, 0x49, 0x80,
    0xa6, 0x28, 0x0,

    /* U+0031 "1" */
    0x0, 0xb, 0xf7, 0xd0, 0x6, 0x2c, 0xe8, 0x10,
    0xf, 0x9, 0x80, 0x7f, 0x1e, 0xeb, 0x0, 0x3f,
    0x11, 0x40, 0x1f, 0xff, 0xf0, 0xf, 0xfe, 0xf2,
    0xac, 0xe0, 0x6, 0x55, 0x82, 0xea, 0x92, 0x0,
    0x3a, 0xa8, 0x80, 0x3f, 0xe0,

    /* U+0032 "2" */
    0x0, 0x96, 0xfb, 0xf2, 0x4, 0x3, 0xd, 0xd2,
    0x8, 0x1b, 0xf9, 0x80, 0x5a, 0x80, 0xb5, 0x28,
    0x3, 0xc0, 0x14, 0x5, 0x51, 0x5a, 0xd4, 0x9,
    0x0, 0x9, 0xea, 0x1, 0xa4, 0x0, 0x60, 0x1f,
    0xc4, 0x0, 0xf0, 0xf, 0xe3, 0x0, 0x70, 0x7,
    0xf2, 0x80, 0x10, 0x3, 0xf0, 0xc8, 0x19, 0x0,
    0x7e, 0x81, 0x8, 0x0, 0xfc, 0x8c, 0x8, 0x80,
    0xf, 0x8a, 0xc0, 0x68, 0x3, 0xe1, 0xc0, 0x6,
    0x88, 0x7, 0x87, 0x4, 0x28, 0xc0, 0x3c, 0x58,
    0x41, 0x4a, 0x1, 0xe2, 0xc2, 0x5, 0x5, 0x66,
    0xc4, 0x18, 0x20, 0x5, 0xaa, 0x4c, 0xe5, 0x0,
    0xff, 0xe0, 0x80,

    /* U+0033 "3" */
    0x0, 0x92, 0xfb, 0xf6, 0x90, 0x3, 0xaa, 0xd0,
    0x40, 0x96, 0xe4, 0x2, 0x65, 0x5, 0x8a, 0x70,
    0x3, 0x28, 0x1, 0xa7, 0x29, 0xd6, 0x28, 0x1,
    0x80, 0x13, 0x18, 0x6, 0x40, 0x1, 0x80, 0x7f,
    0x38, 0x3, 0x40, 0x3c, 0x27, 0x32, 0x3, 0x70,
    0xe, 0xae, 0xc6, 0x7, 0xc0, 0xf, 0xf8, 0x88,
    0x1, 0xeb, 0xca, 0x50, 0x5c, 0x30, 0xe, 0x13,
    0x5a, 0xc0, 0x1f, 0x0, 0xfe, 0x35, 0x3, 0x20,
    0xf, 0xe2, 0x0, 0x30, 0x0, 0x40, 0x3c, 0x40,
    0x6, 0xa, 0xf3, 0x0, 0xc6, 0xa0, 0x2, 0x22,
    0x8e, 0x53, 0x32, 0x70, 0x1, 0x20, 0x56, 0x20,
    0xb3, 0x26, 0x0, 0x33, 0x0, 0x9, 0xf0, 0x62,
    0x4, 0xb9, 0x20, 0x0,

    /* U+0034 "4" */
    0x0, 0xfb, 0x3f, 0xd6, 0x1, 0xf9, 0x8c, 0x3,
    0xfc, 0x32, 0x1, 0xff, 0x50, 0x19, 0x80, 0x3f,
    0x2a, 0x7, 0x88, 0x7, 0xc3, 0x60, 0x86, 0x1,
    0xfa, 0x4, 0x28, 0x3, 0xf1, 0xb0, 0x48, 0x80,
    0x7e, 0xe0, 0x36, 0x0, 0xfd, 0x4, 0x1c, 0x1,
    0xf8, 0x9c, 0x18, 0x4c, 0xf0, 0x39, 0x9a, 0x80,
    0xd, 0x99, 0x84, 0xf, 0x30, 0x1, 0xff, 0xc1,
    0x8f, 0xff, 0x88, 0x13, 0xfc, 0x1, 0xff, 0xe8,

    /* U+0035 "5" */
    0x0, 0x3f, 0xff, 0xe8, 0x0, 0xbc, 0x3, 0xff,
    0x80, 0x20, 0x9, 0x9f, 0x58, 0x4, 0x60, 0x2c,
    0xde, 0x30, 0x8, 0x40, 0x80, 0x3f, 0xce, 0xc,
    0x1, 0xfe, 0x10, 0x7c, 0xff, 0x6b, 0x80, 0x71,
    0x81, 0x18, 0x0, 0xa3, 0x40, 0x34, 0xc, 0xef,
    0xd9, 0x1, 0x48, 0x4, 0xdc, 0xc4, 0x9, 0x80,
    0x6, 0x0, 0xfe, 0x16, 0x0, 0x18, 0x7, 0xf7,
    0x0, 0x18, 0x3, 0xfb, 0xc0, 0xc, 0x1, 0xfc,
    0x80, 0x3, 0x9, 0xd2, 0x0, 0xcc, 0x60, 0x60,
    0x4c, 0x5b, 0x4c, 0xca, 0x90, 0x7, 0x1, 0x50,
    0x82, 0xcc, 0x94, 0x1, 0x44, 0x0, 0x5f, 0x83,
    0x10, 0x36, 0xe5, 0x0, 0x0,

    /* U+0036 "6" */
    0x0, 0xcf, 0x9f, 0xd8, 0xc0, 0x18, 0xb6, 0xc,
    0x4, 0xe6, 0x84, 0x1, 0xe4, 0x9, 0x12, 0xa0,
    0x22, 0x8, 0x20, 0xab, 0x76, 0xad, 0xb0, 0x3,
    0x2, 0x28, 0x6, 0x20, 0x2, 0x8, 0x40, 0x7,
    0xe3, 0x0, 0x1a, 0x67, 0xed, 0x10, 0x3, 0x80,
    0x5e, 0xcc, 0x9, 0x75, 0x0, 0xc0, 0x61, 0x73,
    0x60, 0x1, 0x20, 0x20, 0x7, 0xa3, 0x27, 0x80,
    0x24, 0x10, 0x4, 0x0, 0x66, 0x0, 0x19, 0x80,
    0x2, 0x1, 0x84, 0x41, 0xde, 0x0, 0x50, 0xe,
    0x10, 0x14, 0x0, 0x68, 0x6, 0x20, 0x6, 0x92,
    0x3, 0x10, 0x5, 0x60, 0x7, 0x8, 0x0, 0x63,
    0x24, 0xb0, 0x39, 0x1, 0xd0, 0xc, 0xdb, 0x2,
    0x40, 0x4, 0xba, 0xa2, 0x7, 0x16, 0x0,

    /* U+0037 "7" */
    0xdf, 0xff, 0xf4, 0x0, 0x7f, 0xf0, 0x22, 0x67,
    0xe2, 0x1, 0x95, 0x66, 0xf2, 0x10, 0x50, 0x80,
    0x7d, 0xc0, 0xa8, 0x1, 0xf3, 0x18, 0x58, 0x7,
    0xeb, 0x5, 0x10, 0xf, 0x90, 0x82, 0x40, 0x3f,
    0x70, 0x11, 0x80, 0x7c, 0x2a, 0xa, 0x1, 0xf9,
    0x40, 0x18, 0x1, 0xfb, 0x0, 0xa, 0x1, 0xf8,
    0xc0, 0x44, 0x1, 0xf9, 0x0, 0x80, 0x3f, 0xe6,
    0x0, 0xfc, 0x40, 0x3, 0x0, 0xfc, 0x20, 0x1,
    0x0, 0xfc, 0xc0, 0xf, 0x0, 0xe0,

    /* U+0038 "8" */
    0x0, 0x9b, 0x3b, 0x96, 0xa0, 0x1d, 0x92, 0x62,
    0x24, 0xaa, 0x0, 0x52, 0x60, 0xfb, 0xa5, 0x5,
    0x60, 0x3, 0x82, 0xc1, 0x12, 0x8c, 0x34, 0x4,
    0x41, 0x80, 0x1a, 0xc1, 0x80, 0x40, 0x1c, 0x1,
    0xbc, 0x4, 0x0, 0xc0, 0xc2, 0x1, 0x18, 0x50,
    0x2, 0x4c, 0x7d, 0x1, 0x51, 0xc, 0x1, 0x60,
    0x8a, 0xf2, 0xce, 0xc0, 0x21, 0xc1, 0x52, 0x31,
    0x36, 0x0, 0xb0, 0xda, 0xb6, 0xc8, 0x26, 0x1,
    0xc8, 0x64, 0x0, 0x9a, 0x60, 0xe5, 0x80, 0xe0,
    0x1d, 0x0, 0x4, 0x60, 0x30, 0xe, 0x50, 0x7,
    0x38, 0x20, 0x80, 0x67, 0x0, 0x6c, 0x80, 0xe2,
    0x91, 0x1e, 0x40, 0x94, 0xe4, 0xa, 0xb7, 0x50,
    0x3, 0xe0, 0x6, 0xe6, 0x30, 0x13, 0x8e, 0x20,

    /* U+0039 "9" */
    0x0, 0x15, 0x6f, 0xec, 0x8, 0x6, 0x4d, 0x52,
    0x2, 0x7f, 0x20, 0x0, 0xd0, 0xc, 0xdb, 0x80,
    0xf8, 0x2, 0x44, 0x35, 0x92, 0x2c, 0x9, 0xc1,
    0x0, 0xcc, 0x1, 0x22, 0x2, 0x80, 0x81, 0x80,
    0x3b, 0x0, 0x84, 0xc0, 0x40, 0x38, 0xc0, 0xa,
    0xe0, 0x82, 0x1, 0xb8, 0x0, 0x3c, 0x0, 0xd3,
    0x14, 0xc5, 0x0, 0x1a, 0x28, 0x1e, 0x75, 0x94,
    0x80, 0xc, 0x2a, 0x86, 0x22, 0x5f, 0x20, 0x0,
    0x80, 0x17, 0x3b, 0x94, 0x26, 0x0, 0x50, 0xf,
    0xd8, 0x2, 0x20, 0xf, 0x89, 0x1, 0xc0, 0x8,
    0x60, 0x10, 0xf0, 0x2, 0xc0, 0xef, 0x25, 0xa3,
    0xc, 0x1c, 0x80, 0x4, 0xd, 0x2e, 0x40, 0xb0,
    0x0, 0x3d, 0x72, 0x1, 0x4a, 0xa0, 0x4,

    /* U+003A ":" */
    0x8, 0xfa, 0x2, 0x70, 0x55, 0x0, 0x71, 0x30,
    0x22, 0x84, 0xfd, 0x80, 0x7f, 0xf3, 0xe7, 0xec,
    0x9, 0x81, 0x14, 0x3, 0x89, 0x81, 0x54,

    /* U+003B ";" */
    0x8, 0xfa, 0x2, 0x70, 0x55, 0x0, 0x71, 0x30,
    0x22, 0x84, 0xfd, 0x80, 0x7f, 0xf3, 0xce, 0x58,
    0x7, 0x1a, 0x58, 0xc0, 0x2d, 0x27, 0x10, 0x70,
    0x8d, 0x6, 0x0, 0x58, 0x60, 0x33, 0x8b, 0x44,
    0x8e, 0x86, 0x2e, 0x18, 0x0,

    /* U+003C "<" */
    0x0, 0xff, 0xe5, 0x9c, 0xd8, 0x7, 0xe6, 0xcc,
    0x33, 0x80, 0x71, 0xcf, 0xc9, 0x81, 0xc8, 0x4,
    0xd9, 0x86, 0x2, 0x7d, 0xc5, 0x9, 0xf9, 0x30,
    0x5b, 0xd8, 0x20, 0x0, 0xb0, 0x2, 0x7e, 0x90,
    0x3, 0xfa, 0x20, 0x40, 0x1e, 0x1e, 0x82, 0x17,
    0xdc, 0x61, 0x0, 0xc2, 0xfb, 0x6a, 0x7, 0x3d,
    0x48, 0x1, 0xc9, 0x5d, 0x4, 0xb, 0x76, 0x0,
    0xf0, 0xbe, 0xda, 0x83, 0x80, 0x7f, 0x25, 0x74,
    0x80,

    /* U+003D "=" */
    0x1f, 0xff, 0xfb, 0x0, 0x3f, 0xf8, 0x23, 0xff,
    0xff, 0x60, 0x7, 0xff, 0x6c, 0x7f, 0xff, 0xec,
    0x0, 0xff, 0xe0, 0x8f, 0xff, 0xfd, 0x80,

    /* U+003E ">" */
    0x0, 0xff, 0xe0, 0x8f, 0x38, 0x80, 0x7f, 0x86,
    0x3a, 0x90, 0x3, 0xe1, 0x72, 0x5, 0xbd, 0x71,
    0x0, 0xe8, 0xdc, 0x60, 0x28, 0xea, 0x40, 0xe,
    0x39, 0xfa, 0x30, 0x5b, 0xd6, 0x0, 0xf2, 0xe6,
    0xb0, 0x15, 0x0, 0x7c, 0x90, 0xc0, 0x7, 0x0,
    0xc5, 0x1d, 0x6a, 0x9, 0x56, 0x2, 0xd9, 0xae,
    0x22, 0x7d, 0xb5, 0x1, 0xe9, 0x30, 0x4a, 0xe8,
    0x20, 0xe, 0x17, 0xdb, 0x50, 0xf, 0xd, 0x74,
    0x10, 0x7, 0xe0,

    /* U+003F "?" */
    0x0, 0x3e, 0x7f, 0x5a, 0x80, 0x7, 0x20, 0xc0,
    0x52, 0xa0, 0x20, 0xc5, 0xa5, 0xc0, 0xe, 0x73,
    0x1f, 0x2d, 0x12, 0x0, 0x50, 0x71, 0x0, 0x90,
    0x1, 0xc0, 0x1e, 0x40, 0x6, 0x0, 0x71, 0x40,
    0x22, 0x0, 0x3b, 0xc4, 0xa8, 0x3, 0xa8, 0x83,
    0x84, 0x3, 0x22, 0x84, 0x98, 0x7, 0x70, 0xb,
    0x0, 0x78, 0x41, 0x40, 0x3e, 0xbf, 0xb0, 0xf,
    0xfe, 0x2d, 0x7d, 0x0, 0x78, 0xd4, 0x15, 0x0,
    0x3f, 0xf8, 0x66, 0xc0, 0xa8, 0x1, 0x0,

    /* U+0040 "@" */
    0x0, 0xf8, 0x5a, 0xf7, 0xfd, 0xb4, 0xa0, 0x1f,
    0xe1, 0x9e, 0x94, 0x21, 0x11, 0x2d, 0x6a, 0x0,
    0x7c, 0x7e, 0xc2, 0xfb, 0xfd, 0xcf, 0xb3, 0x2b,
    0x60, 0xe, 0x4c, 0x15, 0xf8, 0x20, 0xc, 0x98,
    0xe1, 0x26, 0x1, 0xd, 0x3, 0xd0, 0x80, 0x7e,
    0x88, 0x7, 0x0, 0x54, 0x2b, 0x0, 0x1f, 0xf3,
    0x91, 0x10, 0x11, 0x3, 0x40, 0x19, 0x66, 0x46,
    0xb4, 0x60, 0x8, 0xd, 0xf, 0x8, 0x0, 0xd7,
    0x4c, 0xcc, 0xb5, 0x20, 0x3, 0x82, 0x2, 0x3,
    0x0, 0x58, 0x88, 0xce, 0x31, 0x18, 0x0, 0x40,
    0x68, 0x8, 0x1, 0x29, 0x9a, 0xcc, 0x68, 0x14,
    0x3, 0x8, 0x8c, 0x30, 0x2, 0x80, 0x90, 0xb,
    0xc0, 0xc0, 0x30, 0x8b, 0xc0, 0x40, 0x22, 0x4,
    0x0, 0x88, 0x34, 0x2, 0x20, 0x52, 0x3, 0x0,
    0x10, 0x0, 0x40, 0x25, 0x7, 0x0, 0xa8, 0x34,
    0xc0, 0xc0, 0x6, 0x0, 0x10, 0x2, 0x88, 0x18,
    0x0, 0x58, 0x98, 0x40, 0x40, 0x2, 0x20, 0xa4,
    0x8a, 0x10, 0x60, 0x4c, 0x19, 0xd, 0xc, 0x0,
    0xa8, 0x12, 0xdd, 0xda, 0x11, 0xf6, 0x76, 0x80,
    0xa0, 0x82, 0x0, 0x4d, 0x76, 0xb8, 0x3d, 0x96,
    0xaf, 0x40, 0x9, 0x42, 0x0, 0x22, 0x89, 0x40,
    0x1, 0x34, 0xa8, 0x80, 0x68, 0x6, 0x50, 0xf,
    0xfe, 0x29, 0x48, 0x53, 0x80, 0x7e, 0x10, 0xf,
    0xcd, 0x1, 0x1a, 0xe6, 0x20, 0x4b, 0x98, 0x0,
    0xfe, 0x7b, 0x32, 0x8c, 0xef, 0xda, 0x31, 0x10,
    0x7, 0xf2, 0x66, 0x1d, 0xc, 0xca, 0xf9, 0x81,
    0x0, 0xe0,

    /* U+0041 "A" */
    0x0, 0xe4, 0xff, 0x8c, 0x3, 0xfd, 0xc0, 0x15,
    0x0, 0x7f, 0x90, 0xc, 0x1c, 0x3, 0xf9, 0x4,
    0x3c, 0x4, 0xc0, 0x3f, 0x68, 0x21, 0x88, 0x58,
    0x7, 0xe7, 0xc, 0x4, 0x5, 0x0, 0xf9, 0x4,
    0x10, 0x3c, 0x8, 0x80, 0x1e, 0xd0, 0x13, 0x4,
    0x0, 0x50, 0x7, 0x9c, 0x10, 0x0, 0x24, 0xa,
    0x1, 0xc6, 0x21, 0xe0, 0x12, 0x81, 0x10, 0x3,
    0x58, 0x4, 0x67, 0x78, 0x1, 0x40, 0x33, 0x0,
    0x2b, 0x32, 0x80, 0x5, 0x80, 0x46, 0x20, 0x1f,
    0xc6, 0x40, 0xb, 0x0, 0x67, 0xff, 0x50, 0x1,
    0x40, 0xa, 0x2, 0x60, 0x1c, 0x80, 0xb, 0x3,
    0x20, 0x70, 0xf, 0x9, 0x81, 0x8d, 0x80, 0x34,
    0x3, 0xeb, 0x0, 0x3a, 0x80, 0x10, 0x3, 0xe5,
    0x0, 0x50,

    /* U+0042 "B" */
    0xaf, 0xfe, 0xed, 0xb5, 0x0, 0xfe, 0x12, 0x4a,
    0xc0, 0xe, 0xac, 0xba, 0x82, 0x3, 0x90, 0xc,
    0x86, 0x8a, 0xf8, 0x0, 0x70, 0xf, 0xe1, 0x30,
    0x10, 0xf, 0xf1, 0x1, 0x80, 0x7c, 0x29, 0x82,
    0x10, 0x1, 0xbb, 0xfd, 0xd6, 0x65, 0x68, 0x1,
    0xfe, 0x2e, 0x10, 0xd, 0x9b, 0xac, 0xa5, 0x5,
    0xf1, 0x0, 0x88, 0xa3, 0x5a, 0xa0, 0xc, 0x0,
    0x7f, 0x28, 0x82, 0x0, 0x7f, 0x88, 0x8, 0x3,
    0xfc, 0x60, 0x20, 0x1f, 0xd0, 0x0, 0x70, 0x9,
    0x12, 0x57, 0xc7, 0x1, 0x80, 0xa, 0xae, 0xd5,
    0x6, 0x3, 0xa2, 0x1, 0xf1, 0x24, 0xf1, 0x80,

    /* U+0043 "C" */
    0x0, 0xe7, 0xce, 0xfd, 0x92, 0x0, 0xe5, 0xe8,
    0x31, 0x2, 0x6d, 0x50, 0x9, 0x68, 0x40, 0x51,
    0x8c, 0x1, 0x42, 0x5, 0x40, 0x6, 0xeb, 0x9c,
    0xd3, 0xa1, 0x8, 0x0, 0x3c, 0x80, 0x62, 0xc5,
    0x1, 0x50, 0x19, 0x0, 0xfe, 0x40, 0x3, 0x88,
    0x7, 0xf6, 0x80, 0x3c, 0x3, 0xfc, 0x20, 0x2,
    0x0, 0xff, 0xe6, 0x8, 0x0, 0x80, 0x3f, 0xda,
    0x0, 0xf0, 0xf, 0xf2, 0x0, 0x1c, 0x3, 0xfc,
    0x28, 0x2, 0xe0, 0x1f, 0x8, 0x2, 0x0, 0x11,
    0x0, 0xc, 0x39, 0x81, 0x3, 0x80, 0x3, 0xf5,
    0x4e, 0x71, 0x93, 0x0, 0x1e, 0x40, 0x2, 0xac,
    0x60, 0x7, 0x70, 0x4, 0xdc, 0xe6, 0x20, 0x4d,
    0xb0, 0x0,

    /* U+0044 "D" */
    0xaf, 0xfe, 0xda, 0x60, 0xf, 0xf8, 0x96, 0x79,
    0x0, 0x3d, 0x35, 0xa, 0x20, 0x36, 0xa0, 0x1c,
    0xea, 0xf5, 0xcc, 0x0, 0xa2, 0x0, 0xfe, 0x95,
    0x0, 0x58, 0x7, 0xfa, 0x0, 0xc, 0x1, 0xfe,
    0x23, 0x0, 0x18, 0x7, 0xf9, 0x80, 0xc, 0x1,
    0xfe, 0x20, 0x1, 0x80, 0x7f, 0xf3, 0x8, 0x0,
    0x60, 0x1f, 0xe6, 0x0, 0x38, 0x7, 0xf1, 0x18,
    0x9, 0x0, 0x7f, 0x48, 0x1, 0x80, 0x3f, 0xd,
    0x20, 0x2, 0x40, 0x33, 0xab, 0xd7, 0xa8, 0x2,
    0x84, 0x3, 0x4d, 0x42, 0x88, 0xd, 0xa8, 0x7,
    0xe1, 0x49, 0xe4, 0x0, 0x80,

    /* U+0045 "E" */
    0xaf, 0xff, 0xec, 0x0, 0xff, 0xe2, 0x44, 0xcf,
    0xc0, 0x19, 0x9b, 0xe5, 0x0, 0xff, 0xee, 0x77,
    0xff, 0x48, 0x7, 0xff, 0x16, 0x26, 0x7b, 0x40,
    0x39, 0x9b, 0xc8, 0x1, 0xff, 0xe9, 0x66, 0xfc,
    0x1, 0xa2, 0x67, 0xe0, 0xf, 0xfe, 0x8,

    /* U+0046 "F" */
    0xaf, 0xff, 0xec, 0x0, 0xff, 0xe1, 0x44, 0xcf,
    0xc0, 0x13, 0x37, 0xca, 0x1, 0xff, 0xd8, 0x66,
    0xf2, 0x0, 0x68, 0x99, 0xee, 0x0, 0xff, 0xe1,
    0xf7, 0xff, 0x50, 0x7, 0xff, 0xfc, 0x2,

    /* U+0047 "G" */
    0x0, 0xe6, 0xbe, 0xfe, 0xb5, 0x0, 0xf2, 0x74,
    0xa0, 0x80, 0xa5, 0x60, 0x80, 0x4b, 0x62, 0x0,
    0x36, 0x52, 0x3, 0x80, 0x1, 0x50, 0x1, 0x7f,
    0x26, 0xb6, 0x96, 0x40, 0x10, 0x0, 0x6a, 0x0,
    0xe5, 0xa0, 0x0, 0xa8, 0x2, 0x0, 0x3f, 0xc8,
    0x0, 0x61, 0x0, 0xff, 0x68, 0x3, 0xc0, 0x3f,
    0xe1, 0x0, 0x10, 0x6, 0xef, 0xfe, 0x10, 0xf,
    0xfe, 0x18, 0x80, 0x8, 0x3, 0x5d, 0x51, 0x80,
    0x2d, 0x0, 0x78, 0x6, 0x55, 0xbc, 0x2, 0x40,
    0x3, 0x88, 0x7, 0xf8, 0x50, 0x6, 0x40, 0x3f,
    0xe8, 0x0, 0x3c, 0x80, 0x77, 0x0, 0x63, 0x90,
    0x3, 0x7e, 0x4c, 0xb5, 0xc0, 0x39, 0xa8, 0x40,
    0x6, 0xcc, 0x20, 0x5, 0x8, 0x4, 0xbf, 0x6,
    0x20, 0x27, 0x1c, 0xa0,

    /* U+0048 "H" */
    0xaf, 0xf0, 0x80, 0x79, 0x7f, 0xce, 0x1, 0xff,
    0xff, 0x0, 0xff, 0xe0, 0x77, 0xff, 0xa8, 0x3,
    0xff, 0x90, 0xce, 0xfe, 0x50, 0xf, 0x44, 0x7d,
    0xe0, 0x1f, 0xff, 0xf0, 0xf, 0xfe, 0x70,

    /* U+0049 "I" */
    0xaf, 0xf0, 0x80, 0x7f, 0xfe, 0x0,

    /* U+004A "J" */
    0x0, 0xfd, 0x9f, 0xe0, 0xf, 0xff, 0xf8, 0x7,
    0xff, 0x7c, 0x40, 0x3f, 0xf8, 0x2, 0x0, 0x20,
    0xe, 0x20, 0x20, 0x9d, 0x50, 0x9, 0xc0, 0xc,
    0x8, 0x15, 0x93, 0x70, 0x0, 0x80, 0xe1, 0x3,
    0x64, 0x0, 0x41, 0x1, 0xfb, 0x90, 0x12, 0xdb,
    0x80,

    /* U+004B "K" */
    0xaf, 0xf0, 0x80, 0x73, 0xff, 0xa4, 0x3, 0xf9,
    0x20, 0xe, 0x40, 0x3f, 0x15, 0x0, 0xe8, 0x7,
    0xf7, 0x8, 0x50, 0x80, 0x7e, 0xa3, 0x8, 0x40,
    0xf, 0xcc, 0xa0, 0xae, 0x1, 0xf8, 0xe4, 0xa,
    0x80, 0x3f, 0x16, 0x80, 0x7f, 0xf0, 0x38, 0x40,
    0x4, 0xc0, 0x1f, 0x88, 0x18, 0x42, 0x4, 0x3,
    0xf1, 0xcc, 0x0, 0xc0, 0x7, 0xc3, 0xa0, 0xc4,
    0xc, 0x40, 0x1e, 0xd1, 0x0, 0x48, 0x2, 0x40,
    0x3c, 0x40, 0x12, 0x20, 0x11, 0x0, 0x1f, 0xe9,
    0x0, 0x48, 0x7, 0xf8, 0x98, 0x9, 0xc0, 0x3f,
    0xd0, 0x0, 0x81, 0x0, 0xfe, 0x18, 0x0, 0x40,

    /* U+004C "L" */
    0xaf, 0xf0, 0x80, 0x7f, 0xff, 0xc0, 0x3f, 0xff,
    0xe0, 0x1f, 0xfc, 0x26, 0x6f, 0x90, 0x2, 0x89,
    0x9f, 0x68, 0x7, 0xfc,

    /* U+004D "M" */
    0xaf, 0xf5, 0x80, 0x7e, 0xcf, 0xf4, 0x80, 0x48,
    0x20, 0x1e, 0x23, 0x0, 0xf9, 0xc0, 0x3c, 0xa0,
    0x1e, 0x10, 0xa0, 0xf, 0x50, 0x8, 0x6, 0x40,
    0x31, 0x0, 0xc4, 0x41, 0x50, 0xe, 0x30, 0x60,
    0xd, 0x40, 0xee, 0x0, 0xc3, 0x41, 0x40, 0x19,
    0x83, 0x44, 0x3, 0x3b, 0x80, 0x8c, 0x0, 0x62,
    0x24, 0x30, 0xe, 0x14, 0xb, 0x0, 0x50, 0x38,
    0x8, 0x6, 0x10, 0xd0, 0x60, 0x3, 0x85, 0x0,
    0x7e, 0x60, 0x13, 0x30, 0x91, 0x80, 0x7f, 0x28,
    0x5d, 0x81, 0x40, 0x3f, 0xdc, 0xa, 0xa0, 0xa0,
    0xf, 0xf2, 0x9, 0x10, 0xc8, 0x3, 0xfe, 0x70,
    0x5, 0x0, 0x7f, 0xf0, 0x28, 0x0, 0xe0, 0x1f,
    0xfc, 0x3, 0xbc, 0x10, 0xf, 0xfe, 0xa, 0x18,
    0x7, 0xc0,

    /* U+004E "N" */
    0xaf, 0xf3, 0x80, 0x79, 0x7f, 0xc8, 0x1, 0x40,
    0x80, 0x7f, 0xf0, 0x60, 0x3, 0xfe, 0x10, 0x62,
    0x0, 0xff, 0x21, 0x4, 0x0, 0x7f, 0x86, 0x1,
    0x4c, 0x3, 0xf9, 0xd4, 0x83, 0xc0, 0x3f, 0x84,
    0x20, 0xd, 0x40, 0x3f, 0x18, 0x29, 0x84, 0x0,
    0x7e, 0x10, 0x4, 0x1, 0x38, 0x8, 0x7, 0xe4,
    0x40, 0x48, 0xb8, 0x7, 0xf4, 0x80, 0xb0, 0x80,
    0x7f, 0x13, 0x4, 0x80, 0x7f, 0xd0, 0x2, 0xa0,
    0x1f, 0xe1, 0x80, 0x90, 0xf, 0xf9, 0xc4, 0x40,
    0x1f, 0xfc, 0x8, 0x0, 0xff, 0xe0, 0xb1, 0x0,
    0x40,

    /* U+004F "O" */
    0x0, 0xc5, 0x1b, 0xfe, 0xd9, 0x30, 0xf, 0xa3,
    0x5c, 0x80, 0x4, 0xd9, 0x20, 0x1d, 0xe, 0x0,
    0x25, 0x62, 0x0, 0x35, 0x0, 0x48, 0xe0, 0x9,
    0xda, 0x9d, 0xa0, 0x2, 0xa8, 0x1, 0x0, 0x9,
    0x60, 0xc, 0xb4, 0x0, 0x80, 0x23, 0x1, 0x60,
    0xf, 0x29, 0x1, 0x22, 0x0, 0xc, 0x1, 0xfa,
    0xc0, 0x7, 0xc0, 0xe, 0x0, 0xfc, 0x40, 0xd,
    0x10, 0x1, 0x0, 0x7e, 0x60, 0x0, 0x80, 0x7f,
    0xf1, 0x4, 0x0, 0x40, 0x1f, 0x98, 0x0, 0x3a,
    0x0, 0xe0, 0xf, 0xc6, 0x0, 0xd4, 0x0, 0x30,
    0x7, 0xea, 0x0, 0x20, 0xa0, 0xb, 0x80, 0x79,
    0x48, 0x8, 0xc2, 0x0, 0x10, 0xe0, 0x19, 0xa8,
    0x1, 0x0, 0x3, 0x70, 0x4, 0x6d, 0x4e, 0xc8,
    0x1, 0x94, 0x2, 0x88, 0x0, 0x9, 0x58, 0x80,
    0xf, 0x20, 0x1c, 0xfa, 0xe4, 0x0, 0x26, 0xd8,
    0x0, 0x80,

    /* U+0050 "P" */
    0xaf, 0xfe, 0xec, 0xa3, 0x0, 0xfe, 0x13, 0x5c,
    0xb0, 0xe, 0x9a, 0xa4, 0xb0, 0x82, 0x50, 0x6,
    0x75, 0x53, 0x4f, 0x90, 0x29, 0x0, 0x7e, 0x1a,
    0x0, 0x38, 0x7, 0xf1, 0x0, 0x7f, 0xf0, 0x34,
    0x0, 0xc0, 0x1f, 0x89, 0x80, 0x6, 0x1, 0x3a,
    0x2b, 0x4e, 0x88, 0x48, 0x6, 0x9b, 0xa9, 0x60,
    0x3, 0xb0, 0x7, 0xc2, 0x6d, 0xb0, 0x1, 0xdd,
    0xfe, 0xec, 0x92, 0x0, 0xff, 0xff, 0x80, 0x78,

    /* U+0051 "Q" */
    0x0, 0xc5, 0x1b, 0xfe, 0xd9, 0x20, 0xf, 0xcd,
    0xae, 0x40, 0x2, 0x6d, 0x80, 0xf, 0x3c, 0x80,
    0x5, 0x54, 0x40, 0x7, 0x80, 0xc, 0x50, 0x0,
    0x8e, 0xaa, 0x6c, 0x80, 0x1d, 0x0, 0x28, 0x0,
    0x3b, 0x80, 0x33, 0x48, 0x2, 0x0, 0x2, 0xa0,
    0x9, 0x0, 0xf3, 0x8, 0x19, 0x2, 0x80, 0x18,
    0x40, 0x3e, 0x60, 0x2, 0x1, 0x80, 0x38, 0x3,
    0xf6, 0x80, 0x3c, 0x38, 0x0, 0x40, 0x1f, 0x98,
    0x0, 0x60, 0x19, 0x80, 0x3f, 0x8, 0x0, 0x43,
    0x80, 0xc, 0x1, 0xf8, 0x40, 0x4, 0x4, 0x0,
    0x20, 0xf, 0xcc, 0x0, 0xe0, 0x60, 0x6, 0x80,
    0x7e, 0xd0, 0x1, 0x1, 0x88, 0x28, 0x80, 0x7c,
    0xc0, 0x4, 0x0, 0x48, 0x2, 0x40, 0x3c, 0xc2,
    0xc, 0x20, 0x6, 0x0, 0x3b, 0x80, 0x32, 0xc8,
    0x2, 0xc0, 0x21, 0xb0, 0x4, 0x64, 0x43, 0x28,
    0x1, 0x44, 0x1, 0x93, 0x4, 0xd, 0xdc, 0x60,
    0xa, 0x50, 0xf, 0x1f, 0xc1, 0x80, 0x6, 0x7d,
    0x40, 0x3f, 0xb, 0xe1, 0x0, 0x90, 0x7, 0xff,
    0x6, 0x40, 0x17, 0x6, 0x2, 0x40, 0x1f, 0x92,
    0x80, 0xf, 0x9f, 0xda, 0x1, 0xfc, 0xba, 0xa0,
    0x1c, 0x40, 0x1f, 0xc5, 0x5f, 0x95, 0x7a, 0x40,

    /* U+0052 "R" */
    0xaf, 0xff, 0x6d, 0xb0, 0x7, 0xfc, 0x49, 0x3c,
    0x20, 0x1d, 0x35, 0x49, 0x72, 0x1, 0xc0, 0xe,
    0x75, 0x53, 0x46, 0x98, 0x11, 0x80, 0x7f, 0xa4,
    0x0, 0xa0, 0x1f, 0xfc, 0xce, 0x0, 0x10, 0x7,
    0xc2, 0x74, 0x80, 0x48, 0x1, 0xbb, 0xfd, 0xd8,
    0xa0, 0x3c, 0x1, 0xff, 0x2e, 0x18, 0x7, 0x4d,
    0xd0, 0x80, 0x20, 0x80, 0x3c, 0xe8, 0xb0, 0x0,
    0x80, 0xf, 0xf3, 0x10, 0x29, 0x0, 0x7f, 0xa0,
    0x1, 0x20, 0x1f, 0xe5, 0x20, 0x43, 0x0, 0xff,
    0x40, 0x3, 0xc0, 0x3f, 0xca, 0x60, 0x6a, 0x1,
    0xfe, 0x80, 0x4, 0x0,

    /* U+0053 "S" */
    0x0, 0x8a, 0xb3, 0xfa, 0xd8, 0x3, 0xa3, 0x54,
    0xc0, 0x52, 0x70, 0x40, 0xc, 0xe0, 0x4, 0x75,
    0x10, 0x3d, 0x0, 0x58, 0x3, 0x2e, 0x2b, 0xa8,
    0xb4, 0x0, 0x40, 0x66, 0x0, 0xcb, 0xa2, 0x1,
    0x88, 0x3, 0xfc, 0x80, 0x36, 0x60, 0x1f, 0xa4,
    0x41, 0x32, 0xd0, 0x3, 0xc5, 0x86, 0x0, 0x4b,
    0xd6, 0x0, 0xe2, 0xcb, 0x40, 0x1, 0x4e, 0x8,
    0x7, 0x25, 0xf3, 0x80, 0xf, 0x0, 0x3e, 0x18,
    0xe2, 0x2, 0x50, 0xf, 0xc3, 0x0, 0x2, 0x3,
    0x10, 0xf, 0xf1, 0xe7, 0xa8, 0x6, 0x19, 0x0,
    0x25, 0x0, 0xd6, 0xcc, 0x57, 0x18, 0x21, 0xcc,
    0x0, 0x9, 0x9d, 0x40, 0x7, 0x40, 0x7, 0xe8,
    0x31, 0x2, 0x5a, 0xc1, 0x0,

    /* U+0054 "T" */
    0x3f, 0xff, 0xfe, 0x7, 0x0, 0x7f, 0xf0, 0x8a,
    0x67, 0x40, 0x0, 0xa6, 0x74, 0xb, 0x37, 0x0,
    0x19, 0xbc, 0x1, 0xff, 0xff, 0x0, 0xff, 0xff,
    0x80, 0x7f, 0xf8, 0x80,

    /* U+0055 "U" */
    0xcf, 0xf0, 0x7, 0xcb, 0xfe, 0x50, 0xf, 0xff,
    0xf8, 0x7, 0xff, 0x9d, 0xc0, 0x3f, 0xf8, 0x22,
    0x0, 0x20, 0xf, 0x10, 0x0, 0x4c, 0x0, 0xc0,
    0x1e, 0xe0, 0x3, 0x60, 0x3, 0x80, 0x38, 0x58,
    0x4, 0x94, 0x0, 0xaa, 0x0, 0xd6, 0x0, 0x70,
    0x4, 0x0, 0x2b, 0x26, 0xb9, 0x40, 0x60, 0x0,
    0xec, 0x0, 0x36, 0x51, 0x0, 0x50, 0x80, 0x53,
    0x6a, 0x60, 0x28, 0xfc, 0x80, 0x0,

    /* U+0056 "V" */
    0xe, 0xff, 0x0, 0x7e, 0xaf, 0xf1, 0x3, 0x80,
    0x14, 0x3, 0xe4, 0x2, 0x20, 0x68, 0x3, 0x0,
    0x3c, 0x62, 0xa, 0x0, 0x40, 0x3, 0x80, 0x7a,
    0xc0, 0x16, 0x1, 0x28, 0x9, 0x0, 0x72, 0x0,
    0x98, 0x5, 0xe0, 0x5, 0x0, 0xc2, 0x60, 0xe0,
    0x19, 0x0, 0x18, 0x1, 0x90, 0x1, 0xa0, 0x18,
    0x50, 0x10, 0x3, 0x78, 0x1, 0x0, 0x3b, 0x40,
    0x8, 0x1, 0x20, 0x20, 0x7, 0x9c, 0x1, 0x80,
    0x3, 0x10, 0xd0, 0xf, 0x9, 0x2, 0x80, 0x10,
    0x0, 0xe0, 0x1f, 0x28, 0x10, 0x86, 0x1, 0x88,
    0x7, 0xd6, 0x0, 0x70, 0x40, 0xb0, 0xf, 0xc6,
    0x21, 0x88, 0x0, 0x50, 0xf, 0xe7, 0x4, 0xc0,
    0x22, 0x0, 0x7f, 0x68, 0xb, 0x82, 0x80, 0x7f,
    0x90, 0x3, 0x58, 0x7, 0xfc, 0xa0, 0x1, 0x30,
    0xe,

    /* U+0057 "W" */
    0x5f, 0xf3, 0x80, 0x74, 0x7f, 0x88, 0x3, 0xb7,
    0xf1, 0xc0, 0x1a, 0x1, 0xc8, 0x0, 0x40, 0xe,
    0x20, 0x52, 0x0, 0x38, 0x7, 0x18, 0x3, 0x0,
    0x31, 0x80, 0x3c, 0xc, 0x8, 0x3, 0x20, 0x4,
    0x80, 0x19, 0x40, 0xa, 0x8, 0x0, 0x30, 0xb,
    0x1, 0x40, 0x48, 0x2, 0xf0, 0x1, 0x86, 0x80,
    0x14, 0x2, 0x40, 0xf1, 0x4, 0x0, 0x94, 0xc,
    0x0, 0xe0, 0xe, 0x0, 0x8c, 0x1d, 0x43, 0x0,
    0x23, 0x5, 0x0, 0x10, 0x0, 0xc0, 0x6, 0x0,
    0x23, 0x7, 0x0, 0x10, 0x3, 0xc0, 0x23, 0x5,
    0x0, 0x20, 0x20, 0x60, 0x10, 0x83, 0x0, 0x14,
    0x2, 0x40, 0x11, 0x6, 0x6, 0x2, 0x80, 0x10,
    0xc, 0x0, 0x60, 0x16, 0x80, 0x8, 0x14, 0xc,
    0x4, 0x83, 0x43, 0x40, 0x80, 0x33, 0x80, 0x14,
    0x84, 0x10, 0x0, 0x80, 0x80, 0xc0, 0xe0, 0x18,
    0x80, 0x1e, 0xe0, 0x60, 0x16, 0x1, 0x81, 0x86,
    0x80, 0x72, 0x1, 0x60, 0x20, 0x4, 0x80, 0x4,
    0x0, 0x18, 0x7, 0x18, 0x2a, 0x83, 0x40, 0x21,
    0x20, 0xe0, 0x2, 0x80, 0x76, 0x80, 0x98, 0x20,
    0x6, 0x70, 0x50, 0x11, 0x0, 0x73, 0x80, 0x44,
    0x20, 0x1b, 0x0, 0x25, 0x0, 0xf1, 0x0, 0x4e,
    0x1, 0xc8, 0x1, 0x18, 0x4,

    /* U+0058 "X" */
    0x1f, 0xf8, 0x40, 0x3a, 0x3f, 0xca, 0x30, 0x0,
    0x90, 0xc, 0x2e, 0x6, 0xa0, 0xe2, 0xe, 0x20,
    0x14, 0x80, 0x20, 0x2, 0x80, 0x4, 0x80, 0x5,
    0xc1, 0x10, 0x1, 0x31, 0x3, 0x88, 0x48, 0x2,
    0x0, 0x3a, 0x40, 0x12, 0xe, 0xa, 0x60, 0x1c,
    0x86, 0xf, 0x0, 0x8, 0x0, 0xfb, 0xc0, 0xe,
    0xc, 0x40, 0x1f, 0x1a, 0x0, 0x50, 0x1, 0xfc,
    0xa0, 0x11, 0x0, 0x7e, 0x81, 0x1, 0xf, 0x0,
    0xf8, 0x5c, 0x1e, 0x40, 0xd4, 0x3, 0xd0, 0x0,
    0x97, 0x10, 0x80, 0xe, 0x26, 0x6, 0x10, 0x90,
    0x26, 0x0, 0xd2, 0x0, 0xb0, 0x3, 0x88, 0x40,
    0x80, 0xd, 0x1, 0x88, 0x2, 0x90, 0x19, 0x0,
    0x78, 0x2, 0x0, 0x33, 0x88, 0x39, 0x29, 0x83,
    0x8, 0x7, 0x40, 0x2, 0x0,

    /* U+0059 "Y" */
    0xd, 0xff, 0x10, 0x7, 0xb3, 0xfc, 0x21, 0x0,
    0xa, 0x0, 0xe3, 0x30, 0x28, 0x82, 0x88, 0x30,
    0x7, 0x48, 0x2, 0x0, 0x28, 0x1, 0x60, 0x8,
    0x54, 0x14, 0x80, 0x26, 0x10, 0xb0, 0xa, 0x40,
    0x12, 0x1, 0xd2, 0x4, 0x60, 0x6, 0x4, 0x30,
    0xe, 0x70, 0x4, 0x82, 0x88, 0x40, 0x7, 0xce,
    0xa, 0x32, 0x6, 0x60, 0xf, 0xa4, 0x1, 0x66,
    0x10, 0x1, 0xf8, 0x58, 0x14, 0x9, 0x0, 0x3f,
    0xa0, 0x2, 0x80, 0xf, 0xf0, 0x98, 0x1, 0x40,
    0x3f, 0xff, 0xe0, 0x1f, 0xfc, 0x80,

    /* U+005A "Z" */
    0xf, 0xff, 0xf9, 0x80, 0x3f, 0xf8, 0x53, 0x3f,
    0x38, 0x0, 0x58, 0x19, 0xbe, 0x30, 0x5, 0x0,
    0x7e, 0x54, 0x5, 0x40, 0xf, 0x86, 0xc0, 0x6c,
    0x3, 0xf5, 0x88, 0x58, 0x80, 0x7c, 0x8a, 0x8,
    0xa0, 0x1f, 0xa4, 0x1, 0x20, 0x1f, 0xa0, 0x82,
    0x8, 0x3, 0xe3, 0x70, 0x37, 0x0, 0xfd, 0xe0,
    0xf, 0x0, 0xfc, 0xe6, 0xe, 0x60, 0x1f, 0x14,
    0x1, 0x40, 0x7, 0xe9, 0x0, 0x48, 0x7, 0xe6,
    0x40, 0x22, 0x33, 0x7c, 0x76, 0x0, 0x29, 0x9f,
    0xd6, 0x1, 0xff, 0xc1,

    /* U+005B "[" */
    0x7f, 0xfd, 0x0, 0x3, 0x77, 0x68, 0x1, 0x22,
    0xa, 0x1, 0xff, 0xff, 0x0, 0xff, 0xee, 0xac,
    0xc9, 0x40, 0x4, 0xcc, 0xd0,

    /* U+005C "\\" */
    0x6f, 0x80, 0xf, 0x9c, 0x10, 0x3, 0xe1, 0x23,
    0x10, 0xf, 0x90, 0x10, 0x3, 0xed, 0xf, 0x0,
    0xf9, 0x1, 0x0, 0x3f, 0x20, 0x90, 0x7, 0xd8,
    0xa, 0x1, 0xf2, 0x6, 0x0, 0x7c, 0x62, 0x80,
    0x1f, 0x90, 0x10, 0x3, 0xec, 0xc, 0x0, 0xf9,
    0xc1, 0x0, 0x3e, 0x12, 0x31, 0x0, 0xf9, 0x1,
    0x0, 0x3e, 0xd0, 0xc0, 0xf, 0x90, 0x1c, 0x3,
    0xf1, 0x89, 0x0, 0x7d, 0x60, 0xa0, 0x1f, 0x20,
    0x60, 0x7, 0xc6, 0x28, 0x1, 0xf9, 0x1, 0x0,
    0x3e, 0xc0, 0xc0, 0xf, 0x9c, 0x10, 0x3, 0xe1,
    0x8b, 0x0,

    /* U+005D "]" */
    0xf, 0xfe, 0x0, 0x3b, 0x98, 0x3, 0x44, 0x24,
    0x3, 0xff, 0xfe, 0x1, 0xff, 0xf2, 0x99, 0x80,
    0x33, 0x34, 0x1, 0x0,

    /* U+005E "^" */
    0x0, 0xd1, 0xfe, 0x30, 0xf, 0xcc, 0x0, 0xa0,
    0xf, 0x90, 0x44, 0xe, 0x1, 0xf7, 0x4, 0x90,
    0xa8, 0x7, 0xa, 0x82, 0xd0, 0x70, 0x7, 0x38,
    0x11, 0x14, 0x10, 0x40, 0x35, 0x5, 0x1, 0x18,
    0x30, 0x4, 0x46, 0xa, 0x0, 0xb0, 0xa0, 0xa,
    0x80, 0xc8, 0x0, 0xc0, 0x46, 0x0, 0x60, 0xa0,
    0x8, 0x50, 0x28, 0x10, 0x41, 0xc0, 0x36, 0x83,
    0x80,

    /* U+005F "_" */
    0x8c, 0xcf, 0xfe, 0x1, 0x10, 0xcf, 0xff, 0x80,
    0x0,

    /* U+0060 "`" */
    0x0, 0xfa, 0xa4, 0x2, 0x95, 0x66, 0x0, 0x2c,
    0x42, 0x50, 0xb, 0x4, 0x28, 0x80, 0xbc, 0x86,
    0x40, 0x3, 0x87, 0x20, 0x10, 0xe1, 0x0,

    /* U+0061 "a" */
    0x0, 0xc, 0x67, 0x73, 0x18, 0x2, 0x8e, 0x73,
    0x11, 0x1c, 0xd0, 0x1, 0x0, 0x9a, 0x60, 0x41,
    0x50, 0x3e, 0xb6, 0x59, 0xf4, 0x1, 0xc0, 0x6a,
    0x1, 0x8c, 0x81, 0xc0, 0x30, 0xac, 0x59, 0x1,
    0x80, 0x17, 0x3a, 0x9d, 0x0, 0x2, 0x13, 0x46,
    0x2f, 0x7c, 0x60, 0x4, 0x60, 0x5e, 0x84, 0x10,
    0xb, 0x0, 0x16, 0x1, 0xf0, 0x80, 0x79, 0xc,
    0x1, 0xe0, 0xd, 0x66, 0x55, 0x80, 0x4c, 0x40,
    0x73, 0x25, 0x36, 0x0, 0xb1, 0x84, 0xe, 0x73,
    0x0, 0x0,

    /* U+0062 "b" */
    0xef, 0xd0, 0xf, 0xff, 0xd8, 0x83, 0x67, 0xec,
    0x88, 0x6, 0x1b, 0x93, 0x2, 0x6f, 0x30, 0x8,
    0x90, 0xe2, 0x4, 0x3, 0xc0, 0x1a, 0x31, 0xdd,
    0xa6, 0x4, 0xa0, 0x2, 0x70, 0xd, 0x0, 0xf,
    0x0, 0xfc, 0xa0, 0x6, 0x0, 0xfc, 0x20, 0x2,
    0x0, 0xff, 0x88, 0x3, 0xf1, 0x0, 0x18, 0x3,
    0xf2, 0x80, 0x34, 0x0, 0x64, 0x1, 0x14, 0x80,
    0x18, 0x0, 0x3b, 0x2d, 0x18, 0x20, 0xe2, 0x0,
    0x41, 0x69, 0x71, 0x5, 0x80, 0xb, 0xbd, 0x88,
    0x52, 0x68, 0x0,

    /* U+0063 "c" */
    0x0, 0x86, 0x73, 0xf6, 0x48, 0x2, 0x6e, 0x63,
    0x2, 0x6d, 0x40, 0x59, 0x0, 0x2c, 0x38, 0x9a,
    0xd, 0x80, 0x2a, 0x8f, 0x1d, 0xa0, 0xc2, 0xc,
    0xa0, 0x18, 0x43, 0x0, 0x14, 0x1, 0xf3, 0x80,
    0x8, 0x3, 0xff, 0x8c, 0xa0, 0x2, 0x0, 0xfb,
    0x80, 0x14, 0x1, 0xf3, 0x0, 0x19, 0x0, 0x32,
    0x0, 0xc0, 0x2, 0xe9, 0xa3, 0x6d, 0x1, 0xdc,
    0x0, 0x59, 0x72, 0x2, 0x0, 0x46, 0x29, 0x1,
    0xb7, 0x30,

    /* U+0064 "d" */
    0x0, 0xfe, 0xbf, 0xf0, 0x7, 0xff, 0xe5, 0x6b,
    0xb6, 0x88, 0x40, 0x3a, 0x29, 0x44, 0x97, 0x5c,
    0x3, 0x33, 0x80, 0x1a, 0x58, 0x8, 0x2, 0x18,
    0x0, 0x64, 0xb4, 0xf1, 0x0, 0x4e, 0x20, 0xc6,
    0x1, 0xb, 0x0, 0x5c, 0x0, 0xd0, 0xf, 0xe3,
    0x0, 0x30, 0x7, 0xff, 0x0, 0xc0, 0x3f, 0x88,
    0x0, 0x40, 0x1f, 0xdc, 0x0, 0x40, 0xf, 0xe5,
    0x0, 0x49, 0x0, 0x48, 0x80, 0x8, 0x94, 0x7,
    0x21, 0xaa, 0xc0, 0x3a, 0xcc, 0x5, 0xe5, 0x45,
    0x80, 0x30, 0xe3, 0x98, 0xb, 0x7e, 0x80, 0x40,

    /* U+0065 "e" */
    0x0, 0x8e, 0xb7, 0xad, 0xc0, 0x39, 0xf1, 0x48,
    0x52, 0x2c, 0x40, 0xb, 0x0, 0x53, 0x6c, 0x9,
    0x20, 0x36, 0x7, 0xac, 0x93, 0x0, 0xe2, 0xc2,
    0x1e, 0x1, 0x9c, 0x0, 0xb8, 0x0, 0x30, 0xe,
    0x10, 0x37, 0x0, 0x7f, 0xf8, 0x43, 0xc0, 0x3f,
    0xef, 0x50, 0x7, 0xff, 0xe7, 0xf0, 0x2, 0x0,
    0x7e, 0x71, 0x9, 0x10, 0xf, 0x86, 0x0, 0xbd,
    0xd1, 0x5f, 0x5c, 0x0, 0xd0, 0x3, 0x17, 0x50,
    0x56, 0x1, 0x3e, 0xb1, 0x81, 0x2d, 0x60, 0x0,

    /* U+0066 "f" */
    0x0, 0xcf, 0x9f, 0xd6, 0x1, 0xa6, 0xc, 0x5,
    0xc0, 0x22, 0x60, 0x1a, 0xa4, 0x0, 0x4e, 0x0,
    0x95, 0x52, 0x0, 0x44, 0x0, 0x30, 0xf, 0xfe,
    0x11, 0xf4, 0x0, 0x2f, 0xfc, 0x1, 0x8, 0x7,
    0xe2, 0xb6, 0x0, 0x45, 0xd8, 0x0, 0x29, 0xc0,
    0x3, 0x44, 0x0, 0x7f, 0xff, 0xc0, 0x3f, 0xf9,
    0xe0,

    /* U+0067 "g" */
    0x0, 0xa3, 0x3f, 0xfe, 0x40, 0x1d, 0x73, 0x0,
    0xfe, 0xa2, 0x9, 0xfc, 0x30, 0x6, 0x6a, 0x12,
    0x3, 0xb0, 0x1f, 0x0, 0x14, 0x81, 0xc0, 0x18,
    0x1, 0x10, 0x87, 0x80, 0x7f, 0xf0, 0x4, 0x0,
    0xe0, 0xc, 0x0, 0x88, 0x43, 0x40, 0x4, 0xc0,
    0xec, 0x7, 0xe0, 0x4a, 0x1, 0x49, 0x4, 0xfe,
    0x10, 0xf0, 0x6, 0x62, 0x47, 0x34, 0x8e, 0x30,
    0xd, 0x1, 0x10, 0xcb, 0x70, 0xf, 0x8, 0x42,
    0xa2, 0x46, 0x20, 0x19, 0x81, 0x2a, 0xee, 0xce,
    0xd4, 0x0, 0x68, 0x8, 0x80, 0x38, 0xac, 0x8e,
    0xc7, 0xfb, 0xfe, 0xe5, 0x0, 0x24, 0x3, 0x88,
    0x6, 0x19, 0x0, 0x9c, 0xc, 0x3, 0xd6, 0x0,
    0x45, 0x5, 0x81, 0x0, 0xc, 0x38, 0x31, 0x41,
    0x3, 0xf7, 0xfb, 0x9c, 0x1a, 0x40, 0x76, 0x4c,
    0x40, 0x51, 0xf6, 0x40, 0x0,

    /* U+0068 "h" */
    0xef, 0xd0, 0xf, 0xff, 0xd8, 0x81, 0xdf, 0x72,
    0xc8, 0x3, 0x9f, 0x10, 0x44, 0x98, 0x40, 0x11,
    0xc0, 0xb3, 0x88, 0xd, 0x0, 0x64, 0xe9, 0x8c,
    0x0, 0x28, 0x4, 0x36, 0x1, 0x11, 0x0, 0x80,
    0x23, 0x0, 0xe6, 0x0, 0xff, 0xff, 0x80, 0x7f,
    0xf3, 0x0,

    /* U+0069 "i" */
    0x9, 0xe8, 0x2, 0x61, 0x71, 0x21, 0x2, 0x10,
    0xfb, 0xd0, 0x0, 0xa0, 0x7, 0xee, 0xfd, 0x0,
    0xff, 0xfb, 0x0,

    /* U+006A "j" */
    0x0, 0xd3, 0xd0, 0x1, 0x89, 0x85, 0xc4, 0x2,
    0x21, 0x2, 0x10, 0xd, 0xf7, 0xa0, 0x1c, 0x28,
    0x1, 0xff, 0xc2, 0xef, 0xd0, 0xf, 0xff, 0xf8,
    0x7, 0xff, 0x94, 0x44, 0xc, 0x0, 0x55, 0x50,
    0x3, 0x0, 0x17, 0x48, 0x2, 0xc0, 0x3, 0x1,
    0x5f, 0x10,

    /* U+006B "k" */
    0xef, 0xc0, 0xf, 0xff, 0xf8, 0x2f, 0xfa, 0x80,
    0x3e, 0x2a, 0x2, 0xa0, 0xf, 0xbc, 0x1, 0xe0,
    0x1f, 0x51, 0x5, 0x10, 0x7, 0x99, 0x41, 0xd4,
    0x3, 0xc5, 0x20, 0x50, 0x1, 0xe1, 0xf0, 0x1,
    0x8, 0x7, 0x88, 0x80, 0x15, 0x80, 0x7e, 0xa7,
    0x5, 0x40, 0xf, 0x42, 0xc0, 0x84, 0x80, 0x71,
    0x38, 0x2, 0x0, 0x9c, 0x3, 0x8, 0x4, 0xc4,
    0x10, 0x20, 0x1f, 0xa4, 0x1, 0x60, 0x1f, 0x91,
    0x0, 0xa8,

    /* U+006C "l" */
    0xef, 0xd0, 0xf, 0xff, 0xf8, 0x7, 0xc4, 0x4,
    0xc0, 0x80, 0x9, 0x18, 0x51, 0x2,

    /* U+006D "m" */
    0xef, 0x60, 0x4c, 0xfe, 0x91, 0x0, 0x2e, 0x7e,
    0xc0, 0x6, 0x18, 0xb3, 0x1, 0x6d, 0x8, 0xa3,
    0x2, 0x7b, 0x0, 0xa1, 0xc5, 0x98, 0x0, 0x3c,
    0x72, 0x76, 0x0, 0x21, 0x80, 0x49, 0xd3, 0x30,
    0x0, 0xd7, 0x62, 0x5c, 0x1, 0x60, 0x1, 0xb0,
    0x9, 0xc0, 0x5, 0x40, 0x15, 0x0, 0x4, 0x0,
    0x60, 0x18, 0x40, 0x2, 0x1, 0x8c, 0x0, 0x40,
    0x1f, 0xfc, 0x31, 0x0, 0xff, 0xff, 0x80, 0x7f,
    0xfc, 0x40,

    /* U+006E "n" */
    0xef, 0x60, 0x4b, 0xee, 0x59, 0x0, 0x61, 0x7b,
    0x41, 0x12, 0x61, 0x0, 0x51, 0x1, 0x67, 0x10,
    0x1a, 0x0, 0xc9, 0xd3, 0x18, 0x0, 0x50, 0x8,
    0x6c, 0x2, 0x22, 0x1, 0x0, 0x46, 0x1, 0xcc,
    0x1, 0xff, 0xff, 0x0, 0xff, 0xe6, 0x0,

    /* U+006F "o" */
    0x0, 0x8e, 0x77, 0xf2, 0x4, 0x3, 0x9f, 0x18,
    0x80, 0xdf, 0xd0, 0x2, 0x68, 0x0, 0x34, 0xa8,
    0xd, 0x90, 0xc, 0x0, 0xec, 0xb5, 0x50, 0x1,
    0x20, 0xc2, 0xc, 0x40, 0x12, 0x98, 0x21, 0xe0,
    0x2, 0xc0, 0x3a, 0xc0, 0xa, 0xe0, 0x2, 0x0,
    0xe2, 0x0, 0x70, 0x7, 0xff, 0x5, 0xc0, 0x4,
    0x1, 0xc4, 0x0, 0xec, 0x0, 0x58, 0x7, 0x58,
    0x1, 0x58, 0x41, 0x88, 0x2, 0x53, 0x4, 0x31,
    0x80, 0x1c, 0x86, 0x9a, 0x0, 0x48, 0x1, 0xa0,
    0x5, 0xe5, 0x80, 0x6c, 0x80, 0x27, 0xc5, 0x20,
    0x37, 0xf4, 0x0, 0x0,

    /* U+0070 "p" */
    0xef, 0x60, 0x6c, 0xfd, 0x91, 0x0, 0xdb, 0x92,
    0x60, 0x4d, 0xe6, 0x1, 0x21, 0x9a, 0x20, 0x40,
    0x3c, 0x1, 0xa3, 0x1d, 0xda, 0x60, 0x4a, 0x0,
    0x27, 0x0, 0xd0, 0x0, 0xf0, 0xf, 0xca, 0x0,
    0x60, 0xf, 0xc2, 0x0, 0x20, 0xf, 0xf8, 0x80,
    0x3f, 0x10, 0x1, 0x80, 0x3f, 0x28, 0x3, 0x40,
    0x6, 0x40, 0x11, 0x48, 0x1, 0x80, 0x3, 0xb2,
    0xd1, 0x82, 0xe, 0x20, 0x1, 0x13, 0x4b, 0x88,
    0x2c, 0x0, 0x45, 0xee, 0x42, 0x93, 0x40, 0x18,
    0x45, 0x1b, 0xd6, 0xc0, 0x1f, 0xff, 0x30,

    /* U+0071 "q" */
    0x0, 0x96, 0xbb, 0x68, 0xcd, 0xfe, 0x0, 0xa2,
    0x94, 0x49, 0x73, 0xc0, 0x33, 0x38, 0x1, 0xa5,
    0x80, 0xc0, 0x21, 0x80, 0x6, 0x4b, 0x4f, 0x10,
    0x4, 0xe2, 0xc, 0x60, 0x10, 0xb0, 0x5, 0xc0,
    0xd, 0x0, 0xfe, 0x30, 0x3, 0x0, 0x7f, 0xf0,
    0xc, 0x3, 0xf8, 0x80, 0x4, 0x1, 0xfd, 0xc0,
    0x4, 0x0, 0xfe, 0x50, 0x4, 0x90, 0x4, 0x88,
    0x0, 0x89, 0x40, 0x72, 0x1a, 0xac, 0x3, 0xac,
    0xc0, 0x5e, 0x54, 0x8c, 0x3, 0xe, 0x39, 0x80,
    0xbe, 0xb0, 0x7, 0xa3, 0x3f, 0xa0, 0x3, 0xff,
    0x84, 0x20, 0x1f, 0xfe, 0xb0,

    /* U+0072 "r" */
    0xef, 0x60, 0x5d, 0xfc, 0x0, 0xb, 0xd1, 0x2,
    0x80, 0x32, 0x1, 0x5b, 0x0, 0x8, 0x3b, 0x52,
    0xa0, 0x15, 0x90, 0x7, 0xa, 0x80, 0x78, 0xc0,
    0x3f, 0xfe, 0x20,

    /* U+0073 "s" */
    0x0, 0x96, 0xfb, 0x96, 0xe0, 0x1a, 0x69, 0x4,
    0x49, 0x1c, 0x40, 0x6c, 0x7, 0x76, 0x81, 0x52,
    0x4, 0x0, 0x72, 0x21, 0xfa, 0x80, 0x2, 0x0,
    0x70, 0xc, 0x20, 0x7, 0x0, 0x55, 0xc, 0x3,
    0x86, 0xc8, 0x17, 0x2c, 0xc0, 0x32, 0x6c, 0x88,
    0x26, 0x48, 0x7, 0x37, 0x50, 0x83, 0x28, 0x7,
    0x97, 0x0, 0x18, 0x4, 0xa0, 0x18, 0x80, 0x37,
    0xd6, 0x31, 0xa5, 0x80, 0x34, 0x10, 0xe, 0x72,
    0xd0, 0x19, 0x2, 0x71, 0x88, 0x9, 0x2e, 0x40,

    /* U+0074 "t" */
    0x0, 0xf, 0xf9, 0x0, 0x3c, 0x60, 0x1f, 0xc2,
    0x1, 0xfc, 0xe0, 0x1f, 0x37, 0xd8, 0x2, 0xff,
    0xd6, 0x1, 0xff, 0x3d, 0xa8, 0x2, 0x2e, 0xd0,
    0x2, 0x9a, 0x0, 0x34, 0x41, 0x80, 0x7f, 0xfc,
    0xc8, 0x0, 0x60, 0x1e, 0x70, 0x4, 0x3a, 0xb0,
    0x4, 0x4a, 0x0, 0x8a, 0x80, 0xd, 0x4e, 0x40,
    0x4e, 0x0,

    /* U+0075 "u" */
    0x1f, 0xf5, 0x0, 0x77, 0x7e, 0x0, 0x7f, 0xff,
    0xc0, 0x3f, 0xf8, 0x2, 0x1, 0xf8, 0x40, 0xe,
    0x1, 0x84, 0x40, 0x10, 0x81, 0x90, 0x0, 0x74,
    0x3, 0x38, 0x3, 0x22, 0x1e, 0x62, 0x1, 0x58,
    0x0, 0x5d, 0xc3, 0x4e, 0x1, 0x16, 0xa0, 0x89,
    0x31, 0x78, 0x0,

    /* U+0076 "v" */
    0x8f, 0xf2, 0x0, 0x70, 0xff, 0xa6, 0xc0, 0x1a,
    0x1, 0xce, 0x0, 0xd3, 0x20, 0x70, 0xe, 0xd0,
    0x14, 0x5, 0x1, 0x30, 0xc, 0x80, 0xe0, 0xa,
    0x0, 0x20, 0x4, 0x80, 0xd, 0x0, 0x11, 0x2,
    0xc0, 0x2d, 0x1, 0x40, 0x9, 0x40, 0xc4, 0x0,
    0xe0, 0x80, 0x1a, 0x80, 0xe, 0x6, 0x21, 0xc0,
    0x18, 0x88, 0x18, 0x8, 0x0, 0x40, 0xe, 0x50,
    0x40, 0xb0, 0x50, 0xf, 0x50, 0xa, 0x18, 0x78,
    0x7, 0x88, 0x81, 0x0, 0x5, 0x0, 0xf9, 0x40,
    0xc1, 0x40, 0x3f, 0x50, 0x5, 0xe0, 0x18,

    /* U+0077 "w" */
    0x3f, 0xf4, 0x0, 0x66, 0xff, 0x30, 0x6, 0x7f,
    0xf0, 0x98, 0x1, 0x0, 0x36, 0x0, 0x30, 0x3,
    0x60, 0x10, 0x82, 0x1, 0x80, 0x64, 0x0, 0x20,
    0x6, 0x50, 0x40, 0x6, 0x0, 0xc, 0x0, 0x42,
    0x62, 0x22, 0x0, 0x10, 0x86, 0x0, 0x10, 0x0,
    0x80, 0x4, 0x4, 0x50, 0x40, 0x2, 0x0, 0x10,
    0x0, 0x60, 0xc, 0x0, 0x60, 0x69, 0x86, 0x0,
    0x3c, 0x4, 0x40, 0x12, 0x2, 0x80, 0x10, 0x1f,
    0x1, 0x0, 0x8, 0x8, 0x1, 0xb0, 0x4, 0x84,
    0x62, 0x50, 0x12, 0x12, 0xc, 0x0, 0xc8, 0x0,
    0x74, 0x5, 0x1, 0x20, 0x45, 0x0, 0x20, 0x6,
    0x31, 0xd, 0xd0, 0x60, 0x1, 0x3, 0xcc, 0x4,
    0x80, 0x39, 0x0, 0xd0, 0x10, 0x1, 0x80, 0x9a,
    0x8, 0x1, 0xec, 0x5, 0x30, 0x30, 0x2, 0x1,
    0x20, 0x60, 0x7, 0x90, 0x4, 0xc, 0x2, 0x12,
    0x1, 0x4, 0x0, 0xf1, 0x8, 0x1, 0x0, 0x32,
    0x0, 0x4, 0x80, 0x20,

    /* U+0078 "x" */
    0x1f, 0xf7, 0x0, 0x62, 0xff, 0x50, 0xc, 0x0,
    0xb8, 0x5, 0x0, 0x8, 0x0, 0x39, 0x4, 0x8,
    0x12, 0x83, 0x90, 0x5, 0x20, 0x8, 0x8, 0x1,
    0x80, 0xc, 0x8a, 0xc, 0x8a, 0x10, 0x1, 0xeb,
    0x0, 0x58, 0x13, 0x0, 0x78, 0x5c, 0x2, 0x90,
    0xf, 0xca, 0x1, 0xff, 0x31, 0x0, 0x84, 0x80,
    0x78, 0x60, 0x1e, 0xc0, 0x9c, 0x3, 0xa0, 0x42,
    0x54, 0xc2, 0x8, 0x2, 0x36, 0x7, 0x10, 0xf0,
    0x4, 0x80, 0x5e, 0x0, 0x90, 0x1, 0xa8, 0x22,
    0x82, 0x98, 0x38, 0x80, 0x56, 0x0, 0xb0,

    /* U+0079 "y" */
    0x8f, 0xf2, 0x0, 0x70, 0xff, 0xa6, 0x80, 0x1c,
    0x1, 0xce, 0x0, 0xd2, 0x30, 0x50, 0xe, 0xc0,
    0x14, 0xa, 0x0, 0x28, 0x6, 0x50, 0x70, 0x3,
    0x0, 0x3c, 0x2, 0x30, 0x6, 0x80, 0x4a, 0xa,
    0x1, 0x58, 0xa, 0x0, 0x5c, 0x0, 0x50, 0x2,
    0x82, 0x0, 0x64, 0x10, 0xf0, 0x12, 0xe, 0x0,
    0xe6, 0x4, 0x4, 0x0, 0x20, 0x7, 0x50, 0xa,
    0x78, 0x28, 0x7, 0x88, 0xc3, 0x10, 0x3c, 0x3,
    0xea, 0x7, 0x10, 0x50, 0xf, 0x9c, 0x2, 0x50,
    0xf, 0xc2, 0xa0, 0xf, 0x0, 0xfe, 0x30, 0x2,
    0x80, 0x7f, 0x38, 0x28, 0x7, 0xf4, 0x8, 0x48,
    0x7, 0x8d, 0x65, 0xc1, 0xc, 0x3, 0xd3, 0x4c,
    0x5, 0x40, 0x1f, 0x8, 0x13, 0x68, 0x80, 0x78,

    /* U+007A "z" */
    0x6, 0xff, 0xfd, 0xa0, 0x1f, 0xf0, 0x80, 0x1e,
    0xef, 0x88, 0x1, 0x0, 0x1, 0x44, 0xc2, 0x40,
    0xc8, 0x1, 0xe1, 0xb0, 0x18, 0x0, 0xfa, 0xc4,
    0x2c, 0x40, 0x3c, 0x8a, 0x8, 0xa0, 0x1f, 0x50,
    0x2, 0x80, 0x3e, 0x91, 0x9, 0x10, 0xf, 0x1b,
    0x1, 0xb0, 0x7, 0xdc, 0x0, 0xe0, 0xf, 0x9c,
    0x81, 0x19, 0x13, 0x80, 0x60, 0x0, 0x97, 0x7e,
    0x10, 0xf, 0xfe, 0x0,

    /* U+007B "{" */
    0x0, 0x86, 0xbb, 0xe0, 0x2, 0x85, 0x15, 0xd0,
    0x9, 0xc2, 0x69, 0x40, 0x21, 0x5, 0x0, 0xff,
    0xe4, 0x88, 0x38, 0x7, 0x18, 0x7, 0xc2, 0x2,
    0x1, 0xc2, 0x2, 0x1, 0x90, 0x81, 0x80, 0x3,
    0xb6, 0xe, 0x40, 0x11, 0x0, 0xe8, 0x4, 0x3c,
    0xe3, 0x42, 0x1, 0xc, 0x8, 0x28, 0x7, 0x10,
    0x8, 0x7, 0x8, 0x7, 0xc6, 0x2, 0x1, 0xc2,
    0x1, 0xfc, 0xe0, 0x1f, 0xfc, 0x11, 0x5, 0x0,
    0xe7, 0x9, 0xa5, 0x0, 0xa1, 0x45, 0x74,

    /* U+007C "|" */
    0x8f, 0x40, 0xf, 0xff, 0xf8, 0x7, 0x80,

    /* U+007D "}" */
    0xf, 0xf6, 0xa8, 0x6, 0x63, 0x2a, 0x20, 0xa,
    0x70, 0x41, 0x0, 0x39, 0x43, 0x80, 0x3f, 0xf8,
    0x7e, 0x1, 0xce, 0x1, 0xfc, 0x20, 0x1f, 0x18,
    0x7, 0xc6, 0x1, 0xca, 0x14, 0x20, 0x1a, 0xc8,
    0xfa, 0x0, 0x22, 0x70, 0x0, 0x80, 0x50, 0xa3,
    0x72, 0x1, 0x20, 0x42, 0x0, 0x78, 0xc0, 0x3e,
    0x30, 0xf, 0x84, 0x3, 0x9c, 0x3, 0xfb, 0xc0,
    0x3f, 0xf8, 0x2a, 0x1c, 0x1, 0x4e, 0x8, 0x20,
    0x4, 0xc6, 0x54, 0x40, 0x0,

    /* U+007E "~" */
    0x0, 0xff, 0xe1, 0xb7, 0x7e, 0xb0, 0x6, 0x40,
    0x3, 0xc8, 0x81, 0x4e, 0x21, 0x55, 0xb8, 0x60,
    0x5f, 0xd9, 0x1d, 0xea, 0x8a, 0x85, 0xea, 0x2,
    0x6b, 0x90, 0x2f, 0x90,

    /* U+3002 "。" */
    0x0, 0x15, 0x6d, 0xa8, 0x4, 0x5a, 0x88, 0x7a,
    0x60, 0x4, 0x97, 0xce, 0x34, 0x88, 0x25, 0x8,
    0x2, 0xc1, 0x40, 0x3f, 0x8, 0x1d, 0x0, 0x54,
    0x8, 0x1e, 0x5a, 0xf4, 0xee, 0x10, 0x3c, 0x68,
    0x79, 0x80,

    /* U+4E0E "与" */
    0x0, 0xe9, 0x82, 0x0, 0xff, 0xe2, 0x93, 0x38,
    0x7, 0xff, 0x19, 0xc0, 0x4, 0x1, 0xff, 0xc5,
    0xd0, 0x7, 0xff, 0xff, 0x3, 0x80, 0x38, 0xc0,
    0x3f, 0xf9, 0xa, 0x11, 0xdd, 0xff, 0xc0, 0xf0,
    0xc, 0x42, 0xa, 0x23, 0xff, 0xc1, 0x0, 0xce,
    0x0, 0x20, 0xf, 0xfe, 0x2e, 0x1, 0x80, 0x7f,
    0xf1, 0x90, 0xf, 0xff, 0xff, 0x84, 0xa0, 0x1,
    0x20, 0xf, 0xfe, 0x23, 0x0, 0x7, 0xff, 0xff,
    0x85, 0x80, 0x2, 0x0, 0xff, 0xe2, 0xb8, 0x0,
    0x40, 0x3f, 0xf8, 0xa4, 0x2, 0x17, 0xff, 0xff,
    0xc2, 0x10, 0xe0, 0x20, 0xf, 0xfe, 0x31, 0x3,
    0x5, 0x6e, 0xff, 0xf0, 0x84, 0x1c, 0x34, 0x4,
    0x8b, 0xff, 0x84, 0x2, 0x40, 0x60, 0x1f, 0xfc,
    0x57, 0x0, 0x20, 0x7, 0xfc, 0x66, 0x22, 0x9,
    0xc0, 0x20, 0x7, 0xff, 0x1, 0x73, 0x75, 0xd8,
    0x21, 0x0, 0x1f, 0xfc, 0x7, 0x10, 0xc, 0x76,
    0x60, 0x1f, 0xfc, 0x1, 0xef, 0xfd, 0x88, 0x1,
    0x0,

    /* U+4E2A "个" */
    0x0, 0xff, 0xeb, 0xae, 0xa8, 0x7, 0xff, 0x20,
    0xac, 0xb8, 0x3, 0xff, 0x91, 0xc2, 0xe, 0x20,
    0x1f, 0xfc, 0x6b, 0x30, 0x1, 0xe8, 0x80, 0x7f,
    0xf0, 0xc7, 0x10, 0x26, 0xc0, 0xf0, 0x80, 0x3f,
    0xf8, 0x25, 0x86, 0x10, 0xc9, 0x60, 0x58, 0x80,
    0x1f, 0xf3, 0xe9, 0x4, 0x38, 0x1, 0x2c, 0x6,
    0xe0, 0x3, 0xf1, 0xe4, 0x0, 0x2d, 0xc6, 0xa8,
    0x29, 0xa4, 0xf, 0xa8, 0x1, 0x93, 0x30, 0x60,
    0x7a, 0x80, 0x6a, 0xa0, 0x1, 0x62, 0x81, 0x5e,
    0x20, 0x2, 0xc, 0x1, 0x18, 0x40, 0x1f, 0x86,
    0xa8, 0x20, 0x72, 0x0, 0xd1, 0x6e, 0x70, 0xf,
    0xfe, 0x2, 0xfb, 0xe, 0x0, 0x7, 0xa4, 0x40,
    0x3f, 0xf8, 0x43, 0x3c, 0x20, 0x1f, 0xff, 0xf0,
    0xf, 0xff, 0xf8, 0x7, 0xff, 0xfc, 0x3, 0xff,
    0x88,

    /* U+4E34 "临" */
    0x0, 0xe8, 0x80, 0x80, 0x57, 0x64, 0x0, 0xff,
    0xe0, 0xb, 0xb8, 0xc0, 0x4, 0x88, 0x0, 0xff,
    0x11, 0x0, 0x3e, 0x50, 0x8, 0xcf, 0xe2, 0xd,
    0xd0, 0x7, 0xd4, 0x0, 0xbc, 0xcf, 0xb8, 0x3,
    0xf8, 0xc8, 0x0, 0x23, 0xf9, 0xc0, 0x3f, 0xa0,
    0x13, 0xfa, 0xbb, 0xbd, 0x60, 0x1f, 0x95, 0x2,
    0x43, 0x2e, 0x40, 0x3f, 0xf8, 0x2d, 0x60, 0xc4,
    0x12, 0xd, 0xa2, 0x1, 0xff, 0x10, 0x14, 0x80,
    0x17, 0x44, 0xbc, 0x80, 0x3f, 0xc9, 0xfe, 0x0,
    0xc5, 0xe4, 0xa4, 0x1, 0xff, 0x9, 0x88, 0xf0,
    0x7d, 0x8, 0xc0, 0x1f, 0xef, 0xee, 0xf6, 0xf7,
    0x63, 0x0, 0xff, 0xea, 0xdf, 0xf8, 0x43, 0x7f,
    0x80, 0x3f, 0xf8, 0x4e, 0x1, 0x8c, 0x4, 0x3,
    0xff, 0xfe, 0x1, 0xcc, 0x44, 0x0, 0x29, 0x18,
    0x6, 0xdd, 0x0, 0x7e, 0xad, 0xd0, 0x85, 0xee,
    0x0, 0x62, 0x20, 0x7, 0xe1, 0x1f, 0xc0, 0x1f,
    0xfc, 0x2d, 0xee, 0xf8, 0x3, 0xe1, 0xff, 0x10,
    0x66, 0xc, 0x3, 0xee, 0xe1, 0x80,

    /* U+4E3A "为" */
    0x0, 0xc4, 0x1, 0x1e, 0xe8, 0x3, 0xff, 0x83,
    0x9a, 0xa0, 0x7, 0x22, 0x0, 0x7f, 0xf0, 0x6c,
    0x28, 0x80, 0x3f, 0xf8, 0xae, 0x61, 0xc0, 0x1f,
    0xfc, 0x6f, 0x14, 0x1, 0x1, 0x0, 0xff, 0x91,
    0x27, 0xac, 0x4d, 0x1, 0x44, 0xfe, 0x30, 0xab,
    0xbf, 0x38, 0x2, 0xef, 0xfa, 0x0, 0x3f, 0xf9,
    0x5d, 0xff, 0xe4, 0x6, 0xff, 0xf9, 0x40, 0x40,
    0x3f, 0x20, 0x60, 0x7, 0xc2, 0x6, 0x1, 0xf1,
    0x80, 0x1c, 0xc, 0x3, 0x9c, 0x4, 0x3, 0xeb,
    0x1, 0x2b, 0xc7, 0x0, 0xc2, 0x1, 0xfc, 0xc0,
    0xc1, 0xa1, 0x6, 0x1, 0xde, 0x1, 0xe6, 0x10,
    0xa0, 0x65, 0xe, 0x0, 0x8c, 0x4, 0x3, 0xd6,
    0x8, 0x40, 0xb, 0x2, 0x80, 0x0, 0x81, 0x80,
    0x74, 0x90, 0x40, 0x4, 0x30, 0x5a, 0x2, 0x0,
    0x10, 0xc, 0xac, 0xc, 0x60, 0x19, 0xf5, 0x40,
    0x80, 0xc, 0x1, 0x25, 0x1, 0x48, 0x7, 0xf3,
    0x0, 0x8, 0x0, 0xb6, 0x3, 0xe0, 0x1f, 0xec,
    0x1, 0x0, 0x45, 0x0, 0xe1, 0x0, 0x71, 0x2a,
    0x21, 0x58, 0x10, 0xd, 0x80, 0xb0, 0x80, 0x3c,
    0x35, 0x76, 0xa0, 0x7, 0x1, 0xe3, 0x69, 0x0,
    0x7c, 0x64, 0x1, 0x1d, 0x20, 0x0, 0xa4, 0x3,
    0xfd, 0xbf, 0xf6, 0x28, 0x0,

    /* U+4E3B "主" */
    0x0, 0xfc, 0x34, 0xa0, 0x1f, 0xfc, 0x7a, 0x5a,
    0x90, 0xf, 0xfe, 0x35, 0xb0, 0x36, 0x8, 0x7,
    0xff, 0x16, 0x60, 0xf, 0x40, 0x3f, 0x85, 0x13,
    0xf1, 0xa0, 0x3a, 0x27, 0x8c, 0x0, 0xb7, 0x7f,
    0xc8, 0x9, 0x77, 0xe8, 0x0, 0x84, 0x7f, 0x0,
    0x42, 0x3f, 0x80, 0x9, 0xdd, 0xf8, 0x1, 0x1d,
    0xdf, 0x50, 0x7, 0xff, 0xe9, 0x57, 0xe0, 0x6,
    0xaa, 0xf8, 0xc0, 0x30, 0xd5, 0x7c, 0x0, 0x5a,
    0xaf, 0x48, 0x7, 0x11, 0x7c, 0x0, 0x12, 0x2f,
    0x80, 0x30, 0xee, 0xfc, 0x0, 0x9d, 0xdf, 0x40,
    0x7, 0xff, 0xe4, 0x47, 0xf8, 0x2, 0x11, 0xfe,
    0x5e, 0xef, 0xe0, 0x4, 0x77, 0x7e, 0xf0, 0xf,
    0xfe, 0x52, 0xf7, 0x7f, 0xf2, 0x3c,

    /* U+4E49 "义" */
    0x0, 0xff, 0x84, 0x3, 0xff, 0x92, 0x59, 0xe0,
    0x1f, 0xfc, 0x92, 0x11, 0x30, 0x7, 0x9, 0x0,
    0x7f, 0x8, 0x6, 0xa0, 0xb0, 0xe, 0x9d, 0xc0,
    0xf, 0x27, 0x68, 0x6, 0x70, 0x24, 0x0, 0xca,
    0xc, 0x1, 0xe5, 0x13, 0x30, 0x6, 0x50, 0xf0,
    0x8, 0xc8, 0x38, 0x3, 0xc2, 0xc1, 0x20, 0x1b,
    0x80, 0x3a, 0x40, 0x90, 0x3, 0xeb, 0x5, 0x20,
    0x9, 0x36, 0xc0, 0x4, 0xa1, 0x60, 0x1f, 0x89,
    0x42, 0x40, 0x31, 0x0, 0x50, 0x2, 0xc0, 0x1f,
    0xd0, 0x8, 0x80, 0xf, 0x1a, 0x84, 0x0, 0x7f,
    0x89, 0x42, 0x84, 0x3, 0xb8, 0x9, 0x80, 0x3f,
    0xeb, 0x1, 0xb0, 0xd, 0x4, 0x1c, 0x1, 0xff,
    0xc0, 0x19, 0x5, 0x70, 0x2, 0x38, 0x39, 0x80,
    0x7f, 0xf0, 0x59, 0x42, 0x14, 0xec, 0xe, 0x0,
    0x3f, 0xf8, 0x74, 0x61, 0x5a, 0x3, 0xa0, 0x1f,
    0xfc, 0x5d, 0x10, 0x10, 0xc1, 0x0, 0xff, 0xe2,
    0xb0, 0x80, 0x56, 0x1, 0xff, 0xc4, 0x2c, 0x80,
    0x22, 0x3, 0x72, 0x0, 0x7f, 0xf0, 0x5b, 0x4c,
    0x17, 0x74, 0xc0, 0x37, 0x20, 0x1f, 0xe6, 0xd9,
    0x1, 0xaa, 0x0, 0x26, 0xc4, 0x1b, 0xe4, 0xc0,
    0x31, 0xcf, 0x49, 0x3, 0x7a, 0x80, 0x64, 0xf5,
    0x0, 0x36, 0x61, 0x80, 0x1e, 0xc2, 0xd, 0xd2,
    0x20, 0x1e, 0x1a, 0xd7, 0x10, 0x3e, 0x0, 0x71,
    0xcf, 0xc8, 0x80, 0x7f, 0x8a, 0x3a, 0x56, 0x0,

    /* U+4E89 "争" */
    0x0, 0xff, 0xe8, 0x9f, 0x62, 0x0, 0x7f, 0xf1,
    0xfc, 0x44, 0xa0, 0x1f, 0xfc, 0x6a, 0x30, 0x2e,
    0xff, 0xee, 0x50, 0xf, 0xf4, 0xa8, 0x8, 0xf8,
    0x0, 0x24, 0x1, 0xfd, 0x4c, 0x13, 0xdd, 0xd8,
    0x20, 0xae, 0x1, 0xf1, 0xea, 0x85, 0x30, 0x6,
    0x2c, 0x14, 0xa0, 0xf, 0x87, 0x8, 0x1, 0x5f,
    0xfd, 0xa2, 0x9, 0xff, 0x68, 0x6, 0x1c, 0x45,
    0x0, 0xff, 0xe4, 0x1d, 0xd7, 0xff, 0x58, 0x3,
    0xff, 0x50, 0x7, 0xff, 0x47, 0xbf, 0xff, 0x58,
    0x3, 0xff, 0x50, 0x17, 0xfc, 0x1, 0xff, 0xcc,
    0xfe, 0xef, 0xd4, 0x0, 0xee, 0xd2, 0x5, 0xdd,
    0x0, 0x8f, 0xf8, 0x0, 0x23, 0x8c, 0x0, 0x23,
    0x0, 0x42, 0x45, 0xf0, 0x0, 0x8b, 0x80, 0x3f,
    0x36, 0xef, 0xa4, 0x1, 0xbb, 0xa0, 0x3, 0xf0,
    0x91, 0x78, 0x40, 0x4, 0x5e, 0x60, 0xf, 0x36,
    0xef, 0xa8, 0x1, 0xbb, 0xeb, 0x0, 0xff, 0xea,
    0x88, 0xc4, 0x1, 0xff, 0xc6, 0x3e, 0xea, 0x40,
    0xc0, 0x3f, 0xf8, 0x86, 0x60, 0x1, 0x2f, 0x0,
    0x7f, 0xc0,

    /* U+4E8C "二" */
    0x0, 0x2f, 0xff, 0xff, 0x13, 0x0, 0x3f, 0xf9,
    0xcf, 0x11, 0xff, 0xc4, 0xa0, 0xc, 0x4e, 0xff,
    0xfc, 0x46, 0x0, 0xff, 0xff, 0x80, 0x7f, 0xff,
    0xc0, 0x3f, 0xff, 0x89, 0xff, 0xff, 0xc8, 0xc0,
    0xf, 0xfe, 0x53, 0x37, 0xff, 0x26, 0xc0,

    /* U+4EA4 "交" */
    0x0, 0xff, 0x18, 0x7, 0xff, 0x1c, 0xbb, 0x14,
    0x3, 0xff, 0x8c, 0x4a, 0x10, 0x1, 0xff, 0xc7,
    0x80, 0x25, 0x0, 0xfe, 0x9f, 0xff, 0xd8, 0x0,
    0xaf, 0xff, 0xc2, 0x1, 0xff, 0xca, 0x8c, 0xce,
    0xac, 0xcf, 0xae, 0xd9, 0x9c, 0x22, 0x33, 0xc9,
    0x5e, 0x26, 0x78, 0x26, 0x9c, 0xcf, 0x0, 0x73,
    0xc0, 0x21, 0x0, 0x62, 0x11, 0x5c, 0x80, 0x7d,
    0x50, 0xf, 0x0, 0x1c, 0x38, 0xc0, 0xd8, 0x20,
    0x12, 0x72, 0x83, 0xc0, 0x7, 0xc3, 0x32, 0x3,
    0xc2, 0x4, 0xb1, 0xa, 0xbc, 0xc0, 0x7, 0x1f,
    0x6a, 0x58, 0x16, 0x2, 0x41, 0x6a, 0x91, 0x99,
    0x40, 0x34, 0x0, 0x9, 0x2c, 0x68, 0x0, 0xfa,
    0x40, 0x30, 0x10, 0x1, 0x1a, 0x4, 0x0, 0x13,
    0x90, 0x3, 0xe7, 0x12, 0xa0, 0x1d, 0x3, 0x50,
    0xf, 0xfe, 0xe, 0x82, 0xc6, 0x88, 0xb4, 0x3,
    0xff, 0x84, 0x70, 0xe, 0x61, 0xa2, 0x1, 0xff,
    0xc3, 0x20, 0x8, 0x84, 0x3, 0xff, 0x84, 0x9b,
    0x40, 0x20, 0x5b, 0x44, 0x1, 0xfc, 0x2b, 0x96,
    0x40, 0xfd, 0x84, 0xb, 0xb4, 0x80, 0x18, 0xe3,
    0x3a, 0x8c, 0x17, 0xa0, 0xf, 0x60, 0x41, 0x6f,
    0xed, 0xca, 0xdc, 0xc0, 0x9f, 0x28, 0x40, 0x33,
    0xf4, 0xa0, 0x1, 0x24, 0x21, 0x1f, 0x36, 0xc,
    0x3, 0xf3, 0x5f, 0x53, 0xd9, 0x0,

    /* U+4EAB "享" */
    0x0, 0xff, 0x84, 0x3, 0xff, 0x8e, 0xdf, 0xe0,
    0xf, 0xfe, 0x3a, 0x0, 0xb0, 0x7, 0xf1, 0x7f,
    0xfe, 0xd0, 0x4, 0xff, 0xfe, 0x80, 0x22, 0xff,
    0xe4, 0x79, 0x6e, 0xff, 0xf2, 0x1c, 0x2, 0x3f,
    0xff, 0xfe, 0x16, 0x80, 0x7f, 0x2a, 0xff, 0x88,
    0x3, 0xfe, 0xaa, 0xff, 0x80, 0x3f, 0xe8, 0x8f,
    0xf5, 0x80, 0x7f, 0xce, 0xff, 0xe3, 0x0, 0xfc,
    0x7f, 0xff, 0xfc, 0x2d, 0x0, 0xe1, 0xbb, 0xff,
    0xe1, 0xc0, 0x7, 0x1a, 0x27, 0xff, 0xd, 0x8c,
    0x3, 0x17, 0xff, 0xdd, 0x6c, 0x40, 0x4, 0xbe,
    0x30, 0xf, 0xfe, 0x7, 0x5b, 0x3d, 0x75, 0xa0,
    0x6, 0x4b, 0xbf, 0xe0, 0x1, 0x8f, 0x55, 0xdf,
    0x51, 0x22, 0x7f, 0x0, 0xd, 0x13, 0xf9, 0xf7,
    0x7f, 0x80, 0x11, 0xbb, 0xfb, 0x4, 0x8b, 0xf8,
    0x0, 0x45, 0xfe, 0x0, 0xff, 0xe7, 0x8e, 0x65,
    0xa0, 0x7, 0x0, 0xff, 0xe1, 0xb, 0x19, 0xe9,
    0x20, 0xf, 0xe0,

    /* U+4ECE "从" */
    0x0, 0xf5, 0x4a, 0x0, 0x7a, 0x29, 0x80, 0x3f,
    0xf8, 0xa, 0xc4, 0x1, 0xe6, 0x5f, 0x0, 0xff,
    0x84, 0x0, 0x60, 0x1e, 0x10, 0xe0, 0xf, 0xf8,
    0xc0, 0x2, 0x1, 0xf8, 0x40, 0x3f, 0xe1, 0x0,
    0x38, 0x7, 0x10, 0x0, 0xc0, 0x3f, 0xe7, 0x0,
    0x8, 0x7, 0x8, 0x1, 0x80, 0x3f, 0xe1, 0x0,
    0x10, 0x7, 0x38, 0x0, 0x80, 0x3f, 0xe2, 0x0,
    0xfc, 0x60, 0x1, 0x0, 0xff, 0xb4, 0x0, 0x80,
    0x1d, 0xa0, 0x1f, 0xfc, 0x26, 0x0, 0x50, 0x80,
    0x67, 0x0, 0x20, 0x7, 0xfc, 0x60, 0x1, 0xd0,
    0xc, 0x40, 0xc, 0x0, 0xff, 0x8, 0x1, 0xc0,
    0xe4, 0x0, 0x60, 0x12, 0x80, 0x7f, 0x90, 0x1,
    0x52, 0xc, 0x80, 0x80, 0x11, 0x18, 0x7, 0xf7,
    0x80, 0x93, 0x20, 0x48, 0x58, 0x22, 0x2, 0x40,
    0x3f, 0x94, 0x10, 0x1, 0x20, 0x4a, 0x61, 0xbc,
    0xa, 0x20, 0x1f, 0x28, 0x3, 0xc0, 0x4, 0xd7,
    0x80, 0x7, 0x51, 0xb, 0x0, 0xfb, 0xc0, 0xa,
    0x1, 0x4a, 0xb0, 0x28, 0x84, 0x2, 0xa0, 0x7,
    0x12, 0x82, 0x80, 0x75, 0x0, 0x24, 0x0, 0xc2,
    0x12, 0x20, 0x1a, 0x40, 0x10, 0x1, 0x9d, 0x1,
    0x8c, 0x2, 0xa0, 0x2c, 0x20, 0x3, 0xa0, 0x29,
    0x0, 0x4d, 0x0, 0x30, 0x1, 0x91, 0x80, 0xb8,
    0x1, 0xa0, 0x36, 0x1, 0xb8, 0x1, 0x42, 0x1,
    0xd2, 0xa1, 0xe0, 0xa, 0xa8, 0x40, 0x34, 0x5d,
    0x20, 0x7, 0xd5, 0x86, 0x0,

    /* U+4EE3 "代" */
    0x0, 0xfa, 0x54, 0x3, 0x4c, 0x84, 0x0, 0xc2,
    0x1, 0xfe, 0x56, 0xa1, 0x0, 0x99, 0x84, 0x13,
    0x2c, 0x10, 0xf, 0xe8, 0x7, 0x10, 0xe, 0x70,
    0x93, 0x2f, 0x10, 0xf, 0x98, 0x82, 0x40, 0x30,
    0x80, 0x6c, 0x31, 0xd0, 0xf, 0xc, 0x83, 0x88,
    0x6, 0x30, 0x10, 0xb, 0x44, 0x44, 0x1, 0xd6,
    0x0, 0x80, 0xe, 0x10, 0x30, 0x8, 0x73, 0x48,
    0x3, 0x3a, 0x80, 0x7e, 0x70, 0x10, 0x13, 0x55,
    0x53, 0x80, 0x49, 0x0, 0x1c, 0x26, 0xae, 0xc1,
    0x1f, 0xd9, 0x50, 0xb6, 0x0, 0x3b, 0x0, 0xee,
    0xe6, 0x54, 0x10, 0x6, 0x13, 0x57, 0x90, 0x3c,
    0x1, 0x70, 0x8, 0xc0, 0x6, 0xa6, 0x5, 0xbf,
    0xd9, 0x50, 0xa0, 0x40, 0xd, 0xd0, 0x5, 0xfd,
    0xf9, 0x50, 0x4, 0x40, 0xf, 0x86, 0x2c, 0xc0,
    0x31, 0x8, 0x4, 0xc0, 0x2, 0x0, 0xfc, 0xe8,
    0x1, 0xfe, 0x20, 0x3, 0x80, 0x7f, 0xf2, 0x4c,
    0x34, 0x3, 0xff, 0x92, 0xa0, 0xa0, 0x1f, 0xfc,
    0x9d, 0x2, 0x20, 0x4, 0x80, 0x1f, 0xfc, 0x44,
    0x0, 0x50, 0x5, 0xfa, 0x40, 0x1f, 0xfc, 0x36,
    0x6, 0x10, 0x3, 0x10, 0x7, 0xff, 0x12, 0xc0,
    0x68, 0x4, 0x84, 0x80, 0x3f, 0xf8, 0x64, 0xe0,
    0x9d, 0x80, 0x80, 0x1f, 0xfc, 0x58, 0x40, 0x12,
    0xe, 0x0, 0xff, 0xe3, 0x5c, 0x98, 0x3a, 0x0,
    0x72, 0xff, 0x80, 0x3f, 0xe6, 0xcf, 0x80, 0x0,

    /* U+4EE4 "令" */
    0x0, 0xff, 0xe0, 0x8, 0x7, 0xff, 0x2a, 0x3a,
    0x0, 0x3f, 0xf9, 0xc, 0xe0, 0x80, 0x1f, 0xfc,
    0x77, 0x90, 0x1, 0xc0, 0x7, 0xff, 0x16, 0xa0,
    0x11, 0xc1, 0xe8, 0x40, 0x3f, 0xf8, 0x25, 0x8a,
    0xf, 0x71, 0x20, 0xbe, 0x80, 0x1f, 0xf4, 0x69,
    0x85, 0x40, 0x83, 0x58, 0x8a, 0xe8, 0x80, 0x3e,
    0x5d, 0x70, 0x1c, 0x4d, 0xf2, 0x4, 0xf4, 0x5,
    0xd9, 0x10, 0x9, 0xba, 0x88, 0x1f, 0x8c, 0x4,
    0x5a, 0x80, 0x37, 0x22, 0xd, 0xd4, 0x21, 0xe2,
    0xb, 0xb0, 0x0, 0x1c, 0x30, 0xb3, 0x0, 0x37,
    0xb0, 0x4, 0x21, 0x2d, 0x94, 0x40, 0x1d, 0x84,
    0xe, 0x1, 0xc, 0xeb, 0xd0, 0x5, 0x26, 0x45,
    0xfa, 0x69, 0x88, 0xa3, 0x12, 0x80, 0xf, 0x6e,
    0xfe, 0xba, 0xdd, 0xd9, 0xca, 0x1, 0xff, 0xca,
    0x24, 0x0, 0xfb, 0xff, 0xfe, 0xd1, 0x2, 0xc1,
    0x0, 0xff, 0xe2, 0x96, 0x8, 0xb0, 0x40, 0x3f,
    0xf8, 0x19, 0x22, 0x0, 0x2c, 0x11, 0x60, 0x80,
    0x7f, 0xf0, 0x20, 0xdb, 0xd8, 0xf0, 0x45, 0x84,
    0x1, 0xff, 0xc1, 0x89, 0x1, 0x9c, 0x11, 0x61,
    0x0, 0x7f, 0xf0, 0xdb, 0x90, 0x2, 0x72, 0x0,
    0xff, 0xe2, 0x8d, 0xd0, 0x1, 0xb0, 0x80, 0x3f,
    0xf8, 0xcb, 0xc6, 0x6, 0xa0, 0x1f, 0xfc, 0x71,
    0xc6, 0x63, 0x80, 0x7f, 0xf2, 0x66, 0x40, 0x1f,
    0x80,

    /* U+4EE5 "以" */
    0x0, 0xff, 0xe2, 0x10, 0x80, 0x70, 0xb3, 0x4,
    0x3, 0xfe, 0xde, 0x50, 0xc, 0x53, 0x23, 0x0,
    0x14, 0x88, 0x7, 0x8, 0x0, 0x40, 0x3f, 0xde,
    0xd4, 0x1, 0xc6, 0x0, 0x60, 0xf, 0xf4, 0x82,
    0x38, 0x6, 0x10, 0x1, 0x80, 0x7f, 0x91, 0x82,
    0x8, 0x2, 0x60, 0x0, 0x80, 0x7f, 0xd2, 0x21,
    0x20, 0x11, 0x1, 0x0, 0x7f, 0xf0, 0x6c, 0x10,
    0x80, 0x1c, 0xc, 0x1, 0xff, 0xc1, 0x55, 0x61,
    0x0, 0x14, 0x8, 0x3, 0xff, 0x85, 0x46, 0x1,
    0x18, 0x60, 0x7, 0xff, 0x18, 0xc0, 0x8, 0x1,
    0xff, 0xc6, 0xb0, 0x11, 0x0, 0x7f, 0xf1, 0x98,
    0x18, 0x3, 0xff, 0x80, 0x54, 0xc0, 0x12, 0x88,
    0x50, 0x7, 0xf8, 0xeb, 0x57, 0x0, 0x28, 0x0,
    0x18, 0x7, 0x9c, 0x1, 0xd8, 0xa0, 0x7c, 0x0,
    0x82, 0x0, 0x60, 0x80, 0x76, 0x0, 0xc, 0xe,
    0xf1, 0x1, 0x5c, 0xc, 0xb, 0x4, 0x2, 0x57,
    0x0, 0x1d, 0xe2, 0x0, 0x16, 0x80, 0x76, 0xc0,
    0xb0, 0x40, 0x30, 0xd6, 0x20, 0x5, 0x34, 0x3,
    0xa2, 0x94, 0x5, 0x40, 0x5, 0x9e, 0x50, 0x9,
    0xf9, 0x80, 0x70, 0xc0, 0xb, 0x0, 0x92, 0x0,
    0x60, 0xc, 0x70, 0x20, 0x9e, 0x40, 0x19, 0xd4,
    0x10, 0x3, 0xe3, 0xb2, 0xbb, 0x8, 0x7, 0xad,
    0xb4, 0x3, 0xf2, 0x6a, 0x0, 0x7e, 0x19, 0x0,
    0x0,

    /* U+4EF6 "件" */
    0x0, 0xf5, 0xc0, 0x80, 0x73, 0xd3, 0x0, 0x7f,
    0xca, 0x8e, 0x0, 0x87, 0x20, 0xd5, 0xe0, 0xf,
    0xfb, 0x81, 0xc4, 0x4f, 0x2, 0x1, 0xff, 0xc2,
    0x34, 0x9, 0x4, 0x0, 0x18, 0x7, 0xff, 0xb,
    0xc1, 0x84, 0x30, 0xc, 0xe1, 0x2, 0x33, 0xe0,
    0xc, 0xa6, 0x16, 0x0, 0x40, 0x3c, 0xc2, 0x2,
    0xe6, 0x6e, 0x0, 0x86, 0xc0, 0x4, 0x6, 0x40,
    0x1f, 0xf0, 0x80, 0x56, 0x20, 0x1a, 0x41, 0x3f,
    0xe5, 0x7, 0xff, 0xd8, 0x0, 0x75, 0x0, 0xc4,
    0xa1, 0xe0, 0x1f, 0xfc, 0x1, 0x80, 0x30, 0x8,
    0x48, 0xd0, 0x3, 0xff, 0x80, 0x2c, 0x5e, 0x1,
    0x1e, 0xf0, 0x7, 0xff, 0xa, 0x3c, 0x40, 0x21,
    0x31, 0x33, 0xc2, 0x4, 0x67, 0xe0, 0x12, 0x0,
    0xcb, 0x99, 0xe4, 0x5, 0xcc, 0xed, 0x0, 0xff,
    0xe9, 0x27, 0xff, 0x94, 0x1f, 0xff, 0xb8, 0x3,
    0xff, 0xfe, 0x1, 0xff, 0xff, 0x0, 0xff, 0xe1,
    0x17, 0xf8, 0x3, 0xf5, 0x7c, 0x0, 0x78,

    /* U+4F1A "会" */
    0x0, 0xff, 0x84, 0x3, 0xff, 0x93, 0x5d, 0x20,
    0x1f, 0xfc, 0x78, 0x50, 0xf, 0xfe, 0x44, 0x38,
    0x1, 0x94, 0x3, 0xff, 0x89, 0x6e, 0xb, 0x1,
    0x52, 0x1, 0xff, 0xc1, 0x3d, 0x40, 0x7a, 0x7a,
    0x6, 0xd4, 0x0, 0xfe, 0x19, 0xc2, 0x9, 0x80,
    0x2, 0xe1, 0x12, 0xe8, 0x80, 0x38, 0x5f, 0xd8,
    0xb, 0x18, 0x3, 0x1e, 0xa8, 0x2e, 0xd1, 0x80,
    0x1f, 0xa0, 0x40, 0x4b, 0x3f, 0xfe, 0x52, 0x20,
    0x2e, 0x58, 0x18, 0x1, 0x75, 0x80, 0x3f, 0xcf,
    0xb4, 0x41, 0x0, 0x93, 0x94, 0x51, 0xdd, 0xfe,
    0xb0, 0x5d, 0xc3, 0x0, 0x31, 0x80, 0x42, 0x3f,
    0xf0, 0x4, 0x60, 0x11, 0x19, 0xff, 0xf1, 0xc0,
    0x29, 0xcc, 0xff, 0xe3, 0x68, 0x7, 0xff, 0x3a,
    0xff, 0xf8, 0x80, 0x19, 0xff, 0xaf, 0xff, 0x70,
    0x7, 0xeb, 0x20, 0xa3, 0x0, 0x17, 0x5b, 0x0,
    0x7f, 0xd2, 0x80, 0xea, 0x1, 0x14, 0x84, 0xb0,
    0x7, 0xf4, 0xb0, 0x3c, 0x0, 0x73, 0xc0, 0x4b,
    0x0, 0x7d, 0x4c, 0x7, 0xac, 0xf1, 0x37, 0x9b,
    0x20, 0x9, 0x40, 0xe, 0xb5, 0x0, 0x1d, 0x4c,
    0x3b, 0x21, 0x90, 0x80, 0x54, 0x20, 0x1b, 0x40,
    0x21, 0x24, 0x56, 0x89, 0xab, 0xde, 0xd0, 0x1b,
    0x0, 0xcf, 0x7b, 0xfd, 0xb7, 0x52, 0xec, 0xa8,
    0x42, 0x52, 0xf4, 0x0,

    /* U+4F46 "但" */
    0x0, 0xf4, 0x39, 0x0, 0x7f, 0xf2, 0x9, 0xe1,
    0x89, 0x13, 0xfe, 0x0, 0xfd, 0x60, 0x49, 0x77,
    0xff, 0xc0, 0x30, 0xf, 0x13, 0x4, 0x0, 0x42,
    0x67, 0xe2, 0x0, 0xfe, 0x80, 0x25, 0x0, 0x93,
    0x33, 0xde, 0x1, 0xf9, 0x14, 0x2c, 0x3, 0xff,
    0x8e, 0x34, 0x0, 0x50, 0xf, 0xfe, 0x3d, 0x8,
    0x7, 0xc2, 0x3f, 0x30, 0x7, 0xa5, 0x0, 0x3f,
    0x27, 0x77, 0xac, 0x3, 0x89, 0x81, 0x0, 0x3f,
    0xf9, 0x4, 0xa5, 0x60, 0x1f, 0x2f, 0xff, 0xb4,
    0x3, 0xd1, 0x80, 0x1f, 0xfc, 0xa2, 0x10, 0xf,
    0xff, 0x62, 0xff, 0xfb, 0x40, 0x3f, 0xfb, 0x51,
    0xdd, 0xff, 0x18, 0x7, 0xfc, 0x23, 0xff, 0xc0,
    0x0, 0xff, 0x84, 0x7f, 0xf8, 0x60, 0x1f, 0x9f,
    0xbb, 0xff, 0x86, 0x20, 0x1f, 0xfd, 0x37, 0xff,
    0xff, 0xe1, 0x88,

    /* U+4F4D "位" */
    0x0, 0xff, 0xe1, 0x9, 0x80, 0x7f, 0xf0, 0x67,
    0x18, 0x3, 0x27, 0x68, 0x7, 0xff, 0x0, 0x58,
    0xcc, 0x1, 0x90, 0x5, 0x40, 0x3f, 0xe6, 0x2,
    0x50, 0xe, 0x40, 0xc0, 0xf, 0xf0, 0xc8, 0x40,
    0x7, 0xb5, 0x70, 0x3, 0xfd, 0x22, 0x4a, 0x3f,
    0xfd, 0x2b, 0x5f, 0xfb, 0x80, 0x31, 0xb8, 0x58,
    0x7, 0xff, 0x8, 0x40, 0x37, 0x0, 0xc, 0x7,
    0x33, 0xff, 0x82, 0x1, 0x49, 0x0, 0x71, 0x8a,
    0xb9, 0x9f, 0x25, 0x31, 0x80, 0x21, 0x80, 0x3e,
    0x59, 0xd0, 0xe, 0xb6, 0xd0, 0x9, 0x81, 0x4,
    0x3, 0x88, 0x14, 0x3, 0x88, 0x34, 0x2, 0x82,
    0xb0, 0xf, 0x38, 0x18, 0x7, 0x8, 0x38, 0x4,
    0xde, 0x1, 0xf1, 0x0, 0xc, 0x2, 0x30, 0x1,
    0x0, 0x62, 0x0, 0xfc, 0x60, 0xa0, 0x12, 0x81,
    0x80, 0x7f, 0xf0, 0x98, 0x38, 0x2, 0xf0, 0x50,
    0xf, 0xfe, 0x16, 0x81, 0x80, 0x4a, 0x18, 0x1,
    0xff, 0xc2, 0x20, 0x60, 0x8, 0xc1, 0xc0, 0x3f,
    0xf8, 0x4c, 0x4, 0x0, 0x30, 0x12, 0x0, 0xff,
    0xe1, 0xa, 0x40, 0x1, 0x1, 0x0, 0x3f, 0xf8,
    0x4, 0x50, 0x4a, 0x91, 0x30, 0x8, 0xb8, 0x3,
    0xe1, 0xdd, 0xfc, 0x80, 0xfb, 0xb7, 0x80, 0x7f,
    0xf2, 0x84, 0x3, 0xe1, 0xff, 0xff, 0xe1, 0x60,

    /* U+4F5C "作" */
    0x0, 0xff, 0xe9, 0x55, 0xa0, 0x5, 0x12, 0x60,
    0x1f, 0xfc, 0x21, 0x54, 0x0, 0x85, 0xd9, 0x80,
    0x1f, 0xfc, 0x29, 0x2, 0x40, 0x4, 0x80, 0xa8,
    0x7, 0xff, 0x4, 0x5c, 0x20, 0x2, 0x60, 0x42,
    0x2f, 0xe0, 0xe, 0x80, 0x15, 0x0, 0x30, 0x82,
    0xee, 0xff, 0x0, 0x63, 0x60, 0x90, 0xa, 0xc0,
    0x3f, 0xf8, 0x9c, 0x0, 0x20, 0x4, 0x10, 0xf5,
    0x80, 0x3f, 0xfe, 0x0, 0xa8, 0x80, 0x31, 0xb8,
    0x40, 0x80, 0x7f, 0xf0, 0x21, 0x40, 0x30, 0xe8,
    0x1b, 0x0, 0x7f, 0xf0, 0x58, 0xc, 0x2, 0x51,
    0x16, 0x80, 0x77, 0xff, 0x9c, 0x1, 0x5, 0xa2,
    0x0, 0x4c, 0xa1, 0x0, 0xff, 0xe1, 0x37, 0x88,
    0x6, 0x34, 0x0, 0xf7, 0xff, 0x9c, 0x2, 0x20,
    0xf, 0xff, 0x8f, 0xff, 0xb0, 0x3, 0xff, 0x96,
    0x20, 0x1f, 0xfc, 0x5e, 0xef, 0x60, 0x7, 0xff,
    0x14, 0x47, 0xe0, 0xf, 0xff, 0xf8, 0x7, 0xff,
    0x3b, 0xbd, 0x40, 0x3c, 0x9f, 0xe0, 0xf, 0xc0,

    /* U+4F7F "使" */
    0x0, 0xf1, 0x0, 0x7c, 0x44, 0x0, 0xff, 0xe1,
    0x67, 0xa8, 0x7, 0x7e, 0xa8, 0x7, 0xff, 0x1,
    0x44, 0x4a, 0x1, 0xff, 0xc8, 0x80, 0x7d, 0xdf,
    0x10, 0x5e, 0xef, 0x80, 0x39, 0x88, 0x68, 0x8b,
    0xc0, 0x1, 0x22, 0xf0, 0x6, 0x18, 0x9, 0x3d,
    0xdf, 0x10, 0x46, 0xef, 0x80, 0x35, 0x8, 0x20,
    0x11, 0x78, 0x0, 0x45, 0xf0, 0x4, 0xe8, 0x0,
    0x10, 0x6b, 0xbe, 0x20, 0x8b, 0xbe, 0x30, 0x2,
    0x40, 0x7, 0x72, 0x27, 0x0, 0x9, 0x13, 0x9c,
    0xe, 0xc0, 0x80, 0x3c, 0xfd, 0xd1, 0x4, 0xf7,
    0x44, 0x1, 0x10, 0xf, 0x88, 0x7, 0x78, 0x8c,
    0x0, 0x31, 0x18, 0x3, 0xb, 0xd1, 0x0, 0x7f,
    0xf2, 0x61, 0x0, 0x3e, 0x9c, 0xc8, 0x82, 0x33,
    0x22, 0x0, 0xff, 0xe0, 0x89, 0x9c, 0x0, 0x23,
    0x38, 0x3, 0xff, 0x81, 0x35, 0x7f, 0xed, 0x0,
    0x6f, 0xff, 0x20, 0x7, 0xf2, 0xd5, 0x4, 0x18,
    0x4, 0x80, 0x3f, 0xf8, 0x68, 0xc3, 0x83, 0xc0,
    0x80, 0x1f, 0xfc, 0x59, 0x42, 0xf5, 0x9, 0x0,
    0xff, 0xe3, 0x5a, 0x8, 0x8, 0x80, 0x3f, 0xf8,
    0xcc, 0x80, 0x1, 0xdc, 0x60, 0xf, 0xfe, 0x9,
    0x3e, 0xc8, 0x1d, 0xb0, 0x1c, 0xfe, 0x53, 0xa0,
    0x7, 0xc3, 0x30, 0x40, 0xf8, 0x93, 0xd0, 0x20,
    0x6b, 0x10, 0x0, 0xf8, 0x68, 0xe3, 0xa0, 0x2,
    0x17, 0xed, 0xa6, 0x2f, 0x0,

    /* U+4F9D "依" */
    0x0, 0xf0, 0x80, 0x7c, 0x20, 0x1f, 0xfc, 0x3f,
    0xd4, 0x0, 0xd3, 0xcc, 0x1, 0xff, 0xc1, 0x61,
    0x25, 0x0, 0xde, 0x10, 0x1, 0xff, 0xc1, 0xa0,
    0x51, 0x0, 0xcc, 0x22, 0x50, 0xf, 0xf9, 0x4c,
    0x20, 0x3, 0xce, 0x40, 0x1f, 0xfc, 0x8, 0x6,
    0x4f, 0xff, 0x31, 0x57, 0xff, 0x70, 0x6, 0x72,
    0x8, 0x0, 0xff, 0xe3, 0x94, 0x0, 0x89, 0xbb,
    0xb3, 0x0, 0x1b, 0xbb, 0xde, 0x1, 0x70, 0x7,
    0x8, 0xc8, 0xc0, 0x5, 0x11, 0xf8, 0x1, 0x46,
    0x1, 0xf1, 0xd0, 0x20, 0x18, 0x80, 0x42, 0xe0,
    0x13, 0x82, 0x0, 0x71, 0x68, 0x15, 0xa8, 0x38,
    0x0, 0x76, 0x28, 0x1, 0x9, 0x0, 0x18, 0xf0,
    0x43, 0x83, 0x82, 0x80, 0xb0, 0xc3, 0xc0, 0xb,
    0x42, 0x1, 0x2e, 0x8, 0x0, 0x81, 0x0, 0xdf,
    0x8, 0x9a, 0xa0, 0x10, 0x80, 0x6, 0xa8, 0x1,
    0xf3, 0x4, 0xa, 0xe9, 0x0, 0x7c, 0x24, 0x5,
    0xa0, 0x1d, 0x60, 0x7, 0xa0, 0xf, 0xf4, 0x43,
    0x48, 0x3, 0x89, 0x81, 0x40, 0x3f, 0xf8, 0xe,
    0x1, 0xfa, 0xc0, 0xa4, 0x3, 0xff, 0x90, 0x4e,
    0xc, 0x80, 0x1f, 0xfc, 0x51, 0x60, 0x83, 0xb,
    0x30, 0xf, 0xf8, 0x80, 0xd, 0x7d, 0x24, 0x1c,
    0x0, 0xc5, 0x0, 0xff, 0x50, 0x2, 0x10, 0x14,
    0xc0, 0xb0, 0x42, 0x90, 0x3, 0xf0, 0xb8, 0x0,
    0xa7, 0xa8, 0x40, 0x7, 0x84, 0xe8, 0x1, 0xf8,
    0x61, 0x73, 0x58, 0x40, 0x38, 0xb2, 0x0, 0x31,
    0x7f, 0x0, 0x4f, 0x46, 0x1, 0xfc, 0x20, 0x0,

    /* U+4FDD "保" */
    0x0, 0xff, 0xe9, 0x5d, 0x90, 0x3, 0xff, 0x90,
    0x48, 0x86, 0xbf, 0xff, 0xfa, 0x80, 0x3e, 0xb0,
    0x52, 0x0, 0x84, 0x7e, 0x0, 0xfe, 0x26, 0x9,
    0x0, 0xab, 0xbb, 0xe7, 0x0, 0xfd, 0x20, 0x86,
    0x1, 0xff, 0xc7, 0x54, 0xf, 0x0, 0xff, 0xe3,
    0x95, 0x0, 0x18, 0x3, 0xff, 0x80, 0x20, 0x1e,
    0xe0, 0xf, 0xd5, 0xff, 0xf3, 0x0, 0x75, 0x98,
    0x7, 0xff, 0x24, 0x90, 0x20, 0x40, 0x35, 0xff,
    0xe3, 0x9, 0xff, 0xd4, 0x0, 0x27, 0x87, 0x0,
    0xff, 0xe4, 0xc3, 0x80, 0x65, 0xcc, 0xf1, 0x84,
    0x66, 0x75, 0x80, 0x7e, 0x33, 0xf8, 0x0, 0x26,
    0x7c, 0xa0, 0x1f, 0x9f, 0x33, 0x40, 0x6, 0x1c,
    0xce, 0x0, 0xfc, 0x26, 0x71, 0x48, 0x6, 0x19,
    0x33, 0x88, 0x3, 0xff, 0x81, 0x82, 0x64, 0xc,
    0xa, 0xc0, 0x1f, 0xfc, 0x2b, 0x21, 0xd1, 0xf,
    0xa0, 0x94, 0x0, 0xff, 0x87, 0x10, 0x34, 0x40,
    0x25, 0x60, 0xb4, 0x0, 0xfe, 0x4f, 0x30, 0x93,
    0x0, 0xe9, 0x30, 0xb8, 0x0, 0xf8, 0x64, 0x42,
    0x98, 0x3, 0xec, 0x30, 0x74, 0x0, 0xf0, 0xe1,
    0xe2, 0x80, 0x7f, 0x62, 0xc2, 0x0, 0x7c, 0x38,
    0x60, 0x1f, 0xf5, 0x38, 0x7, 0x77, 0x90, 0x7,
    0xd9, 0xcc, 0x1, 0xf0,

    /* U+50A8 "储" */
    0x0, 0xe1, 0x0, 0xfe, 0x21, 0x0, 0xff, 0x37,
    0x40, 0x7, 0xc7, 0xba, 0x0, 0x8d, 0x88, 0x3,
    0x68, 0x6b, 0x50, 0x7, 0xfd, 0x12, 0xa0, 0x10,
    0xa0, 0x2e, 0xad, 0x0, 0xe6, 0x38, 0xf, 0x30,
    0xe8, 0xe, 0x1, 0x38, 0x30, 0x59, 0x2b, 0x81,
    0x98, 0x80, 0x6, 0x68, 0x7, 0x0, 0xd4, 0x1a,
    0x0, 0xf0, 0xb1, 0xff, 0x58, 0x1f, 0xc8, 0xc,
    0x80, 0x46, 0x60, 0x50, 0x1, 0x66, 0x0, 0x27,
    0x0, 0xc, 0x4, 0x8, 0x5, 0x0, 0x1e, 0x30,
    0x34, 0x48, 0x6, 0xc4, 0x44, 0x86, 0x8, 0x80,
    0x1, 0xee, 0xe0, 0xfb, 0xb4, 0x1, 0x28, 0xd,
    0xdb, 0x42, 0x80, 0x31, 0x16, 0x5, 0x44, 0x84,
    0x0, 0x89, 0xe1, 0x31, 0x3, 0xbb, 0x8, 0x2,
    0x6e, 0xda, 0x21, 0x17, 0x7a, 0x91, 0x1c, 0x60,
    0x4, 0x41, 0x80, 0x66, 0x90, 0x67, 0x0, 0xf5,
    0x10, 0x7, 0xf5, 0x48, 0x1, 0x73, 0x35, 0x80,
    0x4, 0x3, 0xf1, 0x6a, 0x80, 0x46, 0x7c, 0xa0,
    0x1f, 0xf1, 0x30, 0x90, 0x57, 0xfd, 0xc0, 0x1f,
    0xfc, 0x2a, 0xf4, 0x0, 0xe1, 0x0, 0xff, 0xe1,
    0x8, 0x80, 0x15, 0xff, 0x80, 0x3f, 0xf8, 0x4c,
    0x40, 0x3, 0x44, 0xc0, 0x1f, 0xf1, 0x86, 0x4a,
    0x80, 0x26, 0xef, 0x0, 0x7f, 0x8c, 0x40, 0xcc,
    0xa0, 0x1e, 0x10, 0xf, 0xf4, 0x80, 0x27, 0x8,
    0x1, 0x5f, 0xf7, 0x0, 0x7f, 0xac, 0xf5, 0x80,
    0x31, 0x19, 0xe0, 0xf, 0xf0, 0xe1, 0x0, 0x42,
    0x11, 0x99, 0x88, 0x80,

    /* U+514D "免" */
    0x0, 0xf8, 0x90, 0x40, 0x3f, 0xf9, 0x3d, 0x7e,
    0x1, 0xff, 0xc8, 0x63, 0x3, 0xaa, 0xe8, 0x0,
    0xff, 0xe0, 0x94, 0x80, 0x9, 0x57, 0x9e, 0x0,
    0x3f, 0xf8, 0x1e, 0x5, 0x99, 0xc6, 0x3, 0x20,
    0x1f, 0xf6, 0x10, 0x79, 0x9e, 0x73, 0xb, 0x10,
    0xf, 0xf5, 0x98, 0x49, 0x0, 0x43, 0x40, 0x8a,
    0x1, 0xfc, 0x5a, 0x80, 0x9, 0xff, 0xdc, 0x20,
    0x9f, 0xfe, 0x20, 0xa, 0x48, 0x3, 0xff, 0x95,
    0x68, 0xc0, 0x3f, 0xfb, 0x80, 0x17, 0xff, 0xb0,
    0x3, 0xeb, 0xd0, 0xf, 0x10, 0x1, 0x80, 0x3f,
    0xf9, 0xc, 0x0, 0x20, 0xf, 0xfe, 0x18, 0x99,
    0xec, 0x1, 0x33, 0xe5, 0x0, 0xff, 0xb3, 0x33,
    0x0, 0xe6, 0x74, 0x80, 0x7e, 0x74, 0x4e, 0x30,
    0x1, 0x80, 0x9, 0x13, 0x8c, 0x3, 0x8e, 0xef,
    0xc0, 0x38, 0x21, 0x77, 0xe1, 0x0, 0xff, 0xc,
    0x3, 0x0, 0x7f, 0xf2, 0x34, 0x6, 0x40, 0x3f,
    0x88, 0x3, 0xfa, 0xcc, 0x28, 0x40, 0x3f, 0xb6,
    0x80, 0x3c, 0xbc, 0x81, 0x8, 0x1, 0xfc, 0x40,
    0x80, 0x19, 0x72, 0x84, 0x25, 0xc0, 0x3b, 0x80,
    0x32, 0x1, 0x0, 0x17, 0xe8, 0xc1, 0x35, 0x80,
    0x32, 0x83, 0xff, 0xe9, 0xb, 0x0, 0x29, 0xb,
    0x65, 0x90, 0x7, 0x4a, 0x8, 0x6, 0x15, 0x70,
    0xb, 0x3a, 0x4c, 0x3, 0xe2, 0xbe, 0xff, 0xdd,
    0x40, 0x0,

    /* U+5165 "入" */
    0x0, 0xf9, 0xc0, 0x3f, 0xf9, 0x35, 0x16, 0x1,
    0xff, 0xca, 0x4c, 0x0, 0xff, 0xe3, 0xd4, 0x1,
    0xd0, 0x7, 0xff, 0x1d, 0xdc, 0xa, 0xc0, 0x1f,
    0xfc, 0x78, 0x50, 0x91, 0x0, 0xff, 0xe3, 0xe8,
    0x2, 0xc0, 0x3f, 0xf8, 0xf6, 0x0, 0x53, 0x0,
    0xff, 0xe2, 0x89, 0x80, 0x5e, 0x1, 0xff, 0xc5,
    0x70, 0x4, 0x1, 0xa8, 0x7, 0xff, 0x13, 0x40,
    0x9d, 0x2, 0xc0, 0x3f, 0xf8, 0x66, 0x81, 0x41,
    0x0, 0x2e, 0x1, 0xff, 0xc2, 0xf0, 0x3, 0x1,
    0xa8, 0x48, 0x80, 0x7f, 0xf0, 0x10, 0xc1, 0x84,
    0x1, 0x0, 0x36, 0x1, 0xff, 0xc0, 0x90, 0x18,
    0x0, 0x89, 0xc1, 0x50, 0x3, 0xfd, 0x64, 0x10,
    0x20, 0x1a, 0x44, 0x28, 0x80, 0x3f, 0x4a, 0x1,
    0xb0, 0x7, 0xd, 0x0, 0xf8, 0x80, 0x7a, 0x18,
    0xb, 0x40, 0x3e, 0x47, 0x2, 0xc2, 0x0, 0x8b,
    0x1c, 0x7, 0x4, 0x3, 0xf4, 0x20, 0x16, 0xa8,
    0x3e, 0x98, 0x16, 0x8, 0x7, 0xfa, 0x8c, 0x1,
    0x60, 0x60, 0x5, 0xd2, 0x0, 0xff, 0x87, 0x14,
    0x24, 0x13, 0x2a, 0x80, 0x1f, 0xfc, 0x3a, 0xa3,
    0x0,

    /* U+5171 "共" */
    0x0, 0xe4, 0xee, 0x0, 0x7b, 0x39, 0xc0, 0x3f,
    0xe1, 0x10, 0x7, 0xc3, 0xe0, 0x1f, 0xfe, 0x62,
    0x33, 0xc0, 0x3, 0x3f, 0x8, 0x9, 0x9e, 0x0,
    0x4e, 0x65, 0x0, 0xc, 0xcf, 0x10, 0x36, 0x66,
    0x10, 0xf, 0xfe, 0x5d, 0xff, 0xd6, 0x0, 0xff,
    0xf1, 0x83, 0xff, 0xe1, 0x0, 0xff, 0xff, 0x80,
    0x7f, 0xf0, 0x6b, 0xff, 0x58, 0x3, 0xff, 0xc6,
    0xf, 0xff, 0xb8, 0x3, 0xff, 0x95, 0x19, 0x9f,
    0xfc, 0x8d, 0x23, 0x3e, 0x76, 0x33, 0xf2, 0xb9,
    0x9f, 0x80, 0x39, 0x2e, 0xb0, 0x3, 0x54, 0xdc,
    0x0, 0x7f, 0x2d, 0x80, 0xe8, 0x6, 0xa5, 0x7,
    0xc1, 0x0, 0xf4, 0xd0, 0x17, 0x88, 0x7, 0x54,
    0x1, 0xf9, 0x80, 0x49, 0xcc, 0x9, 0x82, 0x1,
    0xf3, 0xd8, 0xe, 0x30, 0x15, 0x88, 0x45, 0x88,
    0x7, 0xf2, 0x68, 0x84, 0x99, 0x62, 0x63, 0x80,
    0x7f, 0xf0, 0xb, 0x13, 0xc,

    /* U+5185 "内" */
    0x0, 0xfe, 0x22, 0x0, 0x7f, 0xf1, 0x57, 0x74,
    0x1, 0xff, 0xe5, 0x11, 0xfc, 0x60, 0x1, 0x1f,
    0xc1, 0x9d, 0xdf, 0x48, 0x3, 0xbb, 0xf2, 0x80,
    0x7f, 0xf2, 0xa7, 0xff, 0xa0, 0x7, 0xff, 0xc4,
    0x1, 0xfe, 0xf0, 0x50, 0xf, 0xfe, 0x29, 0x1,
    0x0, 0x7f, 0xf1, 0x54, 0x1c, 0x80, 0x3f, 0xf8,
    0x6a, 0x0, 0x1c, 0x20, 0xf, 0xfe, 0x14, 0x2,
    0x18, 0xe1, 0x80, 0x7f, 0xf0, 0x20, 0x82, 0x74,
    0x87, 0xc, 0x3, 0xfc, 0xee, 0x7, 0x21, 0xc2,
    0xd, 0x20, 0xf, 0xd3, 0x0, 0xb0, 0x0, 0x1c,
    0x11, 0x60, 0x80, 0x70, 0xeb, 0x2, 0xd0, 0x6,
    0x1c, 0x11, 0x48, 0x7, 0xc, 0x4, 0xd0, 0x7,
    0x8a, 0xa2, 0x0, 0x1e, 0x5e, 0x60, 0xf, 0xc8,
    0xe0, 0x1f, 0x84, 0x3, 0xff, 0xa0, 0x86, 0x78,
    0x3, 0xff, 0x87, 0x19, 0x90, 0x83, 0x80, 0x7f,
    0xf0, 0x68, 0x0, 0x29, 0x64,

    /* U+51FA "出" */
    0x0, 0xfc, 0x2a, 0xa1, 0x0, 0xff, 0xe2, 0x2d,
    0x50, 0x80, 0x3f, 0x84, 0x88, 0x1, 0xff, 0xc0,
    0x22, 0x8, 0x1, 0xf7, 0x0, 0x3f, 0xf8, 0x19,
    0xb2, 0x1, 0xff, 0xff, 0x0, 0xff, 0xe8, 0x8f,
    0xfe, 0xb0, 0x6, 0x7f, 0xe1, 0x0, 0xff, 0xe6,
    0x3e, 0x67, 0xa4, 0x1, 0x39, 0x9e, 0x90, 0x10,
    0x23, 0x3e, 0x20, 0x2, 0x99, 0xf1, 0x0, 0x27,
    0xbc, 0x3, 0xff, 0x85, 0xdc, 0x70, 0xf, 0xff,
    0xf8, 0x7, 0xff, 0x3c, 0x7b, 0xba, 0x80, 0x1b,
    0xdd, 0xc0, 0x1e, 0x11, 0xf0, 0x0, 0x47, 0xc0,
    0x15, 0x57, 0xff, 0x14, 0x2, 0x25, 0x5f, 0xfe,
    0x20, 0x4,

    /* U+521D "初" */
    0x0, 0xff, 0xe7, 0xcf, 0x8, 0x7, 0xff, 0x20,
    0x86, 0x80, 0x22, 0x2f, 0xfe, 0x0, 0x7, 0x48,
    0x22, 0x80, 0x3f, 0x77, 0xfe, 0x10, 0xc, 0x4e,
    0xa8, 0x1, 0xff, 0xc2, 0x10, 0x8f, 0xf9, 0xd7,
    0xbd, 0xb7, 0xfd, 0x40, 0x3f, 0xf7, 0x0, 0x7f,
    0xf0, 0x4, 0x2, 0x30, 0x30, 0x8, 0xc0, 0x34,
    0x7f, 0xeb, 0x0, 0x38, 0x4, 0x20, 0x20, 0x1f,
    0xfc, 0x19, 0x7, 0x0, 0xde, 0xc, 0x1, 0x8,
    0x7, 0xe7, 0x21, 0x81, 0x0, 0x84, 0xc, 0x3,
    0x84, 0x3, 0x8e, 0x2, 0xcf, 0x9c, 0x0, 0x40,
    0x20, 0x13, 0x80, 0x78, 0x74, 0x0, 0x3a, 0x6,
    0x0, 0x50, 0xd0, 0xe, 0x30, 0x8, 0x70, 0x40,
    0x16, 0x18, 0x80, 0x22, 0x7, 0x0, 0x84, 0x3,
    0xe, 0x10, 0x7, 0x8, 0x1, 0x40, 0x4, 0x1,
    0x18, 0x8, 0x3, 0xc8, 0x14, 0x5, 0xc7, 0x4,
    0xc, 0xc, 0x3, 0xce, 0x0, 0x70, 0xbf, 0x0,
    0x41, 0x89, 0x5, 0x2, 0x0, 0x61, 0x1, 0x0,
    0x5d, 0x90, 0x3, 0x6c, 0x1a, 0x10, 0x58, 0x6,
    0xe0, 0x30, 0x1, 0x20, 0x7, 0xb, 0x87, 0x81,
    0x98, 0x3, 0x18, 0x8, 0x7, 0xfc, 0x68, 0x12,
    0x1, 0xcc, 0x1c, 0x1, 0xff, 0x70, 0xa, 0x80,
    0x71, 0x81, 0x0, 0x7f, 0xe, 0x10, 0x50, 0xa,
    0x19, 0xa4, 0x0, 0xa0, 0x1f, 0xc8, 0x60, 0xe8,
    0x0, 0xbc, 0xc3, 0x2, 0x88, 0x7, 0xf2, 0xcb,
    0xc0, 0x0, 0x54, 0x88, 0x6f, 0x40, 0x0,

    /* U+5230 "到" */
    0x0, 0xff, 0xe3, 0x99, 0x80, 0x5d, 0xff, 0xf8,
    0x2, 0x1, 0x87, 0x30, 0x27, 0x11, 0xff, 0xc0,
    0x3e, 0xf2, 0x0, 0xe2, 0xbb, 0x84, 0x16, 0xed,
    0x57, 0x71, 0x0, 0x7f, 0x22, 0x4, 0x6b, 0x4d,
    0xa7, 0x44, 0x0, 0x7f, 0xf0, 0x20, 0x2c, 0x43,
    0xc3, 0x80, 0x3f, 0xf8, 0x30, 0x46, 0xa0, 0x6,
    0x42, 0xa0, 0xf, 0xf9, 0x9c, 0x7, 0x3b, 0xfc,
    0x80, 0xa8, 0x1, 0xfe, 0x30, 0x1, 0x18, 0x88,
    0x91, 0x1, 0x20, 0x1f, 0xe5, 0x7a, 0xce, 0xdc,
    0xdb, 0xb2, 0x48, 0x7, 0xfd, 0xa, 0x63, 0xba,
    0x10, 0x5, 0xa0, 0x7, 0xff, 0x51, 0xf3, 0x30,
    0x3, 0x73, 0x27, 0x0, 0xff, 0x71, 0x9e, 0x0,
    0x19, 0xee, 0x0, 0xff, 0x46, 0xed, 0x80, 0xc,
    0xdd, 0xa0, 0x3, 0xfc, 0x24, 0x51, 0x80, 0x8,
    0xb0, 0x80, 0x7f, 0xf2, 0x4c, 0x2e, 0x8c, 0x3,
    0xff, 0x82, 0xd3, 0xbf, 0xa0, 0xaa, 0x10, 0xf,
    0x89, 0x63, 0x0, 0x10, 0xc4, 0x2, 0x1, 0xfc,
    0x9f, 0xb4, 0xe6, 0x0, 0x14, 0x7a, 0xe0, 0x0,
    0x8c, 0xa0, 0x1, 0x50, 0x0, 0xa3, 0xd6, 0xf5,
    0xc2, 0x88, 0x2, 0x3b, 0x96, 0x4, 0x3, 0x5b,
    0xd7, 0xa, 0x40, 0x1f, 0x50, 0x0, 0x53, 0x80,
    0xa, 0x40, 0x1f, 0xfc, 0x3, 0xff, 0x75, 0x98,
    0x0,

    /* U+5236 "制" */
    0x0, 0x99, 0x0, 0xf6, 0xc0, 0x3f, 0xea, 0xa1,
    0x0, 0x6, 0x6c, 0x5c, 0x98, 0x3, 0xfe, 0x55,
    0x8, 0x1, 0xc0, 0x84, 0x3, 0xf8, 0xbf, 0x80,
    0x3e, 0xc0, 0x3c, 0x90, 0x2c, 0xcc, 0xa0, 0x1f,
    0xe1, 0x50, 0x13, 0x20, 0x1, 0x9f, 0x0, 0x7f,
    0xa0, 0xf, 0x31, 0x0, 0x59, 0x99, 0xc0, 0x3f,
    0xc8, 0x10, 0x67, 0x0, 0xc, 0xf0, 0x80, 0x7f,
    0x90, 0xb6, 0x65, 0xe0, 0x73, 0x3c, 0x60, 0x1f,
    0xce, 0x4c, 0xd2, 0x0, 0xb3, 0x78, 0x3, 0xfa,
    0x26, 0x73, 0x0, 0xcc, 0xf3, 0x80, 0x7f, 0x33,
    0x76, 0x81, 0xb3, 0x71, 0x0, 0x7f, 0x99, 0xb6,
    0x81, 0xb3, 0x64, 0x0, 0xff, 0xa2, 0x66, 0x60,
    0x19, 0x9d, 0xc0, 0x1f, 0xfc, 0x16, 0x75, 0x1,
    0x77, 0x20, 0x7, 0xff, 0xe, 0x21, 0xc0, 0x71,
    0xe, 0x0, 0xff, 0xe7, 0x16, 0x68, 0x7, 0xff,
    0x24, 0xcc, 0x1, 0xff, 0xc4, 0x30, 0xf, 0xfe,
    0x42, 0xec, 0x1, 0x0, 0x7f, 0xc6, 0x1, 0xe4,
    0x21, 0x3a, 0x0, 0x9, 0x99, 0x0, 0x2, 0x0,
    0xdf, 0x10, 0xc, 0x3f, 0xec, 0x20, 0x1, 0x66,
    0x2c, 0x0, 0x40, 0x1f, 0xfc, 0x43, 0x10, 0x2,
    0x58, 0x7, 0xc9, 0xfa, 0x1, 0xfb, 0xbf, 0xd6,
    0x80,

    /* U+533A "区" */
    0xef, 0xff, 0xfe, 0x37, 0x0, 0x7f, 0xf2, 0x4,
    0x2, 0x9d, 0xdf, 0xfe, 0x28, 0x4, 0x45, 0xff,
    0xc0, 0x8, 0x62, 0x28, 0x3, 0x8b, 0x14, 0x3,
    0xe9, 0x59, 0x0, 0xfd, 0x47, 0x50, 0x1, 0xcc,
    0x81, 0xc0, 0x1f, 0xa2, 0x0, 0xf6, 0x1, 0x14,
    0x83, 0x18, 0x7, 0xf3, 0xd8, 0x26, 0x90, 0xe0,
    0x1c, 0x80, 0x7f, 0xc9, 0x82, 0x59, 0xa2, 0x2d,
    0x0, 0xff, 0xe0, 0x9f, 0x90, 0x98, 0x68, 0x80,
    0x7f, 0xf0, 0x85, 0x80, 0x24, 0x0, 0xff, 0xe1,
    0x16, 0xa0, 0x18, 0x44, 0x0, 0x3f, 0xf8, 0x7,
    0x84, 0x17, 0x88, 0xf, 0x20, 0x1f, 0xe8, 0xc1,
    0x16, 0x20, 0x5a, 0x83, 0x40, 0x7, 0xc7, 0xae,
    0x7, 0x86, 0x1, 0x52, 0x3, 0xc0, 0x7, 0xc6,
    0xf, 0x84, 0x1, 0xd6, 0x61, 0xe0, 0x1e, 0x3d,
    0xb8, 0x0, 0xfd, 0xb4, 0xe0, 0x1f, 0x1a, 0x0,
    0x7f, 0xa, 0x80, 0x7a, 0xff, 0xff, 0xf8, 0xb0,
    0x1, 0xff, 0xc8, 0x1c, 0xdd, 0xff, 0xe3, 0xc0,

    /* U+5361 "卡" */
    0x0, 0xfe, 0x9e, 0x90, 0xf, 0xfe, 0x39, 0x89,
    0x80, 0x7f, 0xf7, 0xd7, 0xff, 0xe6, 0x0, 0xff,
    0xeb, 0xa6, 0xef, 0xcc, 0x1, 0xff, 0xc1, 0x12,
    0x2f, 0x80, 0x3f, 0xf9, 0xa4, 0xab, 0xf9, 0x81,
    0x95, 0x7f, 0x91, 0x6a, 0xbf, 0x18, 0x1d, 0x57,
    0xf8, 0x48, 0xbf, 0x0, 0x44, 0x5f, 0xe6, 0xdd,
    0xfc, 0xc0, 0x7b, 0xbf, 0xd8, 0x1, 0xff, 0xd6,
    0x5a, 0x30, 0xf, 0xfe, 0x30, 0xda, 0xe6, 0xb8,
    0x80, 0x7f, 0xf0, 0xc7, 0x18, 0xa, 0x3a, 0x48,
    0x3, 0xff, 0x84, 0x53, 0xd0, 0x20, 0xda, 0xe0,
    0x1f, 0xfc, 0x31, 0x7e, 0x92, 0x16, 0x0, 0xff,
    0xe3, 0x36, 0xe0, 0x80, 0x7f, 0xf2, 0x8, 0x3,
    0xff, 0xc4,

    /* U+53D1 "发" */
    0x0, 0xff, 0x9, 0x80, 0x7f, 0xf1, 0x5d, 0x88,
    0x0, 0x99, 0xe4, 0x0, 0x3c, 0x40, 0xf, 0xe1,
    0x89, 0x70, 0x6, 0x80, 0x8, 0x1, 0x67, 0x66,
    0x1, 0xf9, 0xc0, 0x54, 0x0, 0x60, 0x40, 0x14,
    0x28, 0x69, 0x0, 0x7d, 0x40, 0xc0, 0x12, 0x83,
    0x80, 0x6a, 0x31, 0x40, 0xf, 0x21, 0x85, 0x0,
    0x4, 0x41, 0xa0, 0x1d, 0xb8, 0xc0, 0x1c, 0x34,
    0x0, 0xdf, 0xf7, 0x0, 0x23, 0xff, 0xbb, 0x3f,
    0xca, 0x1, 0x8, 0x7, 0xff, 0x1c, 0xc0, 0x35,
    0xdb, 0x37, 0x60, 0x1, 0xee, 0xff, 0x9c, 0x3,
    0x2a, 0x19, 0x11, 0x80, 0x14, 0x45, 0xfe, 0x10,
    0xf, 0xef, 0x0, 0x19, 0xfc, 0x84, 0x1, 0xff,
    0xa, 0x0, 0x2b, 0x33, 0xd7, 0xaa, 0x1, 0xfe,
    0xb0, 0x8, 0x47, 0xc0, 0x12, 0x0, 0x7f, 0x22,
    0x80, 0x7, 0xfb, 0xb8, 0x81, 0xc4, 0x3, 0xfa,
    0x40, 0x6, 0x34, 0x1, 0xa0, 0x82, 0x40, 0x3f,
    0xa8, 0x82, 0x34, 0x11, 0xc0, 0x8, 0xe0, 0xe2,
    0x1, 0xfa, 0x54, 0x15, 0xc6, 0x82, 0x1c, 0xec,
    0x12, 0x0, 0x3f, 0x43, 0x1, 0x50, 0x1, 0x5c,
    0x23, 0x0, 0xac, 0x3, 0xe2, 0xc7, 0x2, 0xf0,
    0xd, 0x22, 0x1, 0x40, 0x7, 0xec, 0x30, 0x3c,
    0x20, 0x0, 0xc7, 0x8, 0x5, 0x58, 0x80, 0x1e,
    0xd0, 0x7c, 0x10, 0x5a, 0xe7, 0x1, 0xad, 0x40,
    0x3b, 0xd9, 0x40, 0x8, 0xfa, 0x0, 0x1d, 0x4a,
    0x3, 0x1c, 0xa5, 0x78, 0x60, 0x4d, 0x7a, 0x1,
    0x8, 0x5, 0x0, 0xb7, 0xce, 0x1, 0x8f, 0x36,
    0xc, 0x3c, 0x3, 0xe6, 0xfa, 0x40, 0xf, 0xc4,
    0xf9, 0xe4, 0x0,

    /* U+53D6 "取" */
    0xa, 0xdd, 0xff, 0x8, 0x7, 0xff, 0x0, 0x48,
    0xbf, 0xc8, 0xab, 0xf8, 0xc0, 0x2a, 0x90, 0x2d,
    0xd8, 0xc1, 0xf6, 0x2a, 0xbf, 0x62, 0x0, 0x4,
    0x80, 0x4, 0x53, 0x87, 0x93, 0x80, 0x8, 0xcf,
    0x0, 0x14, 0x3, 0xff, 0x83, 0x4a, 0x11, 0x99,
    0x70, 0x0, 0x40, 0x38, 0xbf, 0xe4, 0x0, 0xd8,
    0x1a, 0x1, 0x20, 0x18, 0x7, 0xc4, 0x50, 0x7,
    0x28, 0x20, 0x5, 0xe0, 0xa0, 0x1e, 0x2d, 0xd9,
    0x0, 0x31, 0x81, 0x80, 0x48, 0x18, 0x1, 0xff,
    0xc4, 0x30, 0x40, 0x22, 0x2, 0x0, 0x7f, 0xf1,
    0x10, 0x34, 0x28, 0xc, 0x40, 0x3c, 0x5f, 0xf2,
    0x0, 0x75, 0x3, 0x83, 0x5, 0x0, 0x7e, 0x22,
    0x80, 0x3c, 0x46, 0x32, 0x20, 0xe0, 0x1f, 0x16,
    0xec, 0x80, 0x1e, 0xa0, 0x60, 0x51, 0x0, 0xff,
    0xe3, 0x38, 0x5, 0x0, 0x1f, 0xe1, 0x37, 0xa,
    0xd6, 0x0, 0x8, 0x80, 0x88, 0x1, 0xcb, 0xa0,
    0x5d, 0xcc, 0x30, 0x22, 0x8, 0x2, 0x44, 0xa,
    0x0, 0x3a, 0x18, 0x0, 0x20, 0x42, 0xd, 0xce,
    0xc, 0xc0, 0x30, 0x74, 0x0, 0xca, 0x8d, 0x39,
    0xfa, 0xa1, 0xc2, 0x9, 0x20, 0xd8, 0x81, 0x48,
    0x1, 0x45, 0xcb, 0x18, 0x7, 0x9e, 0xc1, 0x24,
    0x28, 0x45, 0x6e, 0x1, 0xff, 0xc0, 0x38, 0x5,
    0xb0, 0x0, 0xf9, 0x5, 0x80, 0x7f, 0xf0, 0xe,
    0x1e, 0x80, 0x30, 0xeb, 0x68, 0x7, 0xf5, 0xfb,
    0x83, 0xc0, 0x7, 0xd2, 0x20,

    /* U+53EA "只" */
    0x0, 0x88, 0xbf, 0xf8, 0x80, 0x1c, 0x7b, 0xbf,
    0xfc, 0x44, 0x0, 0xff, 0xe8, 0xf7, 0xff, 0xfb,
    0x80, 0x3f, 0xff, 0xe0, 0x1f, 0xfe, 0x15, 0x33,
    0xff, 0x28, 0x7, 0xfa, 0xf3, 0x3f, 0xd6, 0x1,
    0xf0, 0x91, 0x7f, 0xf1, 0x0, 0x38, 0xb7, 0x7f,
    0xf8, 0x88, 0x1, 0xff, 0xd2, 0x9e, 0x80, 0xc,
    0xbd, 0x62, 0x1, 0xfe, 0x76, 0x12, 0x0, 0xe1,
    0x4c, 0x20, 0xf, 0xcf, 0x0, 0x94, 0x1, 0x97,
    0x4, 0xb5, 0x0, 0x3d, 0x50, 0x9, 0x60, 0x1e,
    0x3c, 0x20, 0xb6, 0x0, 0x8f, 0x54, 0x16, 0xc0,
    0x3f, 0x16, 0x10, 0x4b, 0x2, 0xe1, 0x4, 0x50,
    0x7, 0xf8, 0x70, 0xc2, 0x51, 0x54, 0x58, 0xe0,
    0x1f, 0xfc, 0x1, 0xd2, 0x84, 0xa, 0xd3, 0x0,
    0xff, 0xe1, 0xe, 0xb8, 0x0,

    /* U+53EF "可" */
    0x14, 0x4f, 0xfe, 0x4b, 0xdd, 0xff, 0xf2, 0x28,
    0x3, 0xff, 0x92, 0x6d, 0xff, 0xff, 0xc3, 0xb0,
    0x7, 0xfb, 0x40, 0x3f, 0xf9, 0xa2, 0x3f, 0xe0,
    0xf, 0xfe, 0x7, 0x77, 0xf6, 0x0, 0x7f, 0xf6,
    0x3b, 0xff, 0x48, 0x7, 0xff, 0x24, 0xc0, 0x3f,
    0xfe, 0x4, 0x5e, 0x0, 0xff, 0xe2, 0x66, 0xee,
    0x80, 0xf, 0xfe, 0x58, 0x80, 0x7f, 0xf0, 0xbb,
    0xff, 0xd8, 0x1, 0xff, 0xc0, 0x33, 0x0, 0x7f,
    0xf2, 0x33, 0x2, 0x1, 0xff, 0xcf, 0x16, 0x55,
    0xb8, 0x3, 0xff, 0x88, 0x31, 0x55, 0x28, 0x20,
    0x7, 0xff, 0xd, 0xc0, 0x2, 0x4d, 0x60, 0x10,

    /* U+53F7 "号" */
    0x0, 0xff, 0xe6, 0xe7, 0xff, 0xff, 0x9, 0x80,
    0x3f, 0x84, 0x7f, 0xc0, 0x1f, 0xf4, 0xf7, 0x7f,
    0x80, 0x3f, 0xfa, 0xbc, 0x67, 0xfe, 0x0, 0xff,
    0x9f, 0x33, 0xfc, 0x1, 0xfc, 0xa8, 0x9f, 0xfc,
    0x22, 0x0, 0xf4, 0xdd, 0xff, 0xf0, 0x90, 0x2,
    0x9d, 0xdf, 0xfe, 0x41, 0x17, 0xff, 0x28, 0x2b,
    0x76, 0xb0, 0x3, 0xee, 0xff, 0xf0, 0x48, 0x48,
    0xb0, 0x2, 0x88, 0xbf, 0xf8, 0x20, 0x1d, 0xa0,
    0x26, 0x23, 0xfe, 0x0, 0xfc, 0x80, 0x3d, 0xdf,
    0xf3, 0x0, 0x79, 0x44, 0x7f, 0xe0, 0x9, 0x40,
    0x3c, 0xbd, 0xdf, 0xf5, 0x0, 0x8, 0x3, 0xff,
    0x8d, 0xa0, 0x22, 0x0, 0xff, 0xe3, 0x28, 0x20,
    0x7, 0xff, 0x4, 0x44, 0x1, 0x31, 0x7, 0x80,
    0x7f, 0xf0, 0x5f, 0xbf, 0xe9, 0x2, 0x50, 0xf,
    0xfe, 0xb, 0x80, 0x72, 0x78, 0x7, 0xff, 0x8,
    0x7f, 0xfa, 0xc8, 0x3, 0x80,

    /* U+540C "同" */
    0xef, 0xff, 0xfe, 0x37, 0x0, 0x7f, 0xf2, 0xab,
    0x77, 0xff, 0x85, 0x20, 0x19, 0x88, 0xbf, 0xf8,
    0x60, 0x1e, 0xdd, 0xff, 0xe0, 0x0, 0x7e, 0x22,
    0xff, 0xe0, 0x0, 0x7e, 0xff, 0xff, 0xe0, 0x0,
    0x7f, 0xf4, 0x6b, 0x33, 0xf5, 0x0, 0x7f, 0x9c,
    0xcf, 0xf3, 0x0, 0x7f, 0xf0, 0x2f, 0xff, 0x58,
    0x7, 0xff, 0x9, 0xc0, 0x3f, 0xfd, 0xfd, 0xbb,
    0xa4, 0x3, 0xff, 0x84, 0x45, 0xe0, 0xf, 0xfe,
    0x15, 0xff, 0xfb, 0x0, 0x3f, 0xca, 0xcc, 0x0,
    0xff, 0xe2, 0xc4, 0x90, 0x7, 0x88, 0xa3, 0x3,
    0x0, 0xff, 0xe1, 0x76, 0xea, 0x1, 0x80, 0x3f,
    0xf8, 0x54, 0x0, 0x25, 0xa0,

    /* U+542B "含" */
    0x0, 0xff, 0xea, 0x8e, 0xe1, 0x80, 0x7f, 0xf1,
    0xf4, 0x8d, 0x80, 0x3f, 0xf8, 0xa3, 0x66, 0x0,
    0xb3, 0x0, 0xff, 0xe1, 0x9e, 0x20, 0x4b, 0xe,
    0x30, 0x7, 0xff, 0x5, 0xf0, 0x82, 0xda, 0x5c,
    0x27, 0x8, 0x3, 0xf9, 0xba, 0x0, 0xb3, 0x10,
    0x11, 0x42, 0x7b, 0x44, 0x1, 0x85, 0xfa, 0x44,
    0x1f, 0x41, 0x9f, 0x49, 0x7d, 0x1, 0x77, 0x18,
    0x43, 0xe0, 0x41, 0x36, 0x0, 0xfc, 0xcb, 0x4,
    0x57, 0x62, 0x3, 0x99, 0x5, 0x2, 0xe5, 0x90,
    0x4, 0x3a, 0x96, 0x20, 0x4, 0xdb, 0x54, 0x80,
    0x4f, 0xab, 0xff, 0xf7, 0x25, 0x7f, 0xe7, 0x4a,
    0xb0, 0xe, 0xf1, 0x1f, 0xf0, 0x4, 0x80, 0x1f,
    0x9f, 0xbb, 0xfa, 0xc0, 0x12, 0x60, 0x1f, 0xfc,
    0x53, 0xa0, 0x66, 0x0, 0x7f, 0x8, 0xfe, 0x2d,
    0x2, 0x81, 0x10, 0x7, 0xef, 0xee, 0xfb, 0x44,
    0xb, 0xba, 0x60, 0xf, 0xe1, 0x22, 0xff, 0x0,
    0x7f, 0xf0, 0x2b, 0x77, 0xfc, 0x20, 0x1f, 0xfd,
    0x61, 0x0, 0xff, 0xe5, 0x57, 0xff, 0xf8, 0x40,
    0x3f, 0xe1, 0x1f, 0xf8, 0x3, 0xff, 0x81, 0x5d,
    0xdf, 0xe2, 0x0, 0xe0,

    /* U+548C "和" */
    0x0, 0xf8, 0x56, 0xac, 0x3, 0xff, 0x82, 0x28,
    0xf5, 0xbd, 0x4a, 0x90, 0x1, 0xff, 0x2f, 0x5c,
    0x29, 0x2, 0x46, 0xc2, 0x7f, 0xfe, 0xe0, 0x54,
    0x68, 0x80, 0x2, 0xdc, 0x80, 0x3f, 0xf8, 0x37,
    0x2e, 0xa0, 0x1f, 0x87, 0x77, 0x40, 0x7, 0xff,
    0x14, 0x8b, 0x80, 0x30, 0x8e, 0x0, 0x10, 0x8c,
    0x1, 0xff, 0x57, 0x75, 0x80, 0xd, 0xee, 0x78,
    0x7, 0xff, 0x56, 0xbf, 0xe1, 0x0, 0x6f, 0xfb,
    0x80, 0x3f, 0xf8, 0x4c, 0x20, 0xf, 0x10, 0xf,
    0xfe, 0x25, 0x80, 0x45, 0xa0, 0x1f, 0xfc, 0x35,
    0x22, 0x0, 0x10, 0xe8, 0x3, 0xff, 0x85, 0x1,
    0x60, 0x9, 0x15, 0x80, 0xf, 0xfe, 0x3, 0x92,
    0x20, 0x0, 0x54, 0x1, 0xff, 0xc1, 0x38, 0x8,
    0x0, 0xc9, 0x10, 0x0, 0xff, 0xb4, 0x14, 0xc0,
    0x39, 0xc0, 0x31, 0x17, 0x0, 0x44, 0x36, 0x1,
    0xfe, 0x1d, 0xdd, 0x0, 0x17, 0xe8, 0x80, 0x7f,
    0xf1, 0xcc, 0xc0, 0x1f, 0xf0, 0xff, 0xea, 0x0,
    0xff, 0xe1, 0x3a, 0x20, 0x3, 0x33, 0x40, 0x1f,
    0xfc, 0x3, 0xba, 0x0, 0xc7, 0x30,

    /* U+5668 "器" */
    0x0, 0xff, 0xe7, 0xd7, 0xff, 0xb4, 0x1, 0x5f,
    0xff, 0x10, 0x7, 0xc2, 0x44, 0x10, 0xf, 0x9,
    0x14, 0x1, 0xfe, 0xad, 0xd5, 0x0, 0x7a, 0xf7,
    0x60, 0xf, 0xfe, 0xb1, 0x16, 0x0, 0xf1, 0x91,
    0x40, 0x1f, 0xe9, 0xdd, 0x48, 0x7, 0xa7, 0x76,
    0x0, 0xfc, 0x48, 0x9e, 0x5, 0x12, 0x42, 0x4,
    0x4c, 0x1, 0xe8, 0xbb, 0xe8, 0x2a, 0x58, 0xb0,
    0x3, 0x75, 0xd8, 0x80, 0x3f, 0xc3, 0xc0, 0xa8,
    0x0, 0xc8, 0x3a, 0x30, 0xe, 0x8f, 0xff, 0x71,
    0x2, 0xff, 0xdd, 0x2, 0x19, 0xfe, 0xe0, 0x7,
    0x88, 0xe0, 0xc, 0x23, 0x80, 0x21, 0x1e, 0x30,
    0x3, 0xf7, 0x54, 0x40, 0x39, 0xdd, 0xac, 0x41,
    0x73, 0xba, 0xd0, 0xc, 0x55, 0x64, 0x9e, 0x60,
    0x19, 0x3d, 0x11, 0xb2, 0x60, 0x19, 0x6f, 0x54,
    0x2, 0xab, 0x90, 0x3, 0xdd, 0x0, 0x4d, 0x9d,
    0x4, 0x18, 0x80, 0x19, 0x13, 0x0, 0x35, 0x12,
    0x0, 0xc2, 0xa4, 0x13, 0x8, 0x11, 0x98, 0x80,
    0xf, 0x3e, 0x64, 0x0, 0x7f, 0x0, 0x9c, 0x40,
    0x8c, 0xe0, 0xf, 0x71, 0x9c, 0x0, 0xb2, 0x0,
    0xff, 0xe9, 0x57, 0x72, 0x80, 0x3d, 0x3d, 0xd0,
    0x7, 0xfc, 0x23, 0x0, 0x7c, 0x23, 0x0, 0x7f,
    0xab, 0xfd, 0x64, 0xc0, 0x1a, 0x7f, 0xe2, 0x20,
    0x80, 0x0,

    /* U+56F4 "围" */
    0x0, 0xff, 0xe5, 0xff, 0xff, 0xf2, 0x0, 0x30,
    0x8f, 0xff, 0x10, 0x3, 0xdd, 0xde, 0xc6, 0x8e,
    0xef, 0x78, 0x7, 0xff, 0x1, 0xdd, 0xa0, 0x1f,
    0xfc, 0x29, 0xff, 0xd4, 0x9, 0xff, 0xc8, 0x1,
    0xfb, 0x8c, 0xf1, 0x0, 0xc, 0xf9, 0xc0, 0x3f,
    0x3e, 0x66, 0x80, 0x4c, 0xce, 0x30, 0xf, 0xe7,
    0xbb, 0xa4, 0x16, 0xef, 0x20, 0x7, 0xfb, 0x91,
    0x23, 0x1, 0x44, 0xc4, 0x1, 0xfe, 0x9f, 0xfa,
    0x81, 0x3f, 0xf3, 0x0, 0x7f, 0xf4, 0xfb, 0xff,
    0x50, 0x27, 0xff, 0x48, 0x7, 0xe5, 0x33, 0xc4,
    0x0, 0x33, 0x84, 0x38, 0x3, 0xf5, 0xe6, 0x68,
    0x4, 0xcc, 0x90, 0x8, 0x3, 0xff, 0x88, 0x31,
    0x2a, 0xe, 0x1, 0xff, 0xc4, 0x16, 0x60, 0x31,
    0x0, 0x7f, 0xf1, 0x7f, 0x7a, 0x40, 0x3f, 0x8,
    0x7, 0x25, 0xc0, 0x9, 0x8, 0x0, 0xc0, 0x3d,
    0xdf, 0xfd, 0xd7, 0x9f, 0xfe, 0xd0, 0xf, 0x11,
    0x9f, 0xff, 0x8, 0x80, 0x3d, 0xb9, 0x9f, 0xfc,
    0x30, 0x8,

    /* U+5728 "在" */
    0x0, 0xfc, 0x62, 0x1, 0xff, 0xc8, 0xde, 0x80,
    0xf, 0xfe, 0x31, 0x88, 0x60, 0x7, 0xff, 0x1a,
    0xc0, 0x50, 0x3, 0xfe, 0x3d, 0xdf, 0x38, 0xe,
    0xef, 0xfd, 0x20, 0x45, 0xe0, 0x8, 0x8b, 0xff,
    0x83, 0x77, 0xc0, 0x4, 0xbb, 0xff, 0xe0, 0x40,
    0xa2, 0x63, 0x0, 0x4a, 0x27, 0xff, 0x0, 0xc0,
    0x31, 0x40, 0x39, 0x0, 0x66, 0xa6, 0x0, 0xff,
    0x48, 0xc, 0x80, 0x77, 0xae, 0x0, 0x7f, 0x32,
    0x4, 0x88, 0x7, 0xff, 0x11, 0x24, 0x0, 0xe0,
    0x1f, 0xfc, 0x44, 0xb0, 0x0, 0x80, 0x2f, 0xff,
    0x30, 0x2f, 0xfe, 0xc0, 0x6b, 0x0, 0xff, 0xe4,
    0x78, 0xc, 0x0, 0x6b, 0xff, 0xcc, 0xb, 0xff,
    0xb0, 0x20, 0xb0, 0xc0, 0x3f, 0xf8, 0xc3, 0xa4,
    0x1, 0xff, 0xff, 0x0, 0xff, 0xe3, 0x8, 0xf1,
    0x80, 0x4, 0x78, 0x3, 0xf5, 0x77, 0x72, 0x82,
    0xf7, 0x75, 0x0, 0x7f, 0xf2, 0x80,

    /* U+5730 "地" */
    0x0, 0xff, 0xe8, 0x55, 0x0, 0x3f, 0xbf, 0xc4,
    0x1, 0xfe, 0x55, 0x8, 0x7, 0xff, 0x3c, 0xcc,
    0x1, 0xff, 0xca, 0xdc, 0x20, 0xf, 0xfe, 0x9b,
    0xa0, 0x7, 0xff, 0x1c, 0x5f, 0x62, 0xc0, 0x2f,
    0xf8, 0x1, 0xdf, 0x60, 0x1f, 0xb2, 0x8, 0x3,
    0xff, 0x88, 0xcf, 0xa0, 0x12, 0x50, 0x7, 0x7f,
    0xc0, 0xe, 0xfb, 0x0, 0xae, 0x8, 0x1, 0x96,
    0x80, 0x1f, 0xfc, 0x6, 0xd1, 0x0, 0x25, 0x0,
    0x4, 0x3, 0xff, 0x85, 0x4, 0x0, 0xbb, 0x28,
    0x7, 0xff, 0x16, 0x28, 0x41, 0x80, 0x3f, 0xf8,
    0xec, 0xa0, 0x1f, 0xc6, 0x2, 0x1, 0xf8, 0xde,
    0x0, 0x3f, 0x8d, 0x40, 0xc0, 0x3f, 0x6c, 0x30,
    0x7, 0xe1, 0xc8, 0x5, 0x0, 0x85, 0xf4, 0x2,
    0x3a, 0x0, 0xfc, 0x31, 0xb, 0x80, 0xb, 0xa0,
    0x80, 0xef, 0x10, 0x3, 0xce, 0xe3, 0x77, 0x23,
    0x90, 0x1, 0x0, 0xef, 0x10, 0x3, 0xf4, 0x40,
    0x40, 0x28, 0xd1, 0xf, 0xbc, 0x40, 0xf, 0x84,
    0x3, 0xe1, 0x0, 0x8, 0x22, 0x0, 0x3e, 0x20,
    0x40, 0xf, 0xa4, 0xc, 0x3, 0xfe, 0x40, 0x8f,
    0xff, 0x9c, 0x28, 0x3, 0xfe, 0x87, 0x10, 0xf,
    0x8a, 0x18, 0x0,

    /* U+5740 "址" */
    0x0, 0xd5, 0x86, 0x1, 0xf9, 0x3b, 0x40, 0x3f,
    0xcc, 0x6e, 0x1, 0xfc, 0x26, 0x1, 0xff, 0xff,
    0x0, 0xce, 0xf1, 0x7, 0x3b, 0x87, 0x78, 0xc0,
    0x3f, 0xf8, 0x13, 0x10, 0x10, 0x58, 0x81, 0x18,
    0xb8, 0x7, 0xff, 0x1, 0x9a, 0x10, 0x46, 0x60,
    0x80, 0x7f, 0xf0, 0xe2, 0x64, 0x41, 0xf3, 0x22,
    0x0, 0xf8, 0x7f, 0xf6, 0x0, 0x7f, 0xf7, 0x87,
    0xbb, 0x68, 0x7, 0xff, 0x1c, 0x47, 0x80, 0x3f,
    0x84, 0x3, 0xff, 0x93, 0x95, 0xc4, 0x1, 0xff,
    0xc5, 0x22, 0x3, 0xa8, 0x30, 0x7, 0xff, 0xd,
    0xf3, 0x44, 0x5, 0xf9, 0x0, 0x3f, 0xf8, 0x72,
    0x60, 0x73, 0xd0, 0x20, 0x1f, 0xfc, 0x49, 0x5c,
    0xc3, 0x0, 0x7f, 0xf1, 0xde, 0x8c, 0x3, 0x8,
    0x80, 0x2, 0x31, 0x0, 0x4, 0x78, 0x3, 0xf3,
    0xf7, 0x4, 0x2b, 0xb9, 0x20, 0x3d, 0xdc, 0x60,
    0x1f, 0xfd, 0x37, 0xff, 0xff, 0xe1, 0x98,

    /* U+5904 "处" */
    0x0, 0xff, 0xe8, 0xe5, 0xa0, 0x7, 0x9f, 0xf8,
    0x3, 0xff, 0x80, 0x68, 0x20, 0x1f, 0xfc, 0x83,
    0x0, 0x38, 0x7, 0xff, 0x21, 0x40, 0xc, 0x89,
    0x18, 0x7, 0xff, 0x13, 0x40, 0x17, 0x7b, 0x1c,
    0x3, 0xff, 0x86, 0x80, 0x48, 0x90, 0x0, 0x80,
    0x31, 0x80, 0x7f, 0x20, 0x3, 0x2e, 0xd2, 0x0,
    0x70, 0x8, 0x71, 0x40, 0x3f, 0x70, 0x10, 0x80,
    0x1c, 0x0, 0x40, 0x1d, 0x46, 0x1, 0xf2, 0x81,
    0x0, 0x5a, 0x6, 0x1, 0x85, 0x3, 0x44, 0x3,
    0x9c, 0x2, 0x50, 0x2, 0x2, 0x80, 0x75, 0x8,
    0xb4, 0x3, 0xc, 0x81, 0x6, 0x0, 0x98, 0x60,
    0x7, 0xe, 0x81, 0xc8, 0x4, 0xc2, 0x2f, 0x6,
    0x17, 0x0, 0x28, 0x7, 0x8d, 0xc1, 0x90, 0x0,
    0xf1, 0x2, 0x50, 0x9a, 0x5, 0x0, 0xfd, 0x4,
    0x8c, 0x1, 0x3b, 0x7, 0x3, 0x98, 0x70, 0x7,
    0xf6, 0x59, 0x0, 0x79, 0xc, 0x0, 0x68, 0x1,
    0xfc, 0x20, 0x1f, 0xd6, 0x0, 0x50, 0xf, 0xfe,
    0x3a, 0x40, 0x1, 0xa4, 0x3, 0xff, 0x8a, 0x76,
    0x2, 0xa0, 0xd8, 0xa0, 0x8e, 0xc0, 0x1f, 0xe6,
    0xc0, 0x1c, 0xa7, 0x3, 0xad, 0xad, 0xb2, 0x11,
    0xe0, 0x1, 0x64, 0x80, 0x34, 0x82, 0x2c, 0xc0,
    0x9a, 0xb3, 0x7b, 0xb8, 0x1, 0x6, 0x7, 0xa6,
    0x1, 0x26, 0x5b, 0x10, 0x7, 0xcc, 0x0, 0xa6,
    0x8c, 0x20, 0xf, 0x24, 0xef, 0xee, 0xb3, 0x34,
    0x0,

    /* U+5907 "备" */
    0x0, 0xff, 0xea, 0x4f, 0xd8, 0x7, 0xff, 0x21,
    0x98, 0x18, 0x1, 0xff, 0xc7, 0x69, 0x0, 0x47,
    0xff, 0xdc, 0x80, 0x1f, 0xd3, 0x20, 0x11, 0xfc,
    0x0, 0x35, 0x0, 0xf8, 0xf1, 0x80, 0xf, 0xdd,
    0xde, 0x40, 0x3e, 0x20, 0x1e, 0xbc, 0x31, 0x70,
    0x6d, 0x30, 0x2, 0xf9, 0x8e, 0x90, 0x7, 0xdc,
    0xf, 0xd1, 0xa6, 0x59, 0x79, 0x42, 0xbe, 0x60,
    0x1f, 0x97, 0xa0, 0x0, 0x5c, 0x40, 0x86, 0x5,
    0x22, 0x1, 0xfe, 0x11, 0x24, 0x6e, 0x88, 0x4,
    0x40, 0x59, 0xf6, 0xc8, 0x20, 0x10, 0xcd, 0xf7,
    0x2d, 0xc8, 0x5b, 0x3b, 0x98, 0xc2, 0x9, 0x37,
    0xdf, 0x82, 0x25, 0x41, 0x3, 0x6b, 0xe9, 0x30,
    0x1, 0xcf, 0x64, 0x29, 0x0, 0x2c, 0x43, 0xe6,
    0xcc, 0x16, 0x33, 0x3f, 0x7d, 0xb3, 0x3f, 0x1c,
    0x0, 0x6c, 0x86, 0x7f, 0xfc, 0x35, 0x3, 0x0,
    0xfd, 0x3b, 0xb5, 0x0, 0x33, 0x76, 0x60, 0xf,
    0xfe, 0x1, 0x16, 0x60, 0x1, 0x16, 0xe0, 0xf,
    0xfe, 0x4, 0x5d, 0xde, 0x0, 0xab, 0xba, 0x80,
    0x3f, 0xf8, 0x6, 0x89, 0x18, 0x1, 0x13, 0x10,
    0x7, 0xff, 0x2, 0xff, 0xeb, 0x0, 0x77, 0xfc,
    0xe0, 0x1f, 0xfc, 0x47, 0x0, 0xf7, 0x80, 0x7f,
    0xf0, 0x2b, 0xba, 0xd0, 0x7, 0xf7, 0x50, 0x1,
    0xff, 0xc0, 0x11, 0xe0, 0x0, 0x8e, 0x0, 0xff,
    0xe0, 0xdf, 0xff, 0xfa, 0x0, 0x3c,

    /* U+5927 "大" */
    0x0, 0xff, 0x7f, 0x98, 0x3, 0xff, 0xc2, 0x60,
    0x1f, 0xfc, 0x71, 0x0, 0xff, 0xe5, 0x18, 0x1,
    0x80, 0x3f, 0xf8, 0xe2, 0x0, 0x10, 0xf, 0xf0,
    0xaa, 0xfe, 0xb0, 0x2, 0x2a, 0xfe, 0x40, 0x2a,
    0xaf, 0xce, 0x0, 0x9a, 0xaf, 0xde, 0x1, 0xff,
    0xcc, 0x3f, 0xff, 0xc4, 0x1, 0x67, 0xff, 0xd6,
    0x1, 0xfc, 0x44, 0x0, 0xa4, 0x3, 0xff, 0x8a,
    0xa0, 0x7, 0x5, 0x10, 0xf, 0xfe, 0x25, 0x2,
    0xc8, 0x1, 0x80, 0x3f, 0xf8, 0x6e, 0x41, 0xc2,
    0xc1, 0x4, 0x1, 0xff, 0xc1, 0x19, 0x2, 0x40,
    0xb0, 0x7, 0x0, 0x7f, 0xf0, 0x6c, 0x43, 0x80,
    0x5, 0x0, 0x6e, 0x1, 0xff, 0x42, 0x83, 0x18,
    0x4, 0xe6, 0x10, 0xc0, 0x1f, 0xd0, 0xe0, 0x72,
    0x1, 0xdc, 0x0, 0x97, 0x0, 0xf0, 0xdb, 0x81,
    0xe0, 0x7, 0x8b, 0x0, 0x11, 0x42, 0x1, 0x3f,
    0x20, 0x1e, 0x80, 0x7e, 0x3c, 0x0, 0x2f, 0x38,
    0x24, 0x0, 0x1f, 0x4, 0x3, 0xf8, 0xf5, 0x0,
    0x1a, 0x9, 0x29, 0xb0, 0x1, 0xff, 0xc0, 0x2b,
    0xa4, 0xa0,

    /* U+5931 "失" */
    0x0, 0xff, 0x9, 0x8, 0x7, 0xff, 0x12, 0xe0,
    0xc0, 0xd, 0xb8, 0x1, 0xff, 0xc3, 0x44, 0x3b,
    0x80, 0x3f, 0xf9, 0x1c, 0x2, 0x80, 0x1f, 0xfc,
    0x85, 0x4, 0x11, 0xbc, 0x0, 0x23, 0xf0, 0x7,
    0xca, 0x0, 0x5e, 0xe9, 0xc0, 0xbb, 0xbe, 0x70,
    0xf, 0x40, 0x7, 0xff, 0x29, 0x88, 0x2b, 0xbb,
    0x38, 0x17, 0x77, 0xce, 0x1, 0x8a, 0x41, 0x14,
    0x47, 0x78, 0x0, 0x47, 0xe0, 0xe, 0xa0, 0x4,
    0x80, 0x77, 0x80, 0x80, 0x7f, 0xf0, 0x22, 0xe4,
    0x80, 0x38, 0x81, 0xc0, 0x3f, 0xf8, 0xa, 0x26,
    0xab, 0xe6, 0x7, 0x55, 0xfe, 0x20, 0x4, 0x55,
    0x7e, 0x30, 0x3a, 0xaf, 0xe4, 0x0, 0x8, 0xff,
    0x0, 0x61, 0x1f, 0xc0, 0x16, 0x77, 0x7c, 0xe0,
    0x1b, 0xfb, 0xbe, 0x60, 0xf, 0xe2, 0x60, 0x52,
    0xb, 0x0, 0xff, 0xe2, 0xf0, 0x2, 0x24, 0x15,
    0x40, 0x1f, 0xfc, 0x3b, 0x30, 0x72, 0x44, 0x5,
    0x28, 0x7, 0xff, 0x0, 0xb1, 0x1, 0x60, 0x1,
    0x44, 0x14, 0xc0, 0x1f, 0xe7, 0xd3, 0x4, 0xa0,
    0x8, 0x70, 0x42, 0x70, 0xc0, 0x38, 0x9f, 0xa0,
    0x1, 0x36, 0x1, 0xc3, 0xe8, 0x7, 0x98, 0x72,
    0x0, 0x7c, 0x8, 0x26, 0xb0, 0x7, 0xc3, 0x72,
    0x20, 0x71, 0x0, 0x7, 0xb, 0x65, 0x90, 0x7,
    0xf9, 0xba, 0x90, 0x68, 0x0, 0x7d, 0x26, 0x1,
    0xff, 0xc2, 0x5b, 0xe0, 0x0,

    /* U+5934 "头" */
    0x0, 0xff, 0x8a, 0xec, 0x1, 0xff, 0xc0, 0x7c,
    0x50, 0xc, 0xc8, 0x80, 0xf, 0xf8, 0x64, 0xeb,
    0x9c, 0x3, 0xff, 0x88, 0x3d, 0x24, 0x31, 0xa4,
    0x1, 0xff, 0xc4, 0x6d, 0x90, 0x1, 0x0, 0x7f,
    0xf0, 0x4d, 0x0, 0x26, 0xdf, 0x1, 0x0, 0xff,
    0x8b, 0x6f, 0x58, 0x0, 0x44, 0x3, 0x1, 0x0,
    0xfe, 0x28, 0x12, 0x9d, 0x40, 0x8, 0x40, 0x80,
    0x3f, 0xcd, 0xd2, 0x25, 0x64, 0x0, 0xe0, 0x70,
    0xf, 0xfe, 0x3, 0x7a, 0x49, 0x0, 0x8, 0x8,
    0x3, 0xf8, 0x8b, 0x1c, 0xa1, 0x14, 0xc0, 0x2,
    0x2f, 0xcd, 0xbb, 0xfe, 0x20, 0x6d, 0xdf, 0xb0,
    0xc4, 0x7f, 0x80, 0x21, 0x1f, 0xc6, 0xbd, 0xdf,
    0xc6, 0xb, 0xdd, 0xfb, 0x40, 0x3f, 0x94, 0xc2,
    0x40, 0x3f, 0xf8, 0xa3, 0x0, 0x63, 0xce, 0x1,
    0xff, 0xc2, 0x1c, 0x21, 0xeb, 0x18, 0xe6, 0x0,
    0xff, 0x93, 0x8, 0x28, 0xa6, 0xc8, 0x67, 0x54,
    0x3, 0xe2, 0xbb, 0x10, 0x52, 0x0, 0x13, 0x68,
    0x4a, 0xa8, 0x20, 0x1, 0x6b, 0xd4, 0x3, 0xd5,
    0x0, 0xe5, 0xe6, 0x5, 0xf4, 0x2e, 0x94, 0x3,
    0xac, 0x20, 0xf, 0xd3, 0x62, 0x2c, 0x28, 0x27,
    0xcc, 0x28, 0x7, 0xfc, 0x9e, 0xf0, 0xf, 0xb0,
    0x60, 0x1f, 0xfc, 0x21, 0x80,

    /* U+5B57 "字" */
    0x0, 0xff, 0x29, 0x0, 0x7f, 0xf1, 0xf2, 0xa4,
    0x3, 0xff, 0x8f, 0x0, 0x88, 0x0, 0xfe, 0x4f,
    0xff, 0xd6, 0x0, 0xbf, 0xff, 0xb4, 0x3, 0xff,
    0x9d, 0x9b, 0xbf, 0xfc, 0x28, 0x0, 0xf1, 0x91,
    0x7f, 0xf0, 0x84, 0x3, 0xf0, 0x8f, 0xf8, 0x80,
    0x3c, 0x9b, 0xa0, 0x4e, 0xef, 0xf6, 0xf1, 0xbe,
    0xf8, 0x0, 0x88, 0x1, 0xff, 0xc1, 0x43, 0x12,
    0x20, 0x7, 0x27, 0xff, 0xd2, 0x0, 0x6a, 0x0,
    0xff, 0xe1, 0x8d, 0x48, 0x4c, 0x80, 0x3f, 0xf8,
    0x65, 0xca, 0x5a, 0xc0, 0x1f, 0x9, 0x17, 0xe4,
    0x0, 0x48, 0x11, 0x7c, 0xd, 0xbb, 0xfa, 0x40,
    0x17, 0xbb, 0xf8, 0x40, 0x3f, 0xf9, 0x4f, 0xff,
    0xfa, 0xc0, 0x1d, 0xff, 0xf8, 0x40, 0x3f, 0xff,
    0x62, 0x67, 0x80, 0x2, 0x1, 0xff, 0xc3, 0xcc,
    0xa0, 0x8, 0x3, 0xff, 0x86, 0x2a, 0x0, 0x25,
    0xf0, 0xf, 0xf0,

    /* U+5B58 "存" */
    0x0, 0xff, 0xea, 0xee, 0x94, 0x3, 0xff, 0x90,
    0x64, 0x41, 0x0, 0xff, 0xe4, 0x58, 0xa, 0x0,
    0x7f, 0xf0, 0x4f, 0xff, 0xce, 0x3, 0xff, 0xff,
    0x58, 0x7, 0xff, 0x38, 0xfb, 0xb6, 0x90, 0x2f,
    0x77, 0xff, 0x2, 0x80, 0x21, 0x1c, 0xa4, 0x10,
    0x23, 0xff, 0xc1, 0x0, 0xf0, 0xc0, 0x31, 0x3e,
    0x67, 0xf5, 0x88, 0x7, 0xd6, 0x3, 0x1, 0xc6,
    0x7f, 0xc8, 0xe0, 0x1e, 0x45, 0xb, 0x10, 0xbc,
    0xcf, 0x20, 0x2, 0x18, 0x3, 0x8e, 0xc0, 0x54,
    0x0, 0x46, 0x7d, 0x48, 0x10, 0xe0, 0x1c, 0x5a,
    0x1, 0xfe, 0x1c, 0x61, 0xb7, 0x0, 0xe4, 0xd1,
    0x0, 0xff, 0x19, 0x83, 0x10, 0x3, 0xd2, 0x2,
    0xc0, 0x11, 0x22, 0x78, 0x0, 0xe8, 0x9c, 0x0,
    0x82, 0xcc, 0x0, 0x55, 0x77, 0xd2, 0x0, 0xab,
    0xbe, 0x10, 0x5d, 0x20, 0xd, 0xc6, 0x7c, 0x40,
    0x3, 0x3f, 0x0, 0x7f, 0x36, 0x67, 0x78, 0x3,
    0x33, 0xc2, 0x1, 0xff, 0xef, 0x11, 0x3, 0x0,
    0x7f, 0xf2, 0x2b, 0xbe, 0xc0, 0x40, 0x3f, 0xf8,
    0xda, 0x1, 0x1d, 0x0, 0x7f, 0xcb, 0xfc, 0x1,
    0x9b, 0xfe, 0xc4, 0x0, 0xf8,

    /* U+5B8F "宏" */
    0x0, 0xff, 0x13, 0x80, 0x7f, 0xf1, 0xcf, 0x61,
    0x80, 0x3f, 0xf8, 0xc6, 0x60, 0xb0, 0xf, 0xf7,
    0x77, 0xf1, 0x81, 0x77, 0x7e, 0x60, 0x11, 0xfe,
    0x0, 0x84, 0x7f, 0x0, 0x6a, 0xdd, 0xd7, 0x6d,
    0xdf, 0xe2, 0x0, 0xe6, 0x22, 0xdb, 0x7c, 0x45,
    0xf8, 0x3, 0x19, 0x84, 0x3, 0x38, 0x20, 0x7,
    0xe7, 0x33, 0x6, 0x60, 0x80, 0x24, 0x10, 0xb0,
    0xf, 0xd5, 0x8a, 0x7d, 0xde, 0xb0, 0x6, 0x77,
    0x7f, 0xa8, 0x4, 0x7c, 0x1, 0x84, 0x7f, 0xc0,
    0x7b, 0xbc, 0xa0, 0xc, 0xdc, 0xdd, 0xfe, 0x80,
    0x22, 0xc0, 0xa0, 0xe6, 0x4b, 0xea, 0x45, 0xf8,
    0x3, 0xa4, 0x1, 0x20, 0x8, 0x2c, 0x0, 0xff,
    0xe0, 0x22, 0x1, 0xc4, 0x1c, 0x42, 0x40, 0x3f,
    0xf8, 0x12, 0x3, 0x0, 0x30, 0xe, 0x43, 0x5c,
    0x20, 0x1f, 0x49, 0x5, 0x80, 0x28, 0x6, 0x0,
    0x5c, 0x68, 0x3, 0xcc, 0xc0, 0x65, 0x6, 0x40,
    0xd0, 0xb, 0x81, 0x20, 0x3, 0x34, 0x81, 0x48,
    0x14, 0x84, 0x18, 0x4, 0x72, 0xe, 0xa0, 0x6,
    0x90, 0x1f, 0x2, 0xc0, 0x12, 0x67, 0x9a, 0xba,
    0x0, 0x51, 0x3, 0x98, 0xe1, 0x7, 0x8, 0xd,
    0x4c, 0x32, 0xa1, 0x80, 0x5c, 0x3, 0xb8, 0x40,
    0xb, 0x1, 0x34, 0x67, 0x9a, 0xcd, 0xea, 0x2,
    0x20, 0x9, 0x0, 0x4d, 0xdc, 0xcb, 0x98, 0x65,
    0x32, 0x15, 0x9f, 0x20,

    /* U+5B9A "定" */
    0x0, 0xff, 0xea, 0xb6, 0xd8, 0x7, 0xff, 0x20,
    0xc9, 0x8, 0x3, 0xfe, 0x44, 0xfc, 0x1, 0x4a,
    0x27, 0xe0, 0xa, 0xef, 0xf5, 0x0, 0x12, 0xef,
    0xf0, 0x7, 0x11, 0x9f, 0xff, 0x8, 0x80, 0x3e,
    0xfc, 0xcf, 0xfe, 0x17, 0x0, 0x7f, 0xf4, 0xe7,
    0xff, 0xff, 0x81, 0xc0, 0x1e, 0xdd, 0x10, 0x7,
    0xff, 0x8, 0xf7, 0x40, 0x11, 0x10, 0x23, 0x77,
    0x60, 0x2, 0xb7, 0x76, 0x1, 0x10, 0x3, 0xc2,
    0x45, 0x8c, 0x0, 0xc4, 0x5c, 0x1, 0xfd, 0x7e,
    0xe0, 0x1f, 0xfc, 0x85, 0x2, 0x0, 0xe6, 0x11,
    0xf0, 0x7, 0xc2, 0x20, 0x60, 0xe, 0xae, 0xef,
    0x0, 0x7c, 0x80, 0x1, 0x0, 0xff, 0xe3, 0xf8,
    0x2, 0xc0, 0x3b, 0x3f, 0xfc, 0x1, 0xf2, 0x0,
    0x18, 0xc0, 0x3f, 0xf8, 0xae, 0x20, 0xa1, 0xa4,
    0x1, 0xff, 0xc3, 0x19, 0x7, 0xa2, 0x1c, 0x70,
    0xf, 0xfe, 0x15, 0x8, 0x48, 0x79, 0xc, 0x0,
    0x29, 0x94, 0xcf, 0xe0, 0xa4, 0xa, 0x10, 0x2d,
    0x70, 0x9, 0xa6, 0xb3, 0x3d, 0x21, 0x81, 0xa,
    0x1, 0xa3, 0xa5, 0x48, 0x40, 0x3e, 0xe0, 0x6d,
    0x70, 0xf, 0xb, 0x56, 0xf7, 0xff, 0xc8,

    /* U+5B9E "实" */
    0x0, 0xff, 0x22, 0x80, 0x7f, 0xf1, 0xe2, 0xe8,
    0x40, 0x3f, 0xf8, 0xd2, 0x0, 0x80, 0xf, 0xf4,
    0xee, 0xfd, 0x80, 0x6, 0xdd, 0xfc, 0x20, 0x45,
    0xfc, 0x1, 0x11, 0x7e, 0x0, 0xcd, 0x99, 0xff,
    0xc2, 0x90, 0xf, 0x71, 0x99, 0xcc, 0xf0, 0x0,
    0x8c, 0xf2, 0x80, 0x7e, 0xcb, 0xb1, 0x0, 0x33,
    0xa, 0x1, 0xfd, 0x38, 0xc1, 0xe4, 0x9a, 0x82,
    0x0, 0x70, 0xc, 0x79, 0x81, 0x2, 0x31, 0x3,
    0xd5, 0x0, 0x18, 0x7, 0xe3, 0x30, 0x6, 0xbb,
    0x10, 0x56, 0xa0, 0x80, 0x4, 0x3, 0xfc, 0x68,
    0x8d, 0x50, 0x20, 0x70, 0x1, 0x0, 0x7f, 0x8f,
    0x4c, 0x29, 0x0, 0x6, 0x4, 0x1, 0xff, 0xc0,
    0x2c, 0x44, 0x80, 0x1a, 0xc, 0x1, 0xfe, 0x22,
    0xd3, 0x4, 0x53, 0x81, 0x17, 0xf0, 0x8b, 0x77,
    0xb3, 0x76, 0x20, 0x6d, 0xdf, 0xd2, 0x28, 0x9f,
    0x18, 0x0, 0x51, 0x3f, 0xb8, 0x2e, 0xfe, 0x40,
    0x5, 0x53, 0x2a, 0xef, 0xcc, 0x1, 0xf4, 0x38,
    0x2a, 0x54, 0x75, 0x20, 0x7, 0xf9, 0x75, 0xc1,
    0x68, 0x21, 0x41, 0x6f, 0x58, 0x3, 0x8e, 0x36,
    0x88, 0x1e, 0x80, 0x7, 0x5d, 0x2, 0x53, 0xca,
    0x0, 0x8c, 0x72, 0x5, 0xd8, 0x0, 0xe1, 0x7e,
    0x91, 0x15, 0x18, 0x41, 0x24, 0xf5, 0x10, 0x7,
    0xf3, 0x7b, 0x41, 0x80, 0x36, 0xd8, 0x40, 0x3f,
    0xf8, 0x3, 0x2e, 0x0,

    /* U+5BB9 "容" */
    0x0, 0xff, 0x84, 0x80, 0x3f, 0xf9, 0x35, 0xd8,
    0x1, 0xff, 0xc9, 0xe0, 0x17, 0x0, 0xff, 0xe0,
    0x7f, 0xfe, 0xb0, 0x4, 0x7f, 0xfe, 0x20, 0xf,
    0xfe, 0x8e, 0xff, 0xff, 0xf0, 0xb8, 0x3, 0xfe,
    0xce, 0x70, 0xc, 0xdc, 0xc0, 0x1f, 0xcc, 0xc3,
    0xb, 0x30, 0x50, 0xd, 0xe3, 0x38, 0x40, 0xcc,
    0x30, 0xa, 0x64, 0x5a, 0x81, 0xa4, 0x15, 0x67,
    0x36, 0x27, 0xa9, 0x32, 0x10, 0xd, 0x38, 0x43,
    0x86, 0xe, 0xa8, 0x80, 0x4f, 0x40, 0xa9, 0x0,
    0xe6, 0x60, 0x1f, 0x98, 0x24, 0x0, 0x21, 0x80,
    0x6d, 0xc1, 0x90, 0x3, 0x34, 0x43, 0x4, 0x1a,
    0xc1, 0xe4, 0x25, 0xc0, 0x11, 0x34, 0x80, 0x1c,
    0xee, 0x0, 0x44, 0x83, 0xc3, 0x50, 0x46, 0x10,
    0x32, 0x80, 0x7e, 0x3d, 0x70, 0x98, 0x0, 0x2d,
    0x89, 0xec, 0x8, 0x7, 0xc3, 0x38, 0x43, 0x6c,
    0x1, 0x93, 0x10, 0x1f, 0xa4, 0x40, 0x23, 0xae,
    0x60, 0x0, 0xdf, 0xff, 0xb5, 0x0, 0x26, 0xe9,
    0x0, 0x4a, 0x82, 0x0, 0x42, 0x3f, 0x80, 0x3,
    0x2, 0x1e, 0x0, 0xa6, 0xcb, 0x10, 0xbe, 0xef,
    0xd4, 0x0, 0x7e, 0xa6, 0x0, 0xa4, 0xc0, 0x3f,
    0xf8, 0xaa, 0x1, 0xff, 0xd5, 0xbe, 0xef, 0xd4,
    0x1, 0xff, 0xc3, 0x11, 0xfc, 0x1, 0xff, 0xc3,
    0xbf, 0xff, 0xd4, 0x26, 0x1, 0xc0,

    /* U+5BC4 "寄" */
    0x0, 0xff, 0xe9, 0xbe, 0xd8, 0x7, 0xfc, 0x23,
    0xf8, 0x9, 0xc, 0x47, 0xf0, 0x37, 0x77, 0xe8,
    0x0, 0x67, 0x77, 0xe0, 0x8, 0x4c, 0xff, 0xf8,
    0x64, 0x1, 0xc9, 0x99, 0xef, 0x21, 0xcc, 0xf7,
    0x0, 0x7a, 0x33, 0x3b, 0x84, 0xb3, 0x3c, 0xa0,
    0x12, 0x57, 0x19, 0xf8, 0x80, 0x6, 0x7f, 0x55,
    0x0, 0x95, 0x2f, 0xff, 0x38, 0x1, 0x27, 0xbf,
    0xf2, 0xac, 0x1, 0xf2, 0x63, 0x81, 0xa4, 0xf6,
    0x38, 0x80, 0x7c, 0x51, 0x7f, 0x66, 0x6d, 0xce,
    0x93, 0x34, 0x75, 0x8, 0x7, 0x99, 0x1, 0x6b,
    0x8, 0x5, 0xb3, 0xc, 0x8, 0x1, 0xaf, 0xf4,
    0x40, 0xb, 0x5f, 0xfe, 0xc6, 0x1, 0xef, 0xf2,
    0x0, 0x8f, 0xff, 0xc, 0x0, 0x23, 0x5, 0xf7,
    0x7f, 0xf0, 0xbc, 0x1, 0xfd, 0xc4, 0x0, 0xbf,
    0xff, 0xb0, 0x3, 0xff, 0x84, 0x89, 0xc4, 0x2,
    0x1, 0xff, 0xc2, 0xbb, 0xe9, 0x0, 0xff, 0xed,
    0x7f, 0xf5, 0x80, 0x7f, 0xf1, 0x15, 0x7f, 0x0,
    0x7f, 0xf0, 0x11, 0x15, 0x5f, 0x7f, 0xdc, 0x0,
    0x10, 0xf, 0x5d, 0x80, 0x3e, 0x60, 0x0, 0x9d,
    0x80, 0x60,

    /* U+5C04 "射" */
    0x0, 0xff, 0xe8, 0xf7, 0xc, 0x3, 0xfb, 0x38,
    0xc0, 0x3e, 0x41, 0x33, 0x0, 0x7f, 0x8, 0x80,
    0x3d, 0x54, 0x90, 0x5, 0x54, 0x20, 0x1f, 0xfc,
    0x25, 0x51, 0x1, 0x2a, 0xc6, 0x1, 0xff, 0xc3,
    0x1f, 0xfc, 0x20, 0x1f, 0xfc, 0xdd, 0xdf, 0x10,
    0x6e, 0xa8, 0x3, 0xf, 0xfe, 0x10, 0x1, 0x17,
    0x80, 0x2, 0x42, 0x1, 0xcc, 0xd8, 0x2, 0x99,
    0xf0, 0x83, 0xcf, 0x80, 0x61, 0x99, 0xc2, 0x0,
    0x66, 0xf1, 0x85, 0xb2, 0x0, 0x61, 0xff, 0xc2,
    0x0, 0x29, 0x60, 0xf, 0xfe, 0xa, 0xae, 0x0,
    0xcd, 0x22, 0x1, 0xff, 0xd, 0x56, 0x10, 0x1,
    0x38, 0x58, 0x7, 0xe9, 0xc0, 0x1b, 0xbc, 0x20,
    0x14, 0x82, 0x90, 0x7, 0xca, 0x60, 0x4, 0x4c,
    0x1, 0x85, 0x82, 0xc0, 0x3e, 0xec, 0xcc, 0x80,
    0x40, 0x1d, 0x40, 0xa0, 0x1f, 0x11, 0x9c, 0x88,
    0xf, 0x10, 0xc, 0x79, 0x80, 0xf, 0xf3, 0x40,
    0x59, 0x0, 0x78, 0xc0, 0x3f, 0xd1, 0x21, 0x8,
    0x1, 0xff, 0xc4, 0x3d, 0x70, 0x87, 0x0, 0xff,
    0xe2, 0xe, 0x90, 0x53, 0x80, 0x42, 0x1, 0x84,
    0x71, 0x80, 0x61, 0xd3, 0xd5, 0xa, 0xde, 0x0,
    0x10, 0x1, 0x3b, 0xa1, 0x3, 0x0, 0x8f, 0x8,
    0x1, 0x84, 0x27, 0x40, 0x12, 0x88, 0xa, 0x58,
    0x7, 0xf3, 0x7f, 0xb1, 0x40, 0x37, 0x7f, 0x5a,
    0x0, 0x40,

    /* U+5C0F "小" */
    0x0, 0xff, 0xd, 0x50, 0xc0, 0x3f, 0xf9, 0x2a,
    0xa7, 0x0, 0xff, 0xff, 0x80, 0x7f, 0xf3, 0x4c,
    0x3, 0xf9, 0xff, 0x40, 0x3f, 0x8b, 0xb0, 0xc0,
    0x3f, 0x60, 0x7, 0xfc, 0x46, 0x10, 0x1, 0xf9,
    0x41, 0x40, 0x3f, 0xd6, 0x8, 0x80, 0xf, 0x20,
    0x85, 0x80, 0x7f, 0x98, 0x42, 0x0, 0x3d, 0xa0,
    0x26, 0x1, 0xff, 0x40, 0x1a, 0x0, 0x73, 0x82,
    0x0, 0x7f, 0xf0, 0x18, 0x42, 0x0, 0x33, 0x8,
    0x70, 0x7, 0xff, 0x5, 0x80, 0xc8, 0x2, 0xb0,
    0x24, 0x0, 0xff, 0xe0, 0xd0, 0x2, 0x80, 0xe,
    0x41, 0x0, 0x1f, 0xfc, 0x22, 0x30, 0x60, 0x5,
    0x1, 0xa8, 0x7, 0xff, 0xe, 0xc0, 0x48, 0x35,
    0xf8, 0x3, 0xff, 0x88, 0x80, 0xc6, 0x0, 0x82,
    0x0, 0xff, 0xe2, 0x1f, 0xc8, 0x80, 0x7f, 0xf4,
    0x8d, 0x12, 0x60, 0xf, 0xfe, 0x3b, 0x5d, 0xd0,
    0x0, 0x50, 0xf, 0xfe, 0x22, 0x80, 0x44, 0xb8,
    0x20, 0x1f, 0xfc, 0x5f, 0xfb, 0x68, 0xc0, 0x3f,
    0xe0,

    /* U+5C40 "局" */
    0x0, 0x93, 0xff, 0xff, 0x88, 0x80, 0x1f, 0x8,
    0xff, 0xf0, 0x0, 0x3f, 0x87, 0xbb, 0xff, 0x80,
    0x20, 0x1f, 0xfd, 0x21, 0x33, 0xff, 0xe0, 0x8,
    0x7, 0xf6, 0x67, 0xff, 0x0, 0x3, 0xfc, 0xab,
    0xff, 0xc2, 0x70, 0xc, 0x20, 0x35, 0x5f, 0xfc,
    0x23, 0x0, 0xf0, 0xf7, 0x7f, 0xf1, 0x0, 0x23,
    0x0, 0x8, 0xff, 0xf1, 0x0, 0x2e, 0x5, 0xff,
    0xff, 0xe0, 0xd0, 0x8, 0x4, 0x40, 0x40, 0x1f,
    0xfc, 0x76, 0xe, 0x4, 0xff, 0xfd, 0xc0, 0x3,
    0x3, 0x0, 0x8c, 0x14, 0x3, 0x22, 0x63, 0x0,
    0xc2, 0x2, 0x0, 0x40, 0x1, 0x80, 0x47, 0x77,
    0xb8, 0x3, 0x78, 0x38, 0x3, 0x1, 0x0, 0x3f,
    0xf8, 0x42, 0x2, 0x0, 0x60, 0xd0, 0xc, 0x77,
    0x7b, 0x80, 0x31, 0x1, 0x83, 0x8, 0x38, 0x7,
    0x22, 0x63, 0x0, 0xcc, 0x1c, 0x10, 0xc, 0x20,
    0x18, 0xff, 0xfb, 0xb0, 0x10, 0x80, 0xc2, 0x42,
    0x0, 0x27, 0x54, 0x0, 0xe3, 0xdf, 0xb0, 0x2,
    0x3, 0xf0, 0x80, 0x47, 0x50, 0x1, 0xc4, 0x20,
    0x2, 0xb0, 0x8, 0x40, 0x3f, 0xf8, 0x3d, 0xfe,
    0xd4, 0x0,

    /* U+5C42 "层" */
    0x0, 0xff, 0xe7, 0x77, 0xff, 0xff, 0x15, 0x40,
    0x3c, 0x24, 0x5f, 0xfc, 0x10, 0xf, 0xeb, 0xdd,
    0xff, 0xe0, 0x88, 0x7, 0xff, 0x4e, 0xf7, 0x7f,
    0xf8, 0x22, 0x1, 0xf8, 0x48, 0xbf, 0xf8, 0x20,
    0x1f, 0xd3, 0xff, 0xff, 0xc3, 0x50, 0xf, 0x18,
    0x7, 0xff, 0x20, 0x40, 0x42, 0x3b, 0xbf, 0xf8,
    0x1a, 0x1, 0xfe, 0x11, 0xff, 0xe0, 0x18, 0x7,
    0xce, 0x11, 0xff, 0xff, 0xc0, 0xe0, 0xc, 0x20,
    0x1, 0x0, 0xff, 0xe3, 0x90, 0x0, 0xfb, 0xbf,
    0xf8, 0x8e, 0x0, 0x70, 0x11, 0xff, 0xe3, 0x78,
    0x3, 0x0, 0x83, 0xfe, 0xc0, 0x2, 0xff, 0xeb,
    0xb7, 0xfd, 0x0, 0x3, 0x4, 0x0, 0xde, 0x3,
    0x40, 0x13, 0x5d, 0x8, 0x7, 0x28, 0x68, 0x4,
    0xc6, 0x1a, 0x1, 0x98, 0x86, 0x80, 0x32, 0x88,
    0x20, 0x1, 0x24, 0x24, 0xc0, 0x2, 0x47, 0x40,
    0x8a, 0x1, 0x48, 0x20, 0x82, 0x58, 0x2, 0xfb,
    0xfd, 0xdb, 0x90, 0x0, 0xb1, 0x1, 0x30, 0xf0,
    0x3, 0x0, 0x44, 0x22, 0x23, 0x46, 0x78, 0x11,
    0x40, 0xf, 0x3a, 0x0, 0xa, 0x6f, 0x7b, 0xfb,
    0x72, 0xe6, 0x1e, 0x4f, 0x40, 0x3, 0x0, 0x19,
    0x90, 0x84, 0x3, 0xf3, 0xe2, 0x0,

    /* U+5C55 "展" */
    0x0, 0xff, 0xe7, 0x67, 0xff, 0xff, 0x14, 0xc0,
    0x3e, 0x11, 0xff, 0xe0, 0x80, 0x7f, 0x4f, 0x77,
    0xff, 0x4, 0x3, 0xf8, 0x40, 0x3f, 0xf9, 0x51,
    0xff, 0xff, 0xc1, 0x0, 0xfe, 0x12, 0x28, 0x0,
    0x24, 0x50, 0x80, 0x8, 0xa0, 0xf, 0xa3, 0x76,
    0x70, 0x9d, 0xdb, 0x0, 0x77, 0x63, 0x0, 0xff,
    0x8, 0x78, 0x4, 0x20, 0x1f, 0xe1, 0x0, 0x77,
    0xf9, 0x81, 0xff, 0xec, 0x1, 0xff, 0xa4, 0x3,
    0xc6, 0x45, 0x8, 0x9, 0x16, 0x0, 0x11, 0x42,
    0x1, 0x8c, 0x1, 0x9b, 0xa6, 0x9, 0xdd, 0xbc,
    0x7, 0x76, 0x80, 0xc, 0x20, 0xc0, 0x1d, 0xe0,
    0x10, 0x80, 0x7f, 0x8, 0x2, 0xbf, 0xe7, 0x7,
    0xff, 0xb0, 0x7, 0xff, 0x48, 0x0, 0x80, 0x1e,
    0x44, 0x0, 0x11, 0x40, 0x2, 0x2c, 0x24, 0x41,
    0x0, 0x20, 0x13, 0x6e, 0x0, 0x37, 0x64, 0x5,
    0xdd, 0x71, 0xb6, 0x40, 0x3, 0x1, 0x0, 0x3f,
    0x48, 0x3a, 0xc6, 0x11, 0x4, 0x2, 0x50, 0xc0,
    0xf, 0xc5, 0x1, 0x4e, 0x59, 0x20, 0x12, 0x88,
    0x20, 0x0, 0x80, 0x21, 0x48, 0x17, 0x0, 0x30,
    0x80, 0x69, 0x4, 0x10, 0x4, 0x80, 0x3b, 0x96,
    0xff, 0x10, 0x4, 0xda, 0x51, 0x33, 0x7, 0x80,
    0x9, 0x40, 0x2, 0x4d, 0x50, 0xf, 0xa8, 0xb,
    0x4c, 0x78, 0xa8, 0x0, 0x27, 0x6b, 0xed, 0x95,
    0x10, 0x1, 0x5e, 0xba, 0xb8,

    /* U+5DE5 "工" */
    0x1, 0x55, 0xff, 0xe3, 0x18, 0x1, 0x6a, 0xbf,
    0xf8, 0xd2, 0x1, 0xff, 0xcc, 0x4f, 0xff, 0xb4,
    0x1, 0x7f, 0xff, 0x50, 0x7, 0xff, 0xfc, 0x3,
    0xff, 0xfe, 0x1, 0xff, 0xff, 0x0, 0xff, 0xe3,
    0x88, 0xff, 0x0, 0x8, 0x47, 0xfa, 0x3b, 0xbf,
    0x60, 0x2, 0x7b, 0xbf, 0x78, 0x7, 0xff, 0x2a,
    0x77, 0x7f, 0xf9, 0x18,

    /* U+5DF2 "已" */
    0x7e, 0xef, 0xfe, 0x28, 0x7, 0x8, 0xff, 0xf1,
    0x40, 0x32, 0xdd, 0xff, 0xf0, 0xa0, 0x3, 0xc4,
    0x89, 0xff, 0xc2, 0x30, 0xf, 0x89, 0x94, 0x3,
    0xff, 0x8e, 0xf3, 0x60, 0x1f, 0xff, 0x51, 0xff,
    0xff, 0xac, 0x3, 0xff, 0xa9, 0x99, 0xff, 0x40,
    0x7, 0xf0, 0x99, 0xff, 0xcd, 0x54, 0x0, 0xff,
    0xe3, 0x8a, 0xa8, 0x3, 0xff, 0x94, 0x46, 0x1,
    0xff, 0xc8, 0x7c, 0xc0, 0x7, 0xff, 0x1c, 0x80,
    0x80, 0x30, 0x80, 0x7f, 0xf0, 0xac, 0x14, 0x0,
    0xc0, 0x7, 0x10, 0xf, 0xf0, 0xb9, 0x86, 0x80,
    0xc, 0x82, 0x3b, 0xff, 0xfd, 0xd0, 0x2, 0xc0,
    0x17, 0xa8, 0x7, 0xff, 0x9, 0x7c, 0x3, 0x15,
    0x7e, 0xe6, 0x7f, 0xb7, 0xe8, 0x40, 0x0,

    /* U+5E38 "常" */
    0x0, 0xfe, 0x55, 0x0, 0x7f, 0xf0, 0x23, 0xa0,
    0x2, 0x2a, 0xa1, 0x0, 0x4f, 0xf4, 0x20, 0x1b,
    0xc5, 0xd0, 0x3, 0xf1, 0x40, 0x18, 0x80, 0x67,
    0x30, 0xd0, 0xf, 0xd6, 0x9, 0x20, 0x16, 0x6e,
    0x88, 0x13, 0x75, 0xe0, 0xf, 0xdd, 0x20, 0x36,
    0xec, 0x26, 0x44, 0x10, 0x22, 0xc0, 0x2, 0x2c,
    0x4, 0x58, 0x2, 0xce, 0xef, 0xfe, 0x16, 0x0,
    0x70, 0x8f, 0xff, 0xc, 0x80, 0x3c, 0x7f, 0xff,
    0xfc, 0x5, 0x0, 0xd1, 0x3, 0x0, 0x99, 0xbf,
    0x0, 0x43, 0x10, 0x17, 0x70, 0x80, 0x6, 0x67,
    0xf0, 0x80, 0x4e, 0xe0, 0xf, 0xd, 0x57, 0xe1,
    0x0, 0xff, 0xe0, 0x2a, 0xfe, 0x0, 0xff, 0x1f,
    0xff, 0x8, 0x57, 0xfe, 0x50, 0xf, 0xfe, 0x19,
    0x80, 0x7f, 0x9b, 0xff, 0xe1, 0x9, 0xff, 0xf5,
    0x80, 0x7f, 0xf3, 0x8b, 0xff, 0x84, 0x2b, 0xff,
    0x30, 0x7, 0xff, 0x74, 0xc0, 0x3f, 0xf8, 0xb9,
    0xfe, 0x50, 0x20, 0x8, 0xcc, 0xc0, 0x1f, 0xd4,
    0x0, 0x15, 0x80, 0x9, 0x72, 0xc0, 0x3f, 0x9b,
    0xfd, 0xd4, 0x20, 0x0,

    /* U+5E76 "并" */
    0x0, 0xff, 0xe7, 0x1d, 0xe8, 0x7, 0xe7, 0xea,
    0x10, 0xf, 0x85, 0xa, 0x40, 0x3e, 0xa1, 0x71,
    0x0, 0xf8, 0xa0, 0x18, 0x80, 0x39, 0x8, 0x20,
    0x3, 0xf9, 0xc4, 0x20, 0x3, 0xbc, 0xd, 0x40,
    0x38, 0x48, 0xb3, 0x9f, 0x91, 0x64, 0x40, 0x51,
    0x16, 0x0, 0x5e, 0xee, 0x63, 0xad, 0xdd, 0x60,
    0x9, 0xdd, 0xc6, 0x1, 0xff, 0xcb, 0xaf, 0xfb,
    0x80, 0x19, 0xff, 0xc6, 0xd, 0xff, 0x8c, 0x3,
    0xff, 0xec, 0x26, 0x79, 0x40, 0xa, 0x67, 0xc2,
    0x6, 0x7c, 0x4d, 0x99, 0xac, 0x1, 0x39, 0x9c,
    0x40, 0xb9, 0x9c, 0x2, 0x38, 0x3, 0x8, 0xf0,
    0x4, 0x23, 0x8d, 0xfb, 0xb4, 0x80, 0x3f, 0xbb,
    0x8c, 0x1b, 0xbb, 0x68, 0x7, 0x68, 0x18, 0x7,
    0xff, 0x18, 0xd0, 0x2c, 0x3, 0xff, 0x8d, 0xe0,
    0x7, 0x0, 0xff, 0xe2, 0xd9, 0x84, 0x0, 0x7f,
    0xf1, 0xf, 0x10, 0x15, 0xc0, 0x3f, 0xf8, 0x65,
    0x86, 0xb, 0x40, 0x1f, 0xfc, 0x42, 0xa1, 0x9a,
    0x0, 0xff, 0xe3, 0x2f, 0x30, 0x7, 0xfb, 0x3e,
    0x40, 0x38,

    /* U+5E8F "序" */
    0x0, 0xff, 0xe0, 0x19, 0x80, 0x3f, 0xf9, 0x13,
    0x9c, 0x1, 0xff, 0xc8, 0xb0, 0x25, 0x0, 0xff,
    0xb3, 0x3f, 0x70, 0x2, 0xf3, 0x3e, 0x90, 0x0,
    0x99, 0xff, 0x0, 0x4, 0xcf, 0xe5, 0x0, 0xea,
    0xbb, 0xff, 0xe2, 0x78, 0x7, 0x22, 0x7f, 0xf1,
    0x4c, 0x3, 0xee, 0xff, 0xff, 0xb8, 0xc0, 0x3f,
    0x90, 0xcf, 0xf1, 0x0, 0x7f, 0xf0, 0x6b, 0x31,
    0x39, 0x9a, 0xc, 0xb, 0xc, 0x3, 0xfe, 0xaa,
    0x73, 0x8c, 0xd8, 0xae, 0x10, 0x7, 0xe1, 0x0,
    0xad, 0x86, 0x39, 0x86, 0xe8, 0x40, 0x3c, 0x60,
    0x1e, 0x19, 0xd6, 0x0, 0xe, 0x0, 0x7e, 0x10,
    0x1, 0x7f, 0xf6, 0xb0, 0x4, 0xff, 0xfc, 0xc0,
    0x7, 0x2, 0x32, 0x2f, 0x8, 0x0, 0x8b, 0x0,
    0x48, 0x0, 0x20, 0x11, 0x6e, 0xfb, 0x0, 0x19,
    0xba, 0xc1, 0x9, 0x20, 0x7, 0x3, 0x0, 0x7f,
    0xf0, 0x68, 0x51, 0x80, 0x23, 0xd, 0x0, 0xff,
    0xe0, 0x1a, 0x15, 0x0, 0x65, 0x4, 0x0, 0xff,
    0xe0, 0x1f, 0x78, 0x80, 0x48, 0x20, 0x60, 0x1f,
    0xfc, 0x11, 0x20, 0xd, 0xc0, 0x80, 0x1c, 0x20,
    0x1, 0x0, 0xff, 0x94, 0x3c, 0x3, 0x1f, 0x7f,
    0xb0, 0x4, 0x40, 0x1f, 0xb1, 0x10, 0x1, 0x8c,
    0x80, 0x4, 0x9a, 0x1, 0xfc, 0x76, 0x1, 0xed,
    0xff, 0x6d, 0x98, 0x7, 0xe0,

    /* U+5EA6 "度" */
    0x0, 0xff, 0xe0, 0x9, 0x0, 0x7f, 0xf2, 0x6f,
    0xbc, 0x3, 0xff, 0x93, 0xc0, 0x4a, 0x1, 0xff,
    0xc0, 0xff, 0xfd, 0x40, 0xa, 0xff, 0xfa, 0x80,
    0x3f, 0xf9, 0x62, 0x1, 0xeb, 0xee, 0x9d, 0xd9,
    0xdd, 0xb1, 0xdd, 0xdd, 0x50, 0x7, 0x98, 0x46,
    0x67, 0x1, 0x1c, 0xee, 0x61, 0x1c, 0x1, 0xe1,
    0x22, 0x80, 0xc, 0x45, 0xc0, 0x2, 0x28, 0x40,
    0x3c, 0x9b, 0xb0, 0x85, 0x6e, 0xe9, 0x1, 0xdd,
    0x98, 0x3, 0xc2, 0xab, 0x0, 0x11, 0x57, 0x20,
    0x1, 0x56, 0x30, 0xf, 0x25, 0x54, 0x21, 0x15,
    0x5b, 0xc0, 0x6a, 0xa4, 0x0, 0xff, 0xe0, 0x45,
    0x56, 0x80, 0xf, 0xe1, 0x0, 0x18, 0x7, 0x22,
    0xae, 0x30, 0xf, 0xe3, 0x0, 0x8, 0x5, 0xdf,
    0xff, 0xb8, 0x3, 0xe1, 0x1, 0xa, 0xaf, 0xfe,
    0xd, 0xa8, 0x7, 0x30, 0x18, 0x2a, 0xff, 0xf0,
    0x53, 0xc0, 0x3b, 0x41, 0x83, 0xb8, 0x40, 0xdd,
    0xdd, 0xa8, 0x5, 0x40, 0x1c, 0x60, 0x60, 0x22,
    0xe0, 0x6a, 0x1, 0x11, 0x72, 0xf, 0x0, 0x79,
    0x43, 0x0, 0x23, 0xc1, 0x4e, 0x8a, 0xc3, 0x37,
    0x98, 0x7, 0x20, 0x82, 0x80, 0x62, 0x80, 0x3,
    0xa8, 0xf, 0x88, 0x7, 0xb8, 0x10, 0x5a, 0x2f,
    0x7a, 0x40, 0x4, 0x0, 0x1c, 0xfb, 0x97, 0x50,
    0x3, 0x87, 0x5, 0x3a, 0x10, 0xac, 0xf6, 0xfd,
    0xb0, 0x82, 0x34, 0x68, 0x3, 0x65, 0x43, 0xe7,
    0x3b, 0x94, 0xc2, 0x0, 0x49, 0xee, 0x5c, 0x34,
    0x0,

    /* U+5F00 "开" */
    0x9, 0xdd, 0xff, 0xe3, 0x90, 0x11, 0x7f, 0xf2,
    0x0, 0x13, 0x99, 0x80, 0x11, 0x99, 0xca, 0x5,
    0x99, 0x88, 0x8, 0xcf, 0x0, 0xc, 0xfc, 0x40,
    0x26, 0x78, 0x3, 0xff, 0xfe, 0x1, 0xff, 0xc2,
    0x12, 0x2e, 0x0, 0x11, 0x78, 0x40, 0x48, 0xba,
    0x77, 0x78, 0x1, 0x3b, 0xbc, 0xc0, 0x5b, 0xbb,
    0x0, 0x3f, 0xf9, 0x51, 0xff, 0xb0, 0x1, 0xdf,
    0xfc, 0xe0, 0x7f, 0xfb, 0x80, 0x39, 0x0, 0x44,
    0x1, 0xff, 0xc6, 0xc0, 0x50, 0xf, 0xfe, 0x31,
    0x20, 0x68, 0x7, 0xff, 0x1a, 0x0, 0xe, 0x1,
    0xff, 0xc5, 0x55, 0x3, 0x8, 0x7, 0xff, 0x10,
    0xe8, 0xa, 0x40, 0x3f, 0xf8, 0x8d, 0x80, 0xe,
    0x0, 0xff, 0xe2, 0x1c, 0x80, 0x2c, 0xc0, 0x3f,
    0xf8, 0x87, 0x65, 0x88, 0x1, 0xff, 0xc6, 0x4d,
    0x30, 0xf, 0xf4, 0x7e, 0x0, 0x70,

    /* U+5FC5 "必" */
    0x0, 0xfc, 0xe6, 0x1, 0xff, 0xc9, 0x68, 0xc8,
    0x0, 0xf8, 0xc0, 0x3f, 0xf8, 0xe, 0x80, 0xf8,
    0x40, 0x18, 0x77, 0xd8, 0x3, 0xfc, 0x37, 0x0,
    0x7a, 0xa0, 0x14, 0x88, 0x28, 0x7, 0xff, 0x1,
    0xf0, 0x42, 0x94, 0x9, 0xc1, 0x8c, 0x3, 0xfc,
    0x46, 0x27, 0xe6, 0x8a, 0x12, 0x3, 0x0, 0x1f,
    0xf6, 0x61, 0xc0, 0x72, 0xc1, 0x90, 0x20, 0x40,
    0x3e, 0xb9, 0x20, 0xf, 0xc5, 0x20, 0xac, 0x1,
    0xf0, 0xa3, 0x8, 0x7, 0xc3, 0xe0, 0x56, 0xcc,
    0x0, 0xf2, 0x80, 0xc, 0x3, 0xea, 0x20, 0xe6,
    0x99, 0x8, 0x7, 0x60, 0x20, 0x7, 0xd2, 0x81,
    0x46, 0xe2, 0x16, 0x1, 0xca, 0x18, 0x1, 0xe9,
    0x60, 0x85, 0x0, 0x40, 0x29, 0x80, 0x46, 0x40,
    0x80, 0x18, 0x65, 0x81, 0x9c, 0x2, 0x63, 0xf,
    0x0, 0xa8, 0x8, 0xc0, 0x34, 0xb0, 0x34, 0x80,
    0x74, 0x1, 0x98, 0x9, 0x82, 0xc0, 0x38, 0x41,
    0xe4, 0x3, 0xc8, 0x41, 0x20, 0x56, 0xcc, 0x0,
    0x18, 0x80, 0x26, 0x0, 0x30, 0x98, 0x2, 0x81,
    0xc0, 0x9, 0x20, 0x8, 0xc0, 0x3, 0xb0, 0x7,
    0x16, 0x60, 0x16, 0x74, 0x3, 0x26, 0xb8, 0x5,
    0xc0, 0x1e, 0x70, 0x30, 0x26, 0x0, 0x8f, 0x2c,
    0x86, 0x44, 0x4, 0x3, 0xc6, 0x6, 0x1, 0xc3,
    0xa6, 0xd, 0xec, 0x61, 0x66, 0x7c, 0x92, 0x8,
    0x1, 0xc3, 0x49, 0xb2, 0x20, 0xa0, 0x79, 0x9d,
    0x62, 0x16, 0x1, 0xe4, 0xb2, 0x0, 0xa5, 0x84,
    0x3, 0xc7, 0x66, 0x1, 0xc0,

    /* U+5FEB "快" */
    0x0, 0xff, 0xe8, 0x7f, 0x88, 0x3, 0xc9, 0xfc,
    0x1, 0xff, 0xf5, 0x23, 0x3c, 0x2, 0x67, 0xc0,
    0x1c, 0x60, 0x14, 0xe0, 0x4e, 0x65, 0x0, 0xc,
    0xce, 0x20, 0x8, 0xf1, 0xc0, 0xc, 0x68, 0x45,
    0x84, 0x0, 0x45, 0x0, 0x79, 0x40, 0x80, 0x16,
    0x1f, 0x3b, 0xb5, 0x0, 0xee, 0xc0, 0x1e, 0xe0,
    0x60, 0x2, 0x12, 0x8, 0x7, 0xff, 0xc, 0xc0,
    0x80, 0x25, 0x33, 0x0, 0x7f, 0xf0, 0xd4, 0x44,
    0x1, 0x46, 0x10, 0x4, 0x20, 0x1f, 0xe3, 0x14,
    0x0, 0xe2, 0x2f, 0x1, 0x91, 0x40, 0x7, 0x20,
    0x3d, 0x80, 0xe, 0xcd, 0xdd, 0x0, 0x5b, 0xb0,
    0x2, 0xb4, 0x0, 0x44, 0x0, 0xff, 0xe8, 0xf7,
    0xfe, 0x20, 0xb, 0xbf, 0xf8, 0x3, 0xff, 0x82,
    0x64, 0x2, 0xc, 0x1, 0xff, 0xc6, 0x90, 0x48,
    0x9, 0x10, 0xf, 0xfe, 0x21, 0xa8, 0x73, 0x8,
    0xb4, 0x3, 0xff, 0x86, 0x3c, 0x8, 0xa1, 0x60,
    0x72, 0x1, 0xff, 0xc1, 0x1c, 0x21, 0xa0, 0x2,
    0xa8, 0x1a, 0x80, 0x3f, 0xe6, 0xe2, 0x1d, 0x10,
    0xa, 0x90, 0x17, 0x98, 0x3, 0xf4, 0x48, 0x16,
    0x98, 0x7, 0x5a, 0x0, 0xd8, 0x80, 0x7d, 0x8,
    0xda, 0x60, 0x1f, 0x5d, 0x17, 0x88, 0x6, 0xff,
    0x10, 0x5c, 0x80, 0x7f, 0x97, 0x48, 0x0,

    /* U+6001 "态" */
    0x0, 0xff, 0x4d, 0x20, 0x7, 0xff, 0x21, 0x94,
    0x3, 0xff, 0x90, 0x60, 0x5, 0x0, 0xff, 0x37,
    0xff, 0xec, 0x0, 0x77, 0xff, 0xee, 0x0, 0xff,
    0xe6, 0x36, 0xef, 0xd6, 0x0, 0x30, 0x1d, 0xdf,
    0xb0, 0x0, 0x45, 0xf6, 0x80, 0xe8, 0x8a, 0xc8,
    0xbe, 0x0, 0xfc, 0x6c, 0x12, 0x30, 0xc, 0x80,
    0x1f, 0xfc, 0x12, 0xd0, 0x27, 0x6, 0x30, 0xb4,
    0x0, 0xff, 0x93, 0x4, 0x25, 0x40, 0x1a, 0x21,
    0x6c, 0x1, 0xf8, 0x66, 0xc4, 0x1a, 0xea, 0xc4,
    0x5a, 0x0, 0x9c, 0x30, 0xc, 0x73, 0xcc, 0x3,
    0x92, 0xe0, 0x9e, 0x66, 0xd3, 0x3, 0xcd, 0x80,
    0x5c, 0x60, 0x3, 0xf1, 0x84, 0x58, 0x8b, 0x80,
    0xb1, 0xc0, 0x4, 0x40, 0x53, 0x28, 0xe8, 0x0,
    0x87, 0x6d, 0xb4, 0x2, 0x8f, 0x93, 0xb0, 0x6,
    0x61, 0x84, 0x46, 0x60, 0xb6, 0xbb, 0x0, 0x62,
    0x84, 0xc1, 0x0, 0x9b, 0xa1, 0x73, 0x42, 0x90,
    0x70, 0x80, 0x29, 0x78, 0x0, 0xeb, 0xe, 0x0,
    0xeb, 0x31, 0xf0, 0xa, 0x1, 0x48, 0x2, 0x13,
    0x4, 0x0, 0xf6, 0x88, 0x10, 0x40, 0xa0, 0x40,
    0x4, 0xc0, 0x44, 0x0, 0xf0, 0xe6, 0x91, 0x1f,
    0x3c, 0x14, 0x40, 0x12, 0x14, 0x1, 0x9, 0x0,
    0x44, 0x0, 0x50, 0x24, 0x20, 0x90, 0x41, 0x6,
    0x5, 0x0, 0x6f, 0xff, 0xa0, 0x2c, 0x14, 0xc,
    0x13, 0x68, 0x40, 0x68, 0xc4, 0x3, 0xc2, 0xce,
    0x15, 0x96, 0x0,

    /* U+6027 "性" */
    0x0, 0xff, 0xe7, 0xff, 0x8c, 0x3, 0xe3, 0xee,
    0x0, 0x7f, 0xf1, 0x13, 0x64, 0x0, 0x22, 0x0,
    0xff, 0xe2, 0x61, 0x10, 0x3, 0xff, 0x8a, 0x20,
    0x3, 0x3, 0x0, 0xff, 0x85, 0xcc, 0x1, 0xde,
    0x0, 0x50, 0xe2, 0x60, 0x1, 0x17, 0x0, 0x16,
    0x14, 0x0, 0xe2, 0xe6, 0x21, 0x3b, 0x40, 0xd,
    0xde, 0x20, 0x20, 0x20, 0x7, 0x5, 0x58, 0x7,
    0xff, 0xb, 0xc1, 0x80, 0xe, 0xa4, 0xe1, 0x3f,
    0xec, 0x0, 0x7f, 0xf1, 0x2, 0x81, 0x0, 0x51,
    0x0, 0x3, 0x0, 0x7f, 0xc2, 0x68, 0x1, 0x88,
    0x5, 0xc0, 0x3f, 0xf8, 0x6, 0x98, 0x1, 0xcf,
    0xf0, 0x1, 0xff, 0xc0, 0x2b, 0x70, 0xf, 0xb3,
    0x37, 0x0, 0x33, 0x34, 0x0, 0x7f, 0xc6, 0x78,
    0x80, 0x6, 0x78, 0x80, 0x3f, 0xc3, 0x77, 0xa0,
    0x1, 0x77, 0xa4, 0x3, 0xfe, 0x44, 0xe0, 0x2,
    0x26, 0x30, 0xf, 0xff, 0xf8, 0x7, 0xf3, 0x80,
    0x7f, 0xf1, 0x3b, 0xff, 0xac, 0x1, 0xff, 0xd8,
    0x1, 0xff, 0xd3, 0xef, 0xff, 0xfe, 0xe, 0x0,

    /* U+6162 "慢" */
    0x0, 0xff, 0xe7, 0x97, 0xf0, 0x4, 0x6a, 0xbf,
    0xf0, 0x7, 0xff, 0x2, 0xab, 0xfe, 0xb0, 0xf,
    0xfe, 0x13, 0x7f, 0xfb, 0x40, 0x3f, 0xe2, 0x30,
    0x9, 0xbf, 0xfd, 0xa0, 0x1e, 0x28, 0x60, 0x7,
    0x78, 0x4, 0xbb, 0xbe, 0xa0, 0xf, 0x3b, 0x80,
    0x24, 0x31, 0x0, 0x3d, 0x57, 0xbc, 0x3, 0xc4,
    0xe, 0x0, 0xc0, 0x41, 0x20, 0x55, 0xf3, 0x91,
    0x0, 0x37, 0x0, 0x80, 0x14, 0x32, 0xbf, 0xff,
    0xdc, 0x40, 0x12, 0x90, 0x4, 0x3a, 0x9b, 0xbf,
    0xfc, 0x11, 0x0, 0x1b, 0x80, 0x62, 0x0, 0x55,
    0xa0, 0x5d, 0x8c, 0x2e, 0xc0, 0x18, 0x4f, 0x0,
    0x3e, 0x44, 0x8, 0x22, 0x1c, 0x11, 0x2, 0x1,
    0xe, 0x30, 0x7, 0xdd, 0xea, 0x1f, 0xe4, 0xf,
    0xf0, 0x80, 0x7f, 0xd7, 0x11, 0xff, 0xc1, 0x10,
    0xf, 0xe6, 0x77, 0xff, 0x33, 0x1c, 0x3, 0xf8,
    0xbf, 0xff, 0xee, 0xe2, 0x80, 0x7f, 0x90, 0x80,
    0x6, 0x89, 0xc2, 0x2, 0x80, 0x1f, 0xc5, 0x7a,
    0x60, 0x33, 0x77, 0x60, 0x85, 0x8, 0x7, 0xff,
    0x3, 0x50, 0xb6, 0xf, 0x20, 0x29, 0x0, 0x3f,
    0xf8, 0x23, 0x6e, 0xf, 0x86, 0x3a, 0xa0, 0x1f,
    0xfc, 0x1, 0x47, 0xb7, 0x0, 0xc3, 0xf2, 0xa4,
    0x1, 0xfd, 0xbd, 0x70, 0x82, 0xb7, 0x8e, 0x24,
    0xd5, 0xb6, 0x1, 0xfa, 0xc5, 0x22, 0xfa, 0x90,
    0xe3, 0xad, 0xd0, 0xa8, 0x3, 0x17, 0xf0, 0x37,
    0x5b, 0xa0, 0x7, 0x92, 0x2f, 0x44, 0x0,

    /* U+6210 "成" */
    0x0, 0xff, 0xeb, 0xa7, 0xf8, 0x53, 0x9c, 0x3,
    0xff, 0x88, 0xe0, 0x16, 0xc, 0x69, 0x80, 0x7f,
    0xf1, 0xa3, 0x4c, 0xb0, 0xc0, 0x31, 0x9f, 0xf3,
    0x0, 0x10, 0xc6, 0xc, 0xc0, 0x40, 0x16, 0x67,
    0xf5, 0x0, 0x2b, 0x31, 0x66, 0x6c, 0xe0, 0xf,
    0xfe, 0x85, 0xff, 0xfc, 0x0, 0xaf, 0xff, 0x60,
    0x7, 0xff, 0x4, 0x80, 0x80, 0x24, 0x10, 0xf,
    0x84, 0x7c, 0x0, 0x60, 0xf0, 0x1, 0x5f, 0x18,
    0x7, 0xab, 0xbb, 0x94, 0x8, 0x8, 0x1, 0x40,
    0x46, 0x1, 0xff, 0xc0, 0x10, 0xe0, 0x70, 0x3,
    0x5, 0x80, 0x7d, 0x7f, 0xf0, 0x80, 0x46, 0x4,
    0xe, 0x20, 0xc0, 0x18, 0x40, 0xe, 0x1, 0xce,
    0xa, 0x0, 0x58, 0x7, 0x0, 0xff, 0xe0, 0x8,
    0x4, 0x24, 0x16, 0x5, 0x0, 0x1c, 0x40, 0x2,
    0x0, 0xe1, 0x0, 0x20, 0x8, 0x70, 0x7, 0x98,
    0x0, 0x20, 0x3, 0x0, 0x10, 0x3, 0xc0, 0xe,
    0x60, 0xa, 0x10, 0x6, 0x81, 0x1e, 0xe6, 0x0,
    0x40, 0x7, 0x20, 0xf, 0x0, 0x97, 0xc0, 0x6,
    0xe, 0x64, 0x60, 0x8, 0x2, 0xd0, 0xa, 0x80,
    0x2, 0x6, 0x0, 0x40, 0xf0, 0xdc, 0xc7, 0xb2,
    0x60, 0x8a, 0xc0, 0x9c, 0x14, 0x18, 0x1c, 0x0,
    0x80, 0x46, 0x60, 0x8b, 0x11, 0x62, 0x38, 0x43,
    0xf8, 0x60, 0x48, 0x20, 0x80, 0x63, 0x70, 0x2c,
    0x20, 0x83, 0x8, 0x40, 0x60, 0xb0, 0x80, 0xe,
    0x39, 0x4c, 0x20, 0xb, 0x18, 0x4a, 0x84, 0x17,
    0x4c, 0x3, 0xcd, 0x62, 0x1, 0xd3, 0xda, 0xa0,

    /* U+624D "才" */
    0x0, 0xff, 0xe0, 0xc5, 0xc0, 0x7, 0xff, 0x1c,
    0xd0, 0xc0, 0x3f, 0xfc, 0xea, 0xbf, 0xfc, 0x7,
    0x6, 0x55, 0xe3, 0x1a, 0xaf, 0xfe, 0x1, 0x81,
    0x55, 0x74, 0x80, 0x7f, 0xf2, 0x87, 0xff, 0xfa,
    0x40, 0x32, 0x7f, 0xf5, 0x0, 0x7f, 0x14, 0x82,
    0x20, 0x3, 0xff, 0x8b, 0xc0, 0xa, 0x0, 0xff,
    0xe2, 0xc9, 0x84, 0x88, 0x7, 0xff, 0x11, 0xd8,
    0x15, 0x80, 0x3f, 0xf8, 0x8d, 0x0, 0x74, 0x1,
    0xff, 0xc4, 0x69, 0x2, 0xd0, 0xf, 0xfe, 0x24,
    0xc8, 0x7, 0xc4, 0x3, 0xff, 0x84, 0x36, 0xc0,
    0x58, 0x40, 0x1f, 0xfc, 0x25, 0xf4, 0x2, 0xc2,
    0x0, 0xff, 0xe1, 0x45, 0x8, 0x26, 0x8, 0x7,
    0xff, 0xe, 0x48, 0x26, 0xc4, 0x3, 0xff, 0x88,
    0x3f, 0xac, 0x1, 0xc8, 0x99, 0x40, 0x3f, 0x88,
    0x80, 0x1e, 0x9b, 0xb8, 0x43, 0x0, 0x3f, 0xf8,
    0x6a, 0x0, 0x13, 0x87, 0x0, 0xff, 0xe1, 0xc7,
    0xfb, 0xb1, 0xc0, 0x3e,

    /* U+6267 "执" */
    0x0, 0x87, 0xb8, 0x1, 0xeb, 0xe5, 0x0, 0xff,
    0xe0, 0x8, 0x80, 0x3c, 0xe2, 0x60, 0x1f, 0xfe,
    0xb1, 0x11, 0x0, 0x4, 0x40, 0x1f, 0xfc, 0x4f,
    0xec, 0x0, 0x77, 0x2b, 0xfe, 0x30, 0x9f, 0xfd,
    0x0, 0x1f, 0xfc, 0xaf, 0x0, 0xdd, 0xfc, 0x0,
    0xff, 0x57, 0xfc, 0x41, 0x7f, 0xe4, 0x0, 0xff,
    0xe2, 0x98, 0x30, 0x6, 0x10, 0xf, 0xfe, 0x18,
    0x81, 0x80, 0x1c, 0x3, 0xfe, 0x38, 0x3c, 0xc3,
    0x0, 0x4, 0x3, 0xfe, 0x40, 0x6, 0x3d, 0x11,
    0xc8, 0x8, 0x7, 0x18, 0x4, 0x37, 0xf4, 0x0,
    0x16, 0xbe, 0x80, 0x0, 0xc0, 0x7, 0xe1, 0x40,
    0xd, 0xd2, 0x40, 0xe8, 0x0, 0x7d, 0x30, 0xf,
    0xa7, 0x38, 0x3, 0xe4, 0x7, 0x12, 0xc1, 0x0,
    0xf3, 0x18, 0x7, 0xcc, 0x3, 0x1e, 0x6e, 0xc0,
    0x1f, 0xfc, 0x38, 0x7, 0x1, 0xc8, 0x10, 0x30,
    0xf, 0xfe, 0x4, 0x8, 0x40, 0x6, 0x30, 0x10,
    0xd4, 0x0, 0xfc, 0xae, 0xe, 0x20, 0x1b, 0xc3,
    0x88, 0x9e, 0x2, 0x4a, 0x1, 0x3d, 0x1, 0xc0,
    0x7, 0x28, 0x22, 0x0, 0xc1, 0xb6, 0xc0, 0x8e,
    0x0, 0xb4, 0x3, 0xc6, 0x62, 0x90, 0xc0, 0x50,
    0x14, 0xe3, 0x93, 0xc1, 0x0, 0xfb, 0xc4, 0x19,
    0x0, 0xbf, 0xac, 0xc1, 0xb0, 0x40, 0x3f, 0x1f,
    0x7c, 0x80,

    /* U+628A "把" */
    0x0, 0xc4, 0x40, 0xf, 0xfe, 0x49, 0x6e, 0x80,
    0x3f, 0xf9, 0xeb, 0xff, 0xff, 0x70, 0x7, 0xff,
    0x6b, 0x31, 0x40, 0xc, 0xc3, 0x80, 0x71, 0x99,
    0x0, 0x6, 0x61, 0x0, 0x9, 0x99, 0xc0, 0x4c,
    0xdc, 0x1, 0xdb, 0x92, 0x0, 0xcc, 0x20, 0x7,
    0xff, 0x10, 0x8a, 0x0, 0x11, 0x4, 0x3, 0xff,
    0x89, 0x9b, 0xe0, 0xd, 0xd2, 0x0, 0x7f, 0xfe,
    0x5e, 0xe8, 0x0, 0x3d, 0xcc, 0x1, 0xee, 0x48,
    0x7, 0x13, 0x48, 0x2, 0x11, 0x80, 0x21, 0x18,
    0x0, 0x22, 0x0, 0xe2, 0xd9, 0x40, 0x1, 0xc7,
    0x0, 0x59, 0x9f, 0x38, 0x6, 0x21, 0x2, 0x0,
    0x63, 0x90, 0x0, 0x4c, 0xfe, 0xe0, 0xe, 0xae,
    0xf0, 0xf, 0xfe, 0x1b, 0x7f, 0x0, 0x48, 0x20,
    0x1f, 0xfd, 0xeb, 0x30, 0xf, 0xfe, 0x49, 0x26,
    0x8, 0x7, 0xf0, 0x80, 0x80, 0x7e, 0x70, 0x11,
    0x0, 0x42, 0x1, 0xce, 0x0, 0x62, 0x11, 0xe3,
    0x90, 0x50, 0x2, 0xfe, 0x1, 0x0, 0x46, 0x41,
    0x3b, 0xdd, 0xd8, 0x61, 0xe0, 0x5, 0x1, 0x4e,
    0x0, 0xdc, 0x82, 0x1, 0xf1, 0x4a, 0x0,

    /* U+62A4 "护" */
    0x0, 0xd3, 0xce, 0x1, 0xf1, 0x4a, 0x80, 0x7f,
    0x8c, 0x7c, 0x3, 0xe5, 0x6a, 0x20, 0xf, 0xfe,
    0x3b, 0x98, 0x48, 0x7, 0xff, 0x23, 0xc1, 0xc0,
    0x3c, 0x68, 0x86, 0x2, 0x44, 0x2, 0x66, 0x6f,
    0x1, 0xcc, 0xc2, 0x1f, 0x76, 0x30, 0x5b, 0xb0,
    0x81, 0x9f, 0x1, 0x19, 0xe0, 0x3, 0x11, 0x0,
    0x22, 0x20, 0x4, 0x3b, 0xbe, 0xc0, 0xd, 0x5b,
    0xa5, 0x7, 0xdd, 0x8, 0x4, 0x45, 0xf0, 0x7,
    0xff, 0xac, 0xa3, 0x40, 0x40, 0x7f, 0xfd, 0xc0,
    0x1c, 0x4c, 0xe0, 0xae, 0x44, 0x0, 0xff, 0xe1,
    0x76, 0xc9, 0x0, 0xb5, 0x91, 0x81, 0x6e, 0xfb,
    0x0, 0x31, 0x81, 0x10, 0x1a, 0x50, 0x4, 0x18,
    0x8b, 0xc6, 0xcc, 0x0, 0x4e, 0xe9, 0xc0, 0x3b,
    0x40, 0x40, 0x3e, 0x99, 0x8, 0x21, 0x0, 0x7c,
    0xc1, 0xa0, 0x1f, 0xfc, 0x71, 0x30, 0x40, 0xf,
    0xfe, 0x3b, 0x0, 0xc, 0x3, 0xff, 0x8f, 0x20,
    0xc0, 0x1f, 0xfc, 0x12, 0x23, 0x7, 0x84, 0x88,
    0x58, 0x7, 0xff, 0x0, 0x77, 0x46, 0x4, 0x46,
    0x6, 0x20, 0xf, 0xfe, 0x0, 0x98, 0x14, 0x29,
    0x59, 0x48, 0x7, 0xff, 0xb, 0x3f, 0x5c, 0x0,
    0x9a, 0x1, 0xff, 0xc1,

    /* U+62DF "拟" */
    0x0, 0x87, 0x70, 0x3, 0xff, 0x82, 0x88, 0x10,
    0xe, 0x32, 0x10, 0x8, 0xfb, 0x40, 0x3e, 0xbb,
    0x10, 0x7, 0xff, 0x0, 0x4c, 0x18, 0xc0, 0x3c,
    0x20, 0x1f, 0xfc, 0x25, 0x9f, 0x0, 0xf1, 0x80,
    0x46, 0x67, 0x3, 0x38, 0x3, 0x28, 0x9a, 0x0,
    0x4, 0x0, 0x20, 0x16, 0xe5, 0x0, 0xe6, 0x0,
    0x3a, 0x42, 0x0, 0x6, 0x1, 0xe2, 0x28, 0x0,
    0x44, 0x0, 0xe6, 0x3, 0x30, 0x30, 0x7, 0xb3,
    0x7c, 0xb, 0x74, 0x1, 0xc2, 0xc1, 0x40, 0x20,
    0x40, 0x1f, 0xfc, 0x5d, 0x7, 0x2, 0x7, 0x0,
    0xff, 0xe2, 0xa0, 0x28, 0xf0, 0x10, 0x7, 0xe3,
    0x27, 0x0, 0xfb, 0xac, 0x54, 0x38, 0x3, 0xc8,
    0x3, 0xb0, 0x20, 0x1e, 0x10, 0x1, 0x82, 0x80,
    0x43, 0x9f, 0x20, 0x1, 0x50, 0xf, 0xe3, 0x0,
    0xf0, 0x98, 0x8, 0xf, 0x50, 0x80, 0x71, 0xb8,
    0x20, 0x2, 0x80, 0x34, 0xe6, 0x0, 0xc0, 0x3e,
    0x8c, 0x80, 0xa0, 0x3, 0x8, 0x4, 0xc6, 0x1,
    0xf8, 0x71, 0xc2, 0x4c, 0x80, 0x82, 0x40, 0x3f,
    0xe6, 0x0, 0x19, 0x63, 0x40, 0x2d, 0x83, 0x80,
    0x7f, 0xdc, 0x0, 0x4d, 0x35, 0x40, 0x96, 0x0,
    0x30, 0x7, 0xf2, 0x20, 0x22, 0xc0, 0xa8, 0x14,
    0xc1, 0x82, 0x80, 0x30, 0x80, 0x64, 0x5a, 0x70,
    0x2c, 0x1, 0xb0, 0x6, 0x81, 0x90, 0x47, 0xe0,
    0x30, 0x5, 0x4a, 0x0, 0x81, 0xc, 0x10, 0x2,
    0x1, 0x0, 0x2c, 0x5, 0x24, 0x3, 0xea, 0x6b,
    0x20, 0xd, 0xba, 0x20,

    /* U+62E5 "拥" */
    0x0, 0xc8, 0x80, 0xf, 0xfe, 0x40, 0xdd, 0x80,
    0x3f, 0xf9, 0xcf, 0x99, 0xff, 0xc0, 0x20, 0xf,
    0xee, 0x33, 0xff, 0xe0, 0x8, 0x7, 0xfc, 0xd9,
    0x8a, 0x0, 0x66, 0x40, 0x1a, 0x26, 0xc0, 0x13,
    0x25, 0x0, 0x71, 0x99, 0xc0, 0x4c, 0xe1, 0x0,
    0x99, 0x8a, 0x0, 0x66, 0x68, 0x7, 0xff, 0xd,
    0xd9, 0x40, 0xc, 0xcd, 0x0, 0xff, 0xe1, 0xcc,
    0xac, 0x1, 0x32, 0x50, 0x4, 0x7f, 0xb4, 0x7,
    0xfe, 0x10, 0xf, 0xfe, 0x10, 0x88, 0x2, 0x11,
    0x80, 0x3f, 0xf8, 0x51, 0xdc, 0xd0, 0x1e, 0xe8,
    0x40, 0x3f, 0x3e, 0x29, 0x80, 0x7f, 0xf0, 0x89,
    0xac, 0x1, 0x7, 0xa0, 0x1, 0x0, 0xff, 0x8b,
    0x65, 0x40, 0xf, 0x70, 0x21, 0x1b, 0xaf, 0x1,
    0xdd, 0x84, 0x0, 0x42, 0x6c, 0x0, 0x84, 0x7,
    0x1, 0x22, 0x80, 0x4, 0x50, 0x6, 0xfc, 0x80,
    0xe, 0x20, 0xbe, 0xe6, 0x0, 0xf7, 0x42, 0x1,
    0x8, 0x7, 0xc2, 0x8, 0x23, 0x0, 0x4, 0x60,
    0xf, 0xf8, 0xc0, 0xc0, 0x3f, 0xf9, 0x16, 0xa,
    0x1, 0xff, 0xc8, 0x40, 0xc0, 0xf, 0xfe, 0x8,
    0x88, 0x80, 0x25, 0x30, 0x50, 0xf, 0xe1, 0x0,
    0x9b, 0xb0, 0xc, 0x20, 0x18, 0x3, 0xe5, 0xff,
    0x0, 0x8, 0x14, 0x5, 0x38, 0x2c, 0x60, 0x3,
    0xe4, 0x0, 0xc, 0x8, 0x17, 0xf5, 0x90, 0x37,
    0x8, 0x6, 0x2f, 0xe1, 0xef, 0xe7, 0x0,

    /* U+6307 "指" */
    0x0, 0xd5, 0xcc, 0x1, 0x1e, 0xe0, 0x7, 0xff,
    0x8, 0x46, 0x0, 0x9c, 0x88, 0x1, 0xc2, 0xe4,
    0x1, 0xff, 0xc5, 0x26, 0xbe, 0x8c, 0x20, 0xf,
    0xfe, 0x8, 0xce, 0xea, 0x50, 0x12, 0xc8, 0x0,
    0x67, 0x38, 0x71, 0x98, 0x3, 0x31, 0x1b, 0xdf,
    0xda, 0x80, 0x5b, 0x98, 0x30, 0x6c, 0xc0, 0x80,
    0x59, 0xf9, 0x8, 0x0, 0x1e, 0x70, 0x52, 0x20,
    0x0, 0x48, 0x80, 0x10, 0x98, 0x7, 0x88, 0x64,
    0x2f, 0x74, 0x81, 0x3b, 0xa1, 0x70, 0x16, 0x33,
    0xe4, 0x80, 0x50, 0xf, 0xf1, 0x88, 0x4e, 0x67,
    0x5a, 0x7, 0x0, 0x7f, 0xd8, 0xc8, 0x67, 0xe5,
    0xa5, 0x0, 0xf6, 0xc6, 0x20, 0x14, 0xde, 0x67,
    0xa9, 0x40, 0x24, 0x85, 0x5, 0x73, 0x32, 0x66,
    0x7f, 0xac, 0x7, 0xed, 0xc4, 0x5, 0xad, 0xc0,
    0xcf, 0xfc, 0xa0, 0x22, 0x3, 0x10, 0x99, 0x20,
    0x4, 0x7f, 0xfe, 0xa0, 0xd, 0xbd, 0x8a, 0x1,
    0xff, 0xc2, 0x10, 0xc, 0x62, 0x1, 0xfc, 0x79,
    0x9e, 0x90, 0xf, 0xfe, 0x21, 0x9f, 0x88, 0x3,
    0xff, 0x86, 0x7f, 0xfe, 0xb0, 0xf, 0xfe, 0x93,
    0x80, 0x7c, 0x7f, 0xfe, 0xb0, 0xc, 0x9f, 0xe3,
    0x3, 0x0, 0xf1, 0x9f, 0x88, 0x3, 0x20, 0x0,
    0x9d, 0x0, 0x38, 0xf3, 0x3d, 0xc4, 0x40, 0xb,
    0xfd, 0xb0, 0x1, 0x93, 0xf0, 0x3, 0xc7, 0xb8,
    0x0,

    /* U+6362 "换" */
    0x0, 0xc2, 0x20, 0xf, 0xfe, 0x49, 0xf7, 0x0,
    0x3c, 0xdf, 0xa0, 0x1f, 0xfc, 0x98, 0x4, 0x0,
    0xff, 0xe4, 0x48, 0x83, 0x7f, 0xee, 0x50, 0xf,
    0xfe, 0xa, 0xb0, 0x11, 0x61, 0x1, 0x10, 0x6,
    0x56, 0xb0, 0x3, 0x30, 0xe, 0x81, 0xb7, 0x71,
    0x3, 0x20, 0x6, 0x89, 0x70, 0x4, 0xc9, 0x70,
    0xe, 0x0, 0x27, 0x32, 0x80, 0xe, 0x45, 0x40,
    0x2, 0xab, 0x0, 0x7, 0xdf, 0xf4, 0x1, 0x77,
    0xa0, 0x5, 0x35, 0x0, 0xa, 0xa4, 0xb8, 0x1,
    0x10, 0x60, 0x4, 0x40, 0x7, 0xff, 0xa, 0x80,
    0x6e, 0xd0, 0x5, 0x76, 0x10, 0xf, 0xfe, 0xb2,
    0x49, 0x0, 0x7f, 0xf1, 0x4a, 0xc0, 0x16, 0xce,
    0x1, 0xc4, 0x2, 0x1, 0xfb, 0xb5, 0xc0, 0x2,
    0xcc, 0x10, 0xd, 0xc0, 0xc0, 0x1, 0x1, 0x0,
    0x8c, 0x8, 0x1, 0xd3, 0xb8, 0x3, 0xfe, 0x70,
    0x5f, 0xf0, 0x2, 0xb4, 0x1, 0xdd, 0x0, 0x62,
    0x2e, 0x10, 0x8, 0x48, 0xb3, 0x0, 0xc, 0x40,
    0x3b, 0x37, 0x72, 0x0, 0x57, 0xbb, 0xac, 0x3,
    0xff, 0x82, 0xaa, 0x8, 0xb, 0x10, 0xf, 0xfe,
    0x22, 0xd0, 0x3b, 0x98, 0x70, 0x40, 0x3f, 0xf8,
    0x51, 0x40, 0xb0, 0x12, 0x65, 0xe6, 0x1, 0x84,
    0x98, 0x4, 0x0, 0x9a, 0xe0, 0xd4, 0x1, 0x69,
    0x8e, 0x48, 0x80, 0x13, 0x68, 0x8, 0x32, 0xc8,
    0x6e, 0x40, 0x30, 0xe2, 0x83, 0x78, 0x1, 0x0,
    0x53, 0x82, 0x5, 0xf9, 0x0, 0x3e, 0xab, 0x3d,
    0x0, 0xf, 0xf5, 0x90, 0x27, 0x40, 0x7, 0xf9,
    0x30, 0xc0,

    /* U+636E "据" */
    0x0, 0xff, 0xe7, 0x17, 0xf0, 0x7, 0xff, 0x3a,
    0x3f, 0xff, 0xf8, 0x2, 0x1, 0xff, 0xc0, 0x11,
    0xfc, 0x1, 0xff, 0xc2, 0x4e, 0xef, 0xc0, 0x1a,
    0x26, 0x0, 0x66, 0x48, 0x1, 0xff, 0xc3, 0x66,
    0x28, 0x1, 0x98, 0x60, 0x4, 0xcc, 0xfc, 0x1,
    0xae, 0x60, 0x1, 0x32, 0x50, 0x8, 0xcf, 0xf0,
    0x6, 0x56, 0x50, 0x16, 0x61, 0x0, 0xf, 0x76,
    0xb0, 0x1d, 0xdc, 0x20, 0x1f, 0xc2, 0xe, 0x45,
    0x30, 0x0, 0x8b, 0x0, 0x7f, 0xf1, 0x4, 0x3,
    0xff, 0x82, 0x4e, 0x40, 0x4, 0xff, 0xb0, 0x7,
    0xff, 0x68, 0x0, 0x50, 0x7, 0x61, 0xc, 0x4,
    0x8b, 0x0, 0x8, 0xb3, 0xe, 0x74, 0x80, 0x9,
    0xd1, 0x81, 0xb7, 0x6f, 0x1, 0xdd, 0xd6, 0x24,
    0x8, 0x3, 0xb0, 0x44, 0xe, 0x0, 0xff, 0xe0,
    0x67, 0xc8, 0x7, 0x8, 0x3, 0x76, 0xf0, 0x1d,
    0xdc, 0x40, 0x40, 0x1e, 0x30, 0x1, 0x17, 0x0,
    0x8, 0xb0, 0x80, 0x7e, 0x40, 0x16, 0x3, 0xff,
    0xf1, 0x80, 0x7f, 0xb0, 0x10, 0x3, 0xff, 0x8e,
    0x48, 0x1e, 0x1, 0xff, 0xc3, 0x10, 0xa, 0x0,
    0xa, 0x0, 0x3c, 0xcf, 0x18, 0x5, 0x1f, 0x80,
    0xa2, 0xa0, 0xe0, 0x18, 0xcf, 0xc0, 0x1a, 0xc0,
    0x52, 0x46, 0xca, 0x0, 0x23, 0xff, 0xf1, 0x80,
    0x47, 0xfd, 0x64, 0x9, 0xa0, 0x2, 0xce, 0x0,
    0xf6, 0xe8, 0xc0,

    /* U+63A5 "接" */
    0x0, 0x8f, 0x68, 0x3, 0xe3, 0x87, 0x0, 0xff,
    0x39, 0x30, 0x7, 0xc2, 0xf0, 0x40, 0x1f, 0xfc,
    0x38, 0x8d, 0x42, 0x1d, 0x11, 0xc0, 0x1f, 0xe6,
    0x77, 0xc2, 0x6, 0xef, 0xc2, 0x6, 0x70, 0x9,
    0x98, 0x2a, 0x8e, 0xb5, 0x5a, 0x52, 0x2a, 0x82,
    0x1b, 0x90, 0x5, 0x98, 0x4, 0x43, 0x2b, 0xaa,
    0xc2, 0x96, 0xaa, 0x0, 0x11, 0x4, 0x0, 0x46,
    0x0, 0x18, 0x9, 0x0, 0xa4, 0x3c, 0x3, 0x66,
    0xd0, 0x1e, 0xe0, 0x4, 0xe2, 0x40, 0x8, 0x15,
    0x30, 0xf, 0xfa, 0x7f, 0xdc, 0x2d, 0xfe, 0x70,
    0x5f, 0xfa, 0x80, 0x3f, 0x9, 0x16, 0x12, 0x2f,
    0xe0, 0xf, 0x23, 0x46, 0xee, 0x22, 0x46, 0xef,
    0xa0, 0x0, 0x7a, 0x7, 0x70, 0x1, 0x94, 0xc5,
    0x40, 0x3e, 0x2e, 0xc6, 0x0, 0x1c, 0xf7, 0xfd,
    0x40, 0x3f, 0xff, 0x71, 0x8, 0x10, 0x1e, 0x39,
    0x88, 0x80, 0x21, 0x1c, 0x0, 0x11, 0x18, 0x67,
    0xc8, 0x6, 0xde, 0xc0, 0x6, 0x77, 0x56, 0x3,
    0xdc, 0xd0, 0x30, 0xf, 0xd2, 0xa, 0x60, 0x14,
    0x83, 0x0, 0x7f, 0xf0, 0x19, 0x1, 0x6d, 0x42,
    0xc, 0x24, 0x3, 0xff, 0x80, 0xd6, 0xa0, 0x95,
    0xce, 0x12, 0x20, 0x1f, 0xfc, 0x14, 0xae, 0x60,
    0x10, 0x6, 0x10, 0x7, 0x8, 0x81, 0xc0, 0x21,
    0x48, 0xc6, 0x0, 0x18, 0x2e, 0xd0, 0x80, 0x1f,
    0xa8, 0x8, 0x7, 0xb9, 0x6e, 0x42, 0xfd, 0x98,
    0x40, 0x5f, 0x10, 0x40, 0x15, 0x80, 0x14, 0x14,
    0x8c, 0xe8, 0x10, 0x3b, 0xb1, 0x40, 0x81, 0xff,
    0x50, 0x80, 0x2b, 0xad, 0xcc, 0x3, 0xc9, 0xac,
    0x0,

    /* U+642C "搬" */
    0x0, 0xae, 0xc0, 0x1d, 0xb4, 0x1, 0xff, 0xc3,
    0x65, 0x0, 0xc2, 0x4e, 0x1, 0xe, 0xef, 0x8,
    0x7, 0xf8, 0x50, 0x14, 0x44, 0x0, 0x22, 0x1,
    0x10, 0x3, 0xfc, 0xdd, 0x40, 0xfd, 0xc1, 0x0,
    0x26, 0xa0, 0x7, 0x11, 0x98, 0x4c, 0x80, 0x6,
    0xaa, 0x0, 0xff, 0xe0, 0xe6, 0x4, 0x33, 0xc0,
    0x17, 0xf4, 0x40, 0x5, 0x1, 0x0, 0xf9, 0xd4,
    0x0, 0xa8, 0x0, 0xda, 0x30, 0xb, 0x3, 0x0,
    0x3e, 0x9a, 0x21, 0xa9, 0x0, 0x61, 0xd0, 0x1,
    0xdc, 0xe, 0x4, 0x1f, 0x60, 0x1f, 0xf5, 0x18,
    0x3, 0x82, 0x4, 0x2d, 0x48, 0x80, 0x1f, 0x84,
    0x5, 0xe8, 0x1, 0x34, 0xc2, 0x23, 0xbc, 0x90,
    0xf, 0xa6, 0x2, 0x3b, 0xc8, 0x1, 0x5d, 0xde,
    0x0, 0xf0, 0xc2, 0x8, 0x9, 0x10, 0x2, 0x30,
    0x33, 0x80, 0xc0, 0x21, 0x62, 0x7, 0x74, 0x85,
    0xee, 0x88, 0x0, 0xe1, 0xd9, 0x0, 0x80, 0x2,
    0xe9, 0x0, 0x34, 0xf8, 0x17, 0x0, 0x6d, 0xb,
    0xe, 0xc, 0x0, 0x10, 0x10, 0xc, 0x98, 0x81,
    0x8b, 0x0, 0x4e, 0xe, 0x2a, 0x8, 0x1, 0x6e,
    0x88, 0x2, 0x20, 0x65, 0xa0, 0x8, 0x54, 0x68,
    0x1c, 0x40, 0x22, 0x0, 0xe7, 0x2, 0xf5, 0x0,
    0xd0, 0x8, 0x12, 0x1, 0xfe, 0x30, 0x2, 0xc8,
    0x6, 0x23, 0x4, 0x10, 0xf, 0xe3, 0x4, 0x0,
    0xf9, 0xcc, 0x11, 0x80, 0x3c, 0x60, 0xa, 0x3,
    0x0, 0xf4, 0x40, 0x18, 0x25, 0xc0, 0x2a, 0xd1,
    0x31, 0x60, 0xb0, 0xde, 0x20, 0xc7, 0xa, 0x98,
    0x8, 0xb0, 0x1, 0x15, 0x22, 0xc6, 0x60, 0x70,
    0x3a, 0x52, 0xc5, 0x7, 0xa1, 0x90, 0x4, 0x7e,
    0xa0, 0x4e, 0x80, 0x2b, 0xb1, 0x63, 0x4c, 0x2,
    0x5e, 0x20,

    /* U+64CD "操" */
    0x0, 0x93, 0xf0, 0x3, 0xff, 0xa3, 0xff, 0xfc,
    0x1, 0xff, 0xc5, 0x66, 0xe0, 0xf, 0xfe, 0x3c,
    0xcf, 0x0, 0x7c, 0xad, 0xa0, 0x4c, 0xa0, 0x1c,
    0xcd, 0xc0, 0x1f, 0x4c, 0x98, 0x6, 0x6c, 0x3,
    0xa6, 0x78, 0x3, 0xeb, 0x75, 0x1, 0x76, 0x0,
    0xbb, 0xbf, 0x80, 0x39, 0xe3, 0x80, 0xa2, 0x7,
    0xfe, 0xee, 0xac, 0xfb, 0xb7, 0xf9, 0x40, 0x3f,
    0xe3, 0x66, 0x0, 0x61, 0x66, 0x18, 0x7, 0xff,
    0x6, 0xe6, 0x42, 0x1, 0x14, 0xca, 0xc0, 0x3f,
    0x14, 0x58, 0x3, 0xc0, 0x3f, 0xf8, 0x65, 0xa0,
    0x2e, 0x80, 0x7, 0xff, 0x8, 0x4, 0x7f, 0xe8,
    0x0, 0xdb, 0xa6, 0x0, 0x36, 0xb, 0x37, 0xa,
    0xa3, 0x37, 0x80, 0x2, 0x4, 0x7, 0x26, 0x53,
    0x3c, 0xf1, 0xf3, 0x3c, 0x60, 0xf, 0xe9, 0x0,
    0xcf, 0x99, 0xc6, 0x13, 0x99, 0xd4, 0x0, 0x31,
    0x0, 0xee, 0x33, 0xe0, 0x1, 0x19, 0xf3, 0x80,
    0x7f, 0x4f, 0xfd, 0x20, 0x18, 0x6f, 0xfe, 0xd0,
    0xf, 0xfe, 0x3, 0xc8, 0x8, 0x18, 0xda, 0x80,
    0x7f, 0xf0, 0x53, 0x20, 0x70, 0x82, 0x5c, 0x2a,
    0x44, 0x3, 0xf9, 0xb6, 0xcc, 0xbc, 0xc0, 0x3,
    0x12, 0xd, 0xd2, 0x0, 0x1f, 0xb0, 0x60, 0xa2,
    0x18, 0xd1, 0x0, 0xe6, 0xd4, 0x0, 0xc2, 0x62,
    0x90, 0x1b, 0x1c, 0xe0, 0x1f, 0x8a, 0xed, 0x20,

    /* U+653E "放" */
    0x0, 0xe1, 0x40, 0xf, 0x8c, 0x80, 0x3f, 0xf8,
    0x3d, 0x64, 0x1, 0xef, 0xd9, 0x0, 0xff, 0xe0,
    0x28, 0x58, 0x7, 0x8c, 0x30, 0x3, 0xff, 0x81,
    0xc0, 0x80, 0x1c, 0x80, 0x4, 0x0, 0xfd, 0x13,
    0x37, 0x12, 0x4c, 0xca, 0x18, 0x2, 0x20, 0xf,
    0xcc, 0xd9, 0x49, 0x9b, 0x60, 0x20, 0xf, 0xff,
    0xc0, 0x9, 0x85, 0x1, 0x88, 0xed, 0x3, 0x0,
    0xff, 0x9d, 0xdc, 0x4, 0xef, 0xc8, 0xc0, 0xc,
    0xee, 0x68, 0x2, 0xf8, 0x3, 0xff, 0x83, 0x40,
    0x6, 0x11, 0x80, 0x8, 0x20, 0x1e, 0x14, 0x4c,
    0x67, 0x0, 0x34, 0x0, 0xa0, 0x40, 0x1f, 0x8a,
    0xef, 0x4f, 0x80, 0x48, 0x0, 0xf0, 0x40, 0xf,
    0x8, 0x0, 0xcc, 0x20, 0x86, 0x12, 0x6, 0x20,
    0x81, 0x80, 0x1f, 0x93, 0x30, 0xc0, 0x8a, 0x8c,
    0x40, 0xe6, 0x40, 0x80, 0x1e, 0x30, 0xf, 0x1d,
    0x50, 0x14, 0x36, 0xc1, 0x44, 0x3, 0xc2, 0x2,
    0x1, 0xe1, 0xa, 0x4, 0x60, 0xe0, 0xf, 0xb4,
    0x8, 0x0, 0x20, 0x20, 0x11, 0x20, 0x8, 0x90,
    0x3, 0xe7, 0xd, 0x0, 0xfe, 0xe0, 0x3, 0x0,
    0x7c, 0x44, 0x7, 0x0, 0x18, 0x78, 0x6, 0x90,
    0x2, 0x88, 0x7, 0xa8, 0x8, 0x80, 0x1, 0x1,
    0x0, 0xac, 0xc0, 0x5, 0x40, 0x1c, 0x2c, 0x14,
    0x1, 0x30, 0x18, 0xd, 0xa0, 0x4c, 0x81, 0x28,
    0x40, 0x2b, 0x10, 0x60, 0x1, 0x10, 0x19, 0x9e,
    0x81, 0xc, 0xc7, 0x5, 0xf4, 0x3, 0x50, 0x91,
    0xbf, 0xd0, 0x15, 0x91, 0xa, 0x70, 0x4, 0x38,
    0xc, 0x81, 0xc2, 0xb0, 0x60, 0x0, 0xa9, 0x8d,
    0x39, 0x40, 0x34, 0x59, 0x78, 0x1, 0xe8, 0x0,
    0xff, 0xed, 0x40, 0xdb, 0x10, 0xf, 0x26, 0x90,
    0x0,

    /* U+6548 "效" */
    0x0, 0xf0, 0x80, 0x7e, 0x20, 0xf, 0xf8, 0xbb,
    0xc4, 0x3, 0xc3, 0xbe, 0x20, 0x1f, 0xc4, 0xa3,
    0x60, 0x1e, 0x50, 0x11, 0x0, 0x7f, 0xa0, 0x1c,
    0x3, 0xd8, 0xa, 0x1, 0xf5, 0x6e, 0xdc, 0x0,
    0xdd, 0xc4, 0x6, 0x18, 0x1, 0xf3, 0x91, 0x60,
    0x22, 0xe1, 0x5, 0x8, 0xff, 0xe9, 0xf, 0xda,
    0x9d, 0xda, 0xe3, 0x74, 0x66, 0x10, 0xf, 0xe2,
    0x27, 0x4a, 0x91, 0xdc, 0x1, 0x5, 0x2, 0xf7,
    0x42, 0x15, 0x0, 0x3, 0x41, 0x70, 0x18, 0xf,
    0x0, 0x38, 0x78, 0x88, 0x4, 0x10, 0x40, 0x1e,
    0x12, 0x1, 0x39, 0x93, 0xb0, 0x81, 0x0, 0x14,
    0x4, 0x40, 0x7, 0x32, 0x70, 0x1, 0xc2, 0x4,
    0x40, 0x1, 0x80, 0x3, 0x5, 0x0, 0x14, 0x4,
    0xc0, 0x84, 0xb8, 0xc3, 0x8, 0x81, 0x0, 0x18,
    0x1a, 0x0, 0x26, 0x67, 0x3e, 0xa, 0x5, 0x3c,
    0x95, 0xa8, 0x30, 0xa0, 0x20, 0x5, 0x32, 0xb2,
    0x27, 0x89, 0x18, 0x3, 0x17, 0x82, 0x98, 0x10,
    0x80, 0x38, 0x7c, 0x44, 0x14, 0x1, 0x8, 0x21,
    0x1c, 0x87, 0x80, 0x7c, 0x50, 0x0, 0xd0, 0xf,
    0x50, 0x8, 0x90, 0x3, 0xe2, 0x80, 0x2, 0xb8,
    0x7, 0x28, 0x1, 0x80, 0x3f, 0x70, 0x9b, 0x84,
    0x18, 0x6, 0xe0, 0x3, 0x90, 0x7, 0xa8, 0xc7,
    0xa0, 0xc3, 0x80, 0x2b, 0x30, 0x20, 0xf1, 0x0,
    0x87, 0x14, 0x28, 0x83, 0x81, 0x0, 0xad, 0x3,
    0x3c, 0xb, 0x48, 0x7, 0xcc, 0x29, 0x0, 0x5,
    0xb2, 0xfa, 0x81, 0x66, 0x56, 0x7, 0xaa, 0x32,
    0x38, 0xa0, 0x18, 0x9a, 0x0, 0xf5, 0x0, 0x9,
    0x60, 0xd, 0x7, 0xf3, 0x0, 0xf3, 0x3c, 0x61,
    0x0, 0x64, 0xd7, 0x80,

    /* U+6570 "数" */
    0x0, 0xff, 0xe6, 0xa8, 0x3, 0x7c, 0xc1, 0x50,
    0x2, 0xca, 0x0, 0xfd, 0x54, 0x50, 0xc, 0x35,
    0x66, 0x8, 0x6e, 0x1, 0xfa, 0x2, 0x0, 0x34,
    0x3, 0x98, 0x18, 0x38, 0x7, 0xe2, 0x40, 0x10,
    0x8, 0x8e, 0x0, 0x1a, 0x1a, 0x1, 0xf3, 0x5b,
    0xb5, 0x10, 0x78, 0x3d, 0xd0, 0x20, 0x64, 0x47,
    0x38, 0x7a, 0x1a, 0x20, 0x0, 0x68, 0x98, 0x44,
    0x8, 0xef, 0xd2, 0x13, 0xdc, 0xc1, 0x0, 0x9b,
    0xb9, 0xee, 0x0, 0x67, 0x70, 0x82, 0xb0, 0x0,
    0x4f, 0x44, 0x0, 0x4d, 0x8a, 0x34, 0x0, 0xb8,
    0x80, 0x2, 0x20, 0x0, 0x7d, 0x17, 0x20, 0xe8,
    0x2a, 0x33, 0x0, 0x1c, 0x4, 0x62, 0x0, 0x5c,
    0x4, 0x40, 0x2, 0x7a, 0xa4, 0x0, 0x86, 0x2,
    0x82, 0x80, 0x50, 0x78, 0xe3, 0x50, 0x40, 0xae,
    0x81, 0xa0, 0xe1, 0x80, 0x60, 0x11, 0xe1, 0x86,
    0xc1, 0x8, 0x0, 0xdd, 0xc6, 0x61, 0x35, 0xc,
    0x0, 0x87, 0x75, 0xc6, 0x17, 0xba, 0xec, 0x88,
    0x2, 0x4, 0x10, 0xa0, 0x4, 0x64, 0x41, 0x0,
    0x9, 0x10, 0x40, 0x35, 0x2, 0x3, 0x0, 0x62,
    0xfb, 0x1, 0xff, 0x90, 0x24, 0x2, 0x24, 0x0,
    0x50, 0x7, 0xa4, 0x1c, 0x0, 0xc8, 0x4a, 0x1,
    0x84, 0x0, 0x60, 0x1c, 0x4c, 0xd, 0xaf, 0x21,
    0xc0, 0x19, 0xd4, 0x1, 0xa0, 0x1c, 0x57, 0x8a,
    0x50, 0xa, 0x60, 0x12, 0x40, 0x30, 0x1c, 0x0,
    0x7c, 0x20, 0x12, 0xd0, 0x1, 0xec, 0x1e, 0x64,
    0xf, 0x0, 0x1, 0x6b, 0xc4, 0x2c, 0xa1, 0x32,
    0xc8, 0x6, 0x80, 0x66, 0x3, 0xe0, 0xc4, 0xa0,
    0xc6, 0x9a, 0xfc, 0xc8, 0xc2, 0x64, 0x1, 0x4c,
    0x0, 0x84, 0x36, 0x73, 0x80, 0x42, 0x12, 0x9a,
    0xc0, 0x1c, 0xf7, 0xe2,

    /* U+6574 "整" */
    0x0, 0xff, 0xe8, 0xf, 0xe8, 0x7, 0x8b, 0xa8,
    0x3, 0xe7, 0xaa, 0xc0, 0x55, 0x58, 0x82, 0x84,
    0x40, 0x1f, 0x6a, 0xac, 0x80, 0x5, 0x5c, 0xc0,
    0xc0, 0x7, 0x7e, 0x40, 0xae, 0xeb, 0x0, 0x7b,
    0xb2, 0x38, 0x82, 0x44, 0x76, 0x80, 0x3b, 0xac,
    0x1, 0xee, 0xa9, 0x20, 0xf, 0x31, 0x60, 0xb,
    0xb0, 0x4, 0x77, 0x40, 0x37, 0x40, 0xd6, 0x0,
    0x30, 0x33, 0x2, 0xa1, 0x0, 0x67, 0x10, 0x3,
    0x88, 0xb, 0x96, 0x7, 0x14, 0x84, 0x80, 0x71,
    0xe5, 0x80, 0xe5, 0x83, 0xc6, 0x1b, 0x96, 0x8a,
    0x98, 0x6, 0xdd, 0x40, 0x0, 0x4d, 0xb2, 0x40,
    0x42, 0x40, 0x28, 0x0, 0xe2, 0x48, 0x0, 0xcd,
    0xe0, 0x11, 0xe0, 0x5, 0xe6, 0x1, 0x1e, 0x48,
    0xd8, 0x1e, 0x49, 0xa2, 0xde, 0x11, 0xe1, 0x96,
    0x5a, 0x4, 0x1a, 0x7a, 0x80, 0x4d, 0xad, 0xc8,
    0x11, 0x87, 0x8e, 0x8, 0x61, 0x53, 0x40, 0xa,
    0x81, 0x11, 0x8c, 0xbe, 0xb0, 0x8d, 0x38, 0xee,
    0x1, 0x3e, 0xea, 0xa9, 0xdd, 0xb5, 0xf7, 0xbb,
    0xb2, 0xc0, 0x21, 0x44, 0xf8, 0xc0, 0x6, 0x89,
    0xf0, 0x80, 0x49, 0x74, 0x44, 0xbb, 0xbc, 0x1,
    0x97, 0x7f, 0x10, 0x7, 0x99, 0x80, 0x1e, 0xff,
    0xf4, 0x0, 0x7f, 0xf1, 0xd, 0x13, 0xb8, 0x3,
    0xff, 0x89, 0x97, 0x7c, 0xc0, 0x1a, 0xf3, 0x20,
    0x6, 0x65, 0xc0, 0xd, 0xcc, 0xfd, 0x20, 0xa6,
    0x62, 0x0, 0x19, 0xc4, 0x0, 0x23, 0x3f, 0xc4,
    0x1d, 0xff, 0xff, 0xc8, 0xb0,

    /* U+6587 "文" */
    0x0, 0xff, 0xe0, 0x10, 0x7, 0xff, 0x26, 0x3f,
    0x0, 0x3f, 0xf9, 0x38, 0x2, 0xe0, 0x1f, 0xfc,
    0x84, 0x20, 0x90, 0xf, 0xfe, 0x4d, 0xb, 0x88,
    0x7, 0xfa, 0xbf, 0xff, 0xa0, 0x5b, 0xbf, 0xfe,
    0xe0, 0xf, 0xfe, 0x75, 0xee, 0xc6, 0xb, 0xbb,
    0xf9, 0x80, 0x19, 0xba, 0xc0, 0x0, 0x91, 0x50,
    0xa, 0x64, 0x5f, 0x38, 0x29, 0x91, 0x40, 0x1e,
    0x43, 0x8, 0x0, 0xf3, 0x8, 0x48, 0x7, 0xfd,
    0x20, 0xc4, 0x1, 0xd6, 0x6, 0x60, 0xf, 0xf9,
    0x48, 0x24, 0x3, 0x39, 0x7, 0x80, 0x7f, 0xf0,
    0x78, 0x12, 0x0, 0x7, 0x0, 0xc6, 0x1, 0xff,
    0xc1, 0x38, 0x7, 0x51, 0xd0, 0x29, 0x0, 0xff,
    0xe1, 0xba, 0x5, 0x68, 0x87, 0x80, 0x7f, 0xf1,
    0x68, 0x40, 0xc2, 0x88, 0x3, 0xff, 0x8a, 0x46,
    0x1, 0x68, 0x7, 0xff, 0x10, 0x67, 0x8, 0x4,
    0x1f, 0x4c, 0x3, 0xff, 0x82, 0xbe, 0xc0, 0x59,
    0xea, 0x5, 0x92, 0x20, 0x1f, 0x85, 0xf6, 0x84,
    0x1f, 0x4c, 0x6a, 0x82, 0xd, 0xd6, 0xa0, 0x19,
    0xaf, 0xa0, 0x80, 0xf2, 0x0, 0x32, 0xfa, 0x80,
    0x12, 0xbe, 0x40, 0x2, 0x80, 0x6, 0xcc, 0x18,
    0x7, 0x86, 0xba, 0x8, 0x3, 0x9d, 0x67, 0xe4,
    0xc0, 0x3f, 0xc2, 0xfb, 0x8d, 0x20,

    /* U+65F6 "时" */
    0x0, 0xff, 0xe2, 0xdd, 0x90, 0x3, 0xff, 0x90,
    0xa8, 0x20, 0x10, 0xff, 0xfd, 0xa0, 0x1f, 0xfc,
    0xa3, 0x0, 0xff, 0xe2, 0xff, 0xd8, 0x1, 0x22,
    0x7c, 0x21, 0xa8, 0x80, 0xf, 0xf1, 0x5d, 0xfc,
    0x0, 0x7b, 0xb0, 0x7, 0xfc, 0x23, 0xf0, 0x4,
    0x22, 0x0, 0xff, 0x17, 0x77, 0xc2, 0x15, 0xdc,
    0x0, 0xc6, 0x72, 0x80, 0x61, 0x10, 0x7, 0xff,
    0x7, 0x32, 0x90, 0x9, 0x3f, 0x40, 0x3f, 0xf8,
    0x28, 0x91, 0x80, 0x4a, 0x7, 0x0, 0x1f, 0xfc,
    0xb, 0xbb, 0xc0, 0x21, 0xb0, 0x74, 0x0, 0xff,
    0xe3, 0xaa, 0x82, 0x40, 0x3f, 0xf9, 0x16, 0x25,
    0x0, 0x1f, 0xfc, 0x71, 0xb7, 0x80, 0xf, 0xf5,
    0xdd, 0xe0, 0x1e, 0x58, 0x0, 0xff, 0x91, 0x23,
    0x0, 0xff, 0xe3, 0xdd, 0xf6, 0x80, 0x7f, 0xf1,
    0x51, 0x38, 0xc0, 0x3f, 0xf8, 0x43, 0x32, 0x0,
    0xfe, 0x13, 0x39, 0x4, 0x3, 0xcc, 0xc0, 0xf,
    0xe5, 0xcc, 0xac, 0x0, 0xe0, 0x1f, 0xfc, 0x34,
    0x10, 0x0, 0xa5, 0x90, 0x7, 0xff, 0x13, 0xbf,
    0xdd, 0x68, 0x1, 0x80,

    /* U+6620 "映" */
    0x0, 0xff, 0xe1, 0x66, 0x0, 0x3f, 0x22, 0x78,
    0x3, 0xe3, 0x30, 0x7, 0xc3, 0x77, 0xe3, 0x0,
    0xff, 0xe3, 0x22, 0x0, 0x31, 0x19, 0xe0, 0x2,
    0x19, 0xe0, 0xc, 0x37, 0x63, 0x0, 0xa7, 0x33,
    0x0, 0x2f, 0x32, 0xd0, 0xf, 0xfe, 0x9, 0x19,
    0x80, 0x6, 0x62, 0x0, 0xff, 0xe1, 0xce, 0x60,
    0x1, 0x98, 0xf0, 0xf, 0xfe, 0x88, 0xd5, 0x8,
    0x3, 0xff, 0x90, 0xaa, 0x10, 0xf, 0xfe, 0x38,
    0xee, 0x88, 0x3, 0xff, 0x90, 0x44, 0x10, 0x6d,
    0x40, 0xad, 0xd0, 0x3, 0x75, 0xe0, 0x3a, 0x40,
    0x1f, 0x88, 0x0, 0x24, 0x40, 0x1, 0x14, 0x0,
    0x21, 0x0, 0xf9, 0xb7, 0x79, 0x40, 0x3, 0x9b,
    0xb8, 0xc0, 0x3f, 0x11, 0x72, 0x0, 0x4, 0x8,
    0xb0, 0x4, 0x3b, 0xa3, 0x0, 0xf3, 0x8, 0x30,
    0x48, 0x7, 0xe2, 0x20, 0x7, 0x8a, 0x41, 0xe0,
    0x15, 0x0, 0x3c, 0x3b, 0xb8, 0xc0, 0x5, 0xe0,
    0x50, 0x2e, 0x12, 0x20, 0x1e, 0x22, 0xc0, 0x4,
    0xd2, 0x1f, 0x0, 0x41, 0x13, 0x4, 0x0, 0x35,
    0x60, 0x19, 0x32, 0xc0, 0xb0, 0x80, 0x2e, 0x2,
    0xf5, 0x0, 0x2a, 0x80, 0x21, 0xa3, 0x6, 0xd2,
    0x0, 0xc7, 0x82, 0x2b, 0x10, 0xf, 0xe, 0xb7,
    0x48, 0x7, 0xc7, 0xe9, 0xa2,

    /* U+662F "是" */
    0x0, 0xff, 0xe7, 0x77, 0xff, 0xff, 0xc, 0x3,
    0xf9, 0x19, 0xbf, 0xca, 0x1, 0xff, 0x44, 0xcf,
    0xfa, 0x0, 0x3f, 0xec, 0xff, 0xff, 0x68, 0x7,
    0xfc, 0xac, 0xdf, 0xe5, 0x0, 0xff, 0xa6, 0x7f,
    0xe8, 0x0, 0xff, 0xb3, 0xff, 0xfd, 0xa0, 0x1f,
    0xc8, 0x9f, 0xfc, 0x40, 0xf, 0xaa, 0xef, 0xff,
    0x86, 0x1, 0x8f, 0xbb, 0xff, 0x91, 0x60, 0xe2,
    0x3f, 0xfc, 0x80, 0x2, 0x7f, 0xdb, 0x9d, 0xff,
    0x18, 0x47, 0xff, 0xeb, 0x0, 0xeb, 0xcb, 0x0,
    0xe1, 0x0, 0xff, 0xe1, 0x20, 0x78, 0x7, 0x5e,
    0x67, 0xac, 0x3, 0xc4, 0x40, 0xf, 0x88, 0xcf,
    0xc8, 0x1, 0xeb, 0x0, 0x48, 0x7, 0x3e, 0xef,
    0xc0, 0x1c, 0x2c, 0x0, 0x38, 0x0, 0xdc, 0x45,
    0xf0, 0x7, 0x58, 0x15, 0x83, 0xc8, 0x7, 0xff,
    0xd, 0x94, 0x25, 0x24, 0x1b, 0xcc, 0x38, 0x84,
    0x7f, 0x3, 0xc8, 0x32, 0x3, 0x59, 0x0, 0x4f,
    0xbd, 0xdf, 0x78, 0x18, 0x2c, 0x80, 0x49, 0xb6,
    0xe6, 0x22, 0x0, 0xf9, 0xc1, 0x32, 0x80, 0x3c,
    0x91, 0x9d, 0xcf, 0xff, 0xa4, 0x0,

    /* U+66F4 "更" */
    0x2f, 0xff, 0xfe, 0x44, 0x80, 0x7f, 0xf3, 0xb,
    0xff, 0xf8, 0xc1, 0xbf, 0xff, 0x48, 0x7, 0xff,
    0x3f, 0xff, 0xe3, 0x6, 0xff, 0xf8, 0x40, 0x3e,
    0x33, 0xe0, 0x0, 0x99, 0xf0, 0x7, 0xfb, 0x33,
    0x8c, 0x1b, 0x33, 0x68, 0x7, 0xf8, 0x84, 0x70,
    0x0, 0x47, 0x88, 0x3, 0xfd, 0xbd, 0xd8, 0xc1,
    0xbb, 0xb6, 0x0, 0x7f, 0x95, 0x9b, 0x8, 0x13,
    0x36, 0x50, 0xf, 0xf5, 0x4c, 0xe2, 0x5, 0x99,
    0xd6, 0x1, 0xfe, 0xcc, 0xe3, 0x6, 0xcc, 0xda,
    0x1, 0xfe, 0x33, 0xe0, 0x0, 0x99, 0xf0, 0x7,
    0xee, 0x85, 0xff, 0xa8, 0x1, 0xbf, 0xff, 0x8,
    0x7, 0x1c, 0x2c, 0x0, 0x38, 0xc, 0x80, 0x3f,
    0xf8, 0x25, 0x0, 0xf0, 0xc8, 0x14, 0x1, 0xff,
    0xc3, 0x76, 0x7, 0x90, 0x46, 0x0, 0xff, 0xe2,
    0x68, 0x80, 0x4e, 0xa0, 0x1f, 0xfc, 0x12, 0x7d,
    0xb1, 0x0, 0x8e, 0xbf, 0x29, 0xd5, 0xc, 0x8a,
    0x4, 0xfd, 0x82, 0x3, 0xbf, 0xb5, 0x0, 0x1a,
    0xc5, 0x5e, 0x6e, 0xc4, 0x88, 0x2, 0x7c, 0xc2,
    0x2, 0x57, 0xed, 0x3a, 0x98, 0x80, 0x48, 0x41,
    0x5d, 0xb0, 0x60, 0x1e, 0x25, 0x8a, 0xce, 0xff,
    0xac, 0x0,

    /* U+6700 "最" */
    0x0, 0x9d, 0xff, 0xf8, 0x68, 0x1, 0xe9, 0x88,
    0xff, 0xe1, 0x70, 0x7, 0xec, 0xff, 0xff, 0x30,
    0x7, 0xfa, 0x9d, 0xff, 0xca, 0x1, 0xfe, 0x68,
    0x8f, 0xf1, 0x80, 0x7f, 0xb7, 0xff, 0xfc, 0xc0,
    0x1f, 0xe8, 0x8f, 0xf9, 0x0, 0x3f, 0xca, 0xef,
    0xfe, 0x20, 0xf, 0xdd, 0xff, 0xff, 0xc2, 0xa0,
    0xb, 0xbf, 0xff, 0xf9, 0x10, 0xa8, 0x20, 0x48,
    0x90, 0x0, 0xd1, 0x3f, 0xdd, 0x76, 0x50, 0x9b,
    0xb8, 0x43, 0xee, 0xff, 0x55, 0xb0, 0x6, 0xbf,
    0xf8, 0x40, 0x1d, 0xff, 0xf7, 0x58, 0x7, 0x1a,
    0xac, 0x1, 0x20, 0x82, 0x26, 0x10, 0x30, 0xe,
    0x8a, 0xa8, 0x40, 0x14, 0x41, 0xf7, 0x6a, 0x10,
    0x90, 0xe, 0xbf, 0xf8, 0x40, 0x28, 0x9, 0x0,
    0x58, 0x30, 0x80, 0x71, 0xaa, 0xc0, 0x19, 0x10,
    0x56, 0xea, 0x52, 0x1, 0xe8, 0xaa, 0x84, 0x10,
    0x82, 0x85, 0x20, 0x38, 0x2, 0x46, 0x60, 0x46,
    0x77, 0x88, 0x42, 0x80, 0x14, 0x0, 0x2e, 0x1,
    0x54, 0x90, 0x19, 0x84, 0x40, 0x6, 0x37, 0xf4,
    0x12, 0x1b, 0xc5, 0x16, 0x64, 0x56, 0x77, 0xf0,
    0x86, 0xd4, 0xa, 0xfe, 0xc0, 0x1d, 0x5c, 0x4b,
    0xa9, 0x88, 0x6, 0x7b, 0x5d, 0xa1, 0x7, 0xe8,
    0x4a,

    /* U+6709 "有" */
    0x0, 0xff, 0xe9, 0x6e, 0x98, 0x3, 0xff, 0x8c,
    0x64, 0x50, 0x7, 0xff, 0x0, 0x8b, 0xd4, 0x0,
    0x62, 0x2f, 0xf0, 0x9e, 0xef, 0x98, 0x1, 0xbb,
    0xff, 0x50, 0x7, 0xff, 0x28, 0xff, 0xf8, 0x81,
    0xbf, 0xff, 0xf8, 0x16, 0x1, 0xd2, 0x41, 0x0,
    0x1f, 0xfc, 0x53, 0x60, 0x6, 0x6e, 0xff, 0x80,
    0x3e, 0xe0, 0x8, 0x8b, 0xfe, 0x0, 0xf5, 0x90,
    0x2, 0x3b, 0xbf, 0x58, 0x7, 0xd4, 0x80, 0x10,
    0x8f, 0xf3, 0x80, 0x70, 0xe2, 0x84, 0x18, 0x46,
    0x67, 0xee, 0x0, 0xe8, 0x30, 0x87, 0x0, 0x9,
    0x9f, 0xe2, 0x0, 0xe9, 0x4b, 0x70, 0xa, 0x7f,
    0xff, 0x60, 0x7, 0xad, 0x0, 0x3f, 0xf9, 0xd1,
    0xbb, 0xfb, 0x80, 0x3f, 0xf8, 0x2, 0x45, 0xfc,
    0x1, 0xff, 0xc0, 0x9f, 0xff, 0xd8, 0x1, 0xff,
    0xdc, 0x22, 0xb, 0x0, 0x80, 0x7f, 0xf1, 0x27,
    0x7a, 0x80, 0x80, 0x3f, 0xf8, 0x9a, 0x0, 0x15,
    0xe0, 0x8,

    /* U+673A "机" */
    0x0, 0xff, 0xe8, 0x17, 0xf8, 0x3, 0xff, 0xa0,
    0x9f, 0xff, 0x70, 0x7, 0xff, 0x74, 0x77, 0x69,
    0x0, 0xf8, 0x46, 0x60, 0x0, 0x8c, 0x1, 0x88,
    0xb0, 0x7, 0xdf, 0xdc, 0xb0, 0x7, 0x74, 0x80,
    0x1f, 0xfd, 0xae, 0xff, 0x30, 0x3, 0xfe, 0x40,
    0xf, 0xfe, 0x2b, 0x80, 0x7f, 0xf2, 0x8c, 0x40,
    0x10, 0x1, 0xff, 0xc7, 0xa0, 0x9, 0xd8, 0x0,
    0x20, 0x60, 0x1f, 0xfc, 0x16, 0x10, 0x0, 0xca,
    0x0, 0x42, 0x1, 0xff, 0xc0, 0x70, 0x60, 0x5,
    0x5, 0x91, 0x1, 0xc0, 0x3f, 0xe1, 0x81, 0xb0,
    0x2, 0x28, 0x3, 0x80, 0xc0, 0x3f, 0xe8, 0x6,
    0x10, 0xa, 0xe4, 0x88, 0x1c, 0x1, 0xfe, 0x46,
    0x9, 0x0, 0xc2, 0xc0, 0x80, 0xa0, 0x1f, 0x10,
    0x1, 0x41, 0xc4, 0x3, 0xca, 0x2, 0x60, 0x1f,
    0x27, 0x10, 0xc4, 0x0, 0x3e, 0xe0, 0x60, 0xf,
    0xc2, 0x30, 0x38, 0x7, 0xc4, 0x81, 0x40, 0x1f,
    0xe1, 0x0, 0xfe, 0xe0, 0x42, 0x0, 0xce, 0x2,
    0x2d, 0x3, 0x0, 0xfd, 0x6, 0x12, 0x1, 0xc2,
    0x0, 0xe5, 0x11, 0x0, 0x7e, 0x94, 0xb2, 0x0,
    0xe2, 0x70, 0x1, 0x40, 0x0,

    /* U+6790 "析" */
    0x0, 0xff, 0xe7, 0xaf, 0xe0, 0x7, 0xf8, 0x5a,
    0x0, 0x3f, 0xf8, 0xa6, 0xf7, 0xd2, 0xf6, 0x1,
    0xff, 0xc1, 0x7c, 0xfc, 0x84, 0x2, 0x78, 0x0,
    0xff, 0xe0, 0xd1, 0x81, 0x34, 0xee, 0xa0, 0xc0,
    0x30, 0x88, 0xc0, 0x2, 0x30, 0x5, 0x7b, 0x2c,
    0x40, 0x1e, 0xce, 0xe4, 0x81, 0xf7, 0x46, 0x1,
    0xff, 0xd8, 0xcf, 0xf1, 0x81, 0xff, 0xc6, 0x0,
    0x10, 0xf, 0xfe, 0x0, 0x98, 0x19, 0x0, 0x75,
    0x7f, 0xfe, 0x90, 0x9, 0x0, 0x2f, 0x0, 0xff,
    0xe3, 0x70, 0x4, 0x52, 0x1, 0xaf, 0xfe, 0x10,
    0xaf, 0xf4, 0x80, 0x9, 0x0, 0x6, 0x4c, 0xa0,
    0x13, 0x80, 0x70, 0x80, 0x75, 0x83, 0x0, 0x24,
    0x20, 0xc, 0x3, 0xff, 0x80, 0x4c, 0x58, 0x0,
    0x44, 0x70, 0x8, 0x10, 0x7, 0xfa, 0x42, 0x80,
    0x35, 0x98, 0x80, 0x4, 0x3, 0xf9, 0x10, 0x2e,
    0x1, 0xe2, 0x1, 0x0, 0xff, 0x20, 0xc8, 0x7,
    0xc8, 0xa, 0x1, 0xff, 0x53, 0x80, 0x7d, 0x81,
    0x80, 0x1f, 0xf2, 0x0, 0x7e, 0x40, 0x40, 0xf,
    0xfe, 0x3b, 0x81, 0x18, 0x7, 0xff, 0x1e, 0x42,
    0xc0, 0x3f, 0xf9, 0x18, 0xac, 0x1, 0xff, 0x0,

    /* U+679C "果" */
    0x0, 0xbb, 0xff, 0xff, 0x87, 0x0, 0x1f, 0x84,
    0x78, 0x0, 0x23, 0xc0, 0x1f, 0xf5, 0xf7, 0x61,
    0x8, 0xee, 0xc4, 0x1, 0xfe, 0x30, 0xf, 0x8,
    0x7, 0xff, 0xe, 0x7f, 0xf0, 0x84, 0x7f, 0xe2,
    0x0, 0xff, 0x12, 0x26, 0x0, 0x12, 0x26, 0x0,
    0xff, 0xa2, 0xef, 0x8, 0x5d, 0xf1, 0x0, 0x7f,
    0x8c, 0x3, 0xc2, 0x1, 0xff, 0xc3, 0x9f, 0xfc,
    0x21, 0x1f, 0xf8, 0x80, 0x3f, 0x11, 0x7c, 0x0,
    0x12, 0x2f, 0x78, 0x7, 0xb3, 0x77, 0xc2, 0x11,
    0xbb, 0xe7, 0x0, 0x8f, 0x33, 0xf8, 0x42, 0xf3,
    0x3f, 0x48, 0x39, 0x9f, 0xf0, 0x0, 0x8c, 0xff,
    0x10, 0x2d, 0xdf, 0xa8, 0x3, 0xc9, 0x77, 0xe8,
    0x1, 0x44, 0xe6, 0xb0, 0x20, 0x2, 0x2, 0x6a,
    0x27, 0x18, 0x7, 0x9b, 0x44, 0xb0, 0x43, 0x6c,
    0x1b, 0x4c, 0x3, 0xf1, 0xdc, 0x81, 0xe0, 0x80,
    0x49, 0x82, 0x59, 0x22, 0x1, 0x8e, 0xb1, 0x1,
    0xf0, 0x40, 0x38, 0xfd, 0x1, 0xba, 0x4c, 0x27,
    0x14, 0xf, 0x20, 0x3, 0xf0, 0xdd, 0x8, 0x36,
    0x14, 0x91, 0x2b, 0xc, 0x3, 0xfe, 0x5e, 0x81,
    0xa2, 0xc, 0xd5, 0x0, 0xff, 0xe1, 0xbf, 0x28,
    0x0,

    /* U+6807 "标" */
    0x0, 0xff, 0xe8, 0x27, 0xf0, 0x7, 0xff, 0x40,
    0x8c, 0xff, 0x88, 0x3, 0xff, 0x83, 0x39, 0x9f,
    0xd0, 0x1, 0xff, 0xc1, 0x22, 0xff, 0x80, 0x21,
    0x22, 0x80, 0x4, 0x41, 0x9, 0xdd, 0xfe, 0x80,
    0xb, 0x76, 0x90, 0x1d, 0xd6, 0x0, 0x7f, 0xf0,
    0xd1, 0x20, 0x9, 0x12, 0x0, 0xff, 0xe1, 0xc5,
    0xd8, 0x2, 0x9b, 0x9c, 0xff, 0xff, 0xb8, 0x3,
    0x28, 0x5, 0x82, 0x1, 0xff, 0xc1, 0x10, 0xd,
    0xc0, 0x10, 0xd0, 0x6e, 0xf0, 0x84, 0x6e, 0xf0,
    0x4, 0x28, 0x0, 0x15, 0x48, 0x12, 0x2c, 0x0,
    0x22, 0xf0, 0x4, 0xc0, 0x80, 0xb, 0x5, 0x1,
    0x10, 0x7, 0x84, 0x80, 0x3a, 0x43, 0x80, 0x3,
    0x12, 0x17, 0xcc, 0x1, 0x8f, 0xbc, 0x3, 0x40,
    0xa8, 0x80, 0x4e, 0x80, 0xa0, 0x80, 0x18, 0xc4,
    0x8c, 0x0, 0x4e, 0x12, 0x1, 0xe4, 0x2, 0x20,
    0x7, 0x30, 0x48, 0x0, 0x88, 0x66, 0x0, 0xf7,
    0x2, 0x80, 0x7a, 0x81, 0x44, 0x1, 0x1c, 0x1,
    0xe1, 0x50, 0xa0, 0xf, 0x11, 0x1, 0x0, 0xa,
    0x40, 0x1e, 0x80, 0x42, 0x0, 0xf9, 0x43, 0xc0,
    0x3f, 0x85, 0x82, 0x0, 0x3f, 0x60, 0x20, 0x7,
    0xf0, 0xe3, 0x99, 0xc8, 0x20, 0x19, 0xe, 0x0,
    0x3f, 0xc7, 0x1, 0x59, 0x60, 0x6, 0x0, 0xb1,
    0x80, 0x3f, 0xf8, 0x3a, 0x0, 0x39, 0x30, 0xf,
    0xf2, 0x7f, 0x0, 0x72, 0x7f, 0xb1, 0x80, 0x3e,

    /* U+6B21 "次" */
    0x0, 0xff, 0xea, 0x2f, 0xe8, 0x80, 0x7f, 0xc6,
    0x20, 0x1e, 0xc0, 0x31, 0x0, 0xff, 0x16, 0xf3,
    0x80, 0x73, 0x82, 0x0, 0x7f, 0xf0, 0x8, 0x23,
    0x4c, 0x0, 0x42, 0x6, 0x7f, 0x90, 0x40, 0x5,
    0x90, 0x5, 0x86, 0xa, 0x0, 0x6c, 0xcf, 0xaf,
    0x90, 0x2, 0x7d, 0x22, 0x18, 0x58, 0x7, 0xff,
    0x14, 0xb3, 0xc0, 0xcc, 0x13, 0xff, 0xf4, 0x80,
    0xa0, 0x7, 0x9, 0x4, 0x0, 0xb0, 0x37, 0xf0,
    0x5, 0xa0, 0x80, 0x1f, 0x91, 0x0, 0xc0, 0x1,
    0x0, 0xc2, 0x81, 0xc0, 0x1f, 0xa4, 0x6, 0x0,
    0x1e, 0x1, 0x98, 0x9, 0x0, 0x3f, 0x62, 0xd8,
    0x4, 0x20, 0x20, 0x2, 0x1b, 0x0, 0xfa, 0x30,
    0x29, 0x40, 0x22, 0x0, 0x28, 0x2f, 0x30, 0x7,
    0x89, 0xce, 0x40, 0x39, 0x40, 0x1e, 0x1, 0xfe,
    0x90, 0x19, 0x0, 0xc8, 0x20, 0x5, 0x10, 0xf,
    0xca, 0x81, 0x2, 0x1, 0xbc, 0x4, 0xc2, 0x40,
    0x3e, 0x1b, 0x3, 0x60, 0xc, 0xa8, 0x13, 0x20,
    0x71, 0x0, 0xf5, 0x8, 0x78, 0x6, 0x2b, 0x1,
    0x65, 0x20, 0xd0, 0xe, 0x74, 0x7, 0x30, 0x8,
    0xbc, 0x42, 0x84, 0x38, 0xe, 0xc0, 0x31, 0x1,
    0x40, 0x4, 0x98, 0x41, 0x8, 0x0, 0x37, 0x4,
    0xc3, 0x0, 0x2e, 0xf0, 0x0, 0x66, 0xc4, 0x25,
    0xc0, 0x34, 0x38, 0x1e, 0x50, 0x0, 0x8c, 0x1,
    0x6c, 0x3, 0x6c, 0x1, 0xe8, 0x90, 0x1, 0x80,
    0x7a, 0x91, 0xf9, 0x0, 0x3f, 0x37, 0x3c, 0x80,
    0x7d, 0x70, 0x1, 0xff, 0xc, 0x0, 0x0,

    /* U+6B63 "正" */
    0x2, 0x44, 0xff, 0xe3, 0x80, 0x26, 0xef, 0xff,
    0x8e, 0x20, 0x23, 0xfc, 0x1, 0x8, 0xfe, 0x0,
    0x57, 0x77, 0xe8, 0x2, 0xee, 0xfc, 0x20, 0x1f,
    0xfe, 0x31, 0x22, 0x0, 0x7f, 0xf1, 0xdb, 0x78,
    0x3, 0xff, 0xa0, 0x67, 0xf8, 0x3, 0xff, 0x84,
    0x39, 0x9f, 0x0, 0x7f, 0xf2, 0x44, 0x3, 0xff,
    0x84, 0x5f, 0xfe, 0xe0, 0xf, 0xff, 0xf8, 0x7,
    0xff, 0x64, 0x4c, 0xdc, 0x2, 0x67, 0xb8, 0xc,
    0xff, 0x8a, 0x73, 0xc, 0x5, 0x99, 0x98, 0x7,
    0x33, 0xf8, 0x3, 0xff, 0x94,

    /* U+6B65 "步" */
    0x0, 0xff, 0x8, 0x80, 0x3f, 0xf9, 0x1f, 0xce,
    0x1, 0xff, 0xc0, 0x16, 0x60, 0x7, 0xff, 0x1d,
    0x66, 0x40, 0x1e, 0x8f, 0xff, 0x38, 0x7, 0xff,
    0x27, 0xc0, 0x3f, 0xf8, 0x4d, 0xbb, 0xe9, 0x0,
    0xff, 0xe1, 0x71, 0x17, 0x84, 0x3, 0x84, 0x3,
    0xf7, 0x80, 0x7f, 0x5f, 0xfa, 0x80, 0x1f, 0xf8,
    0x41, 0xff, 0xff, 0x20, 0x7, 0xff, 0x2a, 0xff,
    0xf7, 0x7f, 0xd8, 0x0, 0xbf, 0xff, 0xc8, 0x1,
    0xdb, 0x8a, 0x2, 0x1, 0xf3, 0xb8, 0x40, 0x3d,
    0x26, 0x66, 0x0, 0xfc, 0x71, 0xb, 0x0, 0xe6,
    0x60, 0x49, 0x80, 0x7e, 0xd0, 0x1b, 0x0, 0xd1,
    0x20, 0xac, 0x1, 0xfa, 0x84, 0x2c, 0x40, 0x2b,
    0x70, 0x5a, 0x0, 0xf8, 0x71, 0x41, 0xd4, 0x3,
    0x60, 0x35, 0x0, 0x7c, 0x7e, 0x60, 0xd0, 0x1,
    0xcf, 0x72, 0x1, 0xc5, 0x3, 0x2, 0x11, 0x20,
    0x1f, 0x20, 0x7, 0x1c, 0xc0, 0x81, 0x63, 0x80,
    0x7f, 0x85, 0x23, 0xb1, 0x80, 0x63, 0x4c, 0x3,
    0xe4, 0x8a, 0xde, 0xb7, 0x10, 0x39, 0xe7, 0x0,
    0xfe, 0xc7, 0x52, 0x0, 0x24, 0x6e, 0x30, 0x7,
    0xfd, 0x8, 0xd3, 0x9f, 0x6e, 0x40, 0x1f, 0xfc,
    0x10,

    /* U+6B7B "死" */
    0x4e, 0xef, 0xfe, 0x46, 0x0, 0x4, 0x7f, 0xf9,
    0x20, 0xb9, 0x95, 0x80, 0x23, 0x33, 0x80, 0x13,
    0x99, 0xde, 0x2, 0x67, 0x8, 0x1, 0xcc, 0xf8,
    0x0, 0xa6, 0x7c, 0x40, 0x1d, 0xc0, 0xa0, 0x1f,
    0xfc, 0x73, 0x40, 0xc1, 0x18, 0x80, 0x3f, 0x18,
    0x7, 0xa4, 0x1, 0x3d, 0xd6, 0xd8, 0x7, 0x97,
    0x28, 0x3, 0x22, 0x80, 0x7c, 0x20, 0x1c, 0xf4,
    0x8, 0x40, 0x14, 0x82, 0x7f, 0xe2, 0xc, 0x0,
    0x9a, 0xe0, 0x13, 0xc8, 0x1, 0x44, 0x14, 0x1,
    0x11, 0x1, 0x0, 0x2a, 0x40, 0x8b, 0x10, 0x4,
    0x28, 0x4d, 0xa0, 0x1, 0x40, 0xc8, 0x3, 0x26,
    0xb8, 0x6, 0xa2, 0x80, 0x5b, 0x70, 0x90, 0xb0,
    0xd, 0x16, 0x40, 0x1c, 0x58, 0xec, 0xa1, 0x18,
    0x22, 0x70, 0xc, 0x80, 0x1f, 0x84, 0x1, 0x4e,
    0x6, 0xc, 0x1, 0xff, 0xc6, 0x82, 0x2, 0x80,
    0xf, 0xf1, 0x0, 0x7d, 0x84, 0x1c, 0x1, 0xff,
    0x7e, 0x8, 0x4, 0x38, 0x61, 0x26, 0x1, 0xe7,
    0x0, 0xc4, 0x60, 0x13, 0x79, 0x84, 0x30, 0x7,
    0x8, 0x10, 0x4, 0x60, 0x1, 0x3d, 0x91, 0x15,
    0x38, 0x7, 0x88, 0x27, 0xfe, 0xc0, 0x50, 0x13,
    0x6, 0xf5, 0x0, 0xfb, 0xc8, 0x3, 0x8e, 0x0,
    0xb7, 0x24, 0x40, 0x3f, 0x1e, 0xff, 0x75, 0xf8,
    0x40,

    /* U+6BCF "每" */
    0x0, 0xf1, 0x88, 0x7, 0xff, 0x20, 0x73, 0x98,
    0x3, 0xff, 0x8f, 0x20, 0x7, 0x0, 0xff, 0xe3,
    0xb, 0x80, 0x3b, 0xff, 0xff, 0x82, 0x20, 0x1a,
    0x80, 0x3f, 0xf9, 0x2c, 0x81, 0x5f, 0xff, 0xfc,
    0x31, 0x0, 0x1c, 0x83, 0x28, 0x7, 0xff, 0x14,
    0xf4, 0x8, 0x9b, 0xbf, 0xfc, 0x1a, 0x0, 0xd0,
    0x22, 0xf6, 0x22, 0xff, 0xe0, 0x88, 0x6, 0xb8,
    0xd2, 0x20, 0x57, 0xe9, 0x26, 0xff, 0xe7, 0x1,
    0x0, 0xe7, 0x30, 0x9, 0xc0, 0x41, 0x35, 0x40,
    0x3f, 0xf8, 0x24, 0x0, 0x20, 0x3d, 0x70, 0xa6,
    0x0, 0x8, 0x18, 0x6, 0x44, 0x94, 0x0, 0x67,
    0xad, 0xc0, 0xcf, 0x1, 0x22, 0x41, 0x77, 0x40,
    0x3, 0x33, 0x9c, 0x2b, 0x30, 0xa0, 0x97, 0x70,
    0x22, 0x42, 0x4, 0xaa, 0x30, 0x45, 0x5e, 0x10,
    0x24, 0x48, 0x2e, 0xe5, 0x5, 0xaa, 0x38, 0x37,
    0x55, 0x65, 0xa, 0xbb, 0x80, 0x32, 0x86, 0x80,
    0x2e, 0xa, 0xe4, 0x2, 0x70, 0x10, 0xf, 0x84,
    0x4, 0x2, 0x7c, 0x27, 0x20, 0x1, 0x1, 0x80,
    0x78, 0xc0, 0x17, 0xff, 0xb0, 0x87, 0x7f, 0xc2,
    0x15, 0xfe, 0x0, 0xcc, 0x23, 0xff, 0xc1, 0x0,
    0x8, 0xc0, 0x19, 0x7b, 0xbf, 0xf8, 0x10, 0x5,
    0xdd, 0x0, 0x7f, 0xf0, 0xae, 0xe9, 0x4, 0x0,
    0xff, 0xe3, 0x22, 0x5, 0x64, 0x3, 0xff, 0x8b,
    0x7f, 0xee, 0xa0, 0xe,

    /* U+6BD4 "比" */
    0x0, 0xff, 0xe6, 0x77, 0x14, 0x3, 0xcd, 0xfc,
    0x1, 0xfe, 0x11, 0x0, 0x7f, 0xff, 0xc0, 0x38,
    0xf4, 0x80, 0x3f, 0xf8, 0xc9, 0x85, 0x82, 0x1,
    0xff, 0xc4, 0x5b, 0x0, 0x48, 0x80, 0x6a, 0xff,
    0xe0, 0xe, 0x8a, 0x1, 0xb7, 0x0, 0xff, 0xe1,
    0xd, 0xb8, 0x1f, 0xa0, 0x7, 0x9f, 0x33, 0x80,
    0x32, 0x4, 0x60, 0x80, 0x7d, 0xa6, 0x7c, 0x1,
    0x8f, 0x5c, 0x3, 0xff, 0x8c, 0x38, 0x40, 0x1f,
    0xfe, 0x31, 0x0, 0xff, 0xe4, 0xd5, 0x90, 0x7,
    0xff, 0x1d, 0xd1, 0x0, 0x1f, 0x8d, 0xc0, 0x3f,
    0x84, 0xc, 0x3, 0x1a, 0x4f, 0x64, 0x80, 0x7f,
    0x10, 0x30, 0x18, 0x2, 0x6d, 0x84, 0x14, 0xc,
    0x4, 0x40, 0x12, 0x80, 0xc, 0x3c, 0x3, 0x1c,
    0x75, 0x83, 0x80, 0x3b, 0xfe, 0xa0, 0x40, 0x3,
    0x0, 0xbe, 0xe3, 0x88, 0x0, 0x9c, 0x3, 0xc5,
    0x40, 0x8, 0x9e, 0x82, 0x0, 0xf4, 0x76, 0xe6,
    0x5b, 0xa1, 0x0,

    /* U+6C47 "汇" */
    0x0, 0xc, 0x88, 0x7, 0xff, 0x22, 0x9b, 0x98,
    0x1, 0xdf, 0xff, 0xfc, 0x13, 0x0, 0x49, 0x84,
    0xd8, 0x7, 0xff, 0x18, 0xb1, 0xc1, 0x8, 0x0,
    0xf9, 0x9f, 0xf1, 0x80, 0x68, 0x9b, 0x20, 0x7,
    0x19, 0xff, 0xc0, 0x1e, 0x64, 0x0, 0xff, 0xee,
    0x47, 0x30, 0x7, 0xff, 0x21, 0x6, 0x70, 0x80,
    0x3f, 0xf8, 0xd9, 0x20, 0x7a, 0x20, 0x1f, 0xfc,
    0x66, 0xd2, 0x71, 0x0, 0xff, 0xe3, 0x96, 0xc0,
    0x7, 0xff, 0x28, 0x40, 0x3f, 0xf9, 0x58, 0xe0,
    0x1f, 0xfc, 0x86, 0x28, 0x10, 0xf, 0xfe, 0x3c,
    0x3, 0x88, 0x7, 0xff, 0x1a, 0x4, 0x24, 0x3,
    0xff, 0x8c, 0x2e, 0xe, 0x20, 0x1f, 0xfc, 0x6b,
    0x1, 0x90, 0xd, 0xc6, 0x7f, 0xf1, 0x2, 0x28,
    0x40, 0x80, 0x67, 0xcc, 0xff, 0xa4, 0x2, 0x26,
    0x0, 0xff, 0xe2, 0x88, 0x26, 0xf0, 0x6, 0xef,
    0xff, 0xfe, 0xd, 0x0,

    /* U+6D6E "浮" */
    0x0, 0xff, 0xe3, 0x90, 0x6, 0xb9, 0x10, 0xf,
    0xc4, 0x6d, 0x17, 0xdb, 0x0, 0x5, 0x46, 0xe7,
    0x7, 0xbc, 0xef, 0xf6, 0xe4, 0xba, 0x8, 0x18,
    0x82, 0xe1, 0x84, 0x50, 0x21, 0x88, 0x9, 0xa3,
    0x45, 0x5f, 0xd8, 0x80, 0xf, 0x24, 0x61, 0xb2,
    0xbf, 0xda, 0xb1, 0x2e, 0xbd, 0xc6, 0x0, 0xe6,
    0xe2, 0x1d, 0xa2, 0x4, 0x69, 0x0, 0xa, 0x89,
    0x0, 0x7f, 0x38, 0x40, 0x28, 0x28, 0x2, 0x41,
    0x10, 0x0, 0x72, 0x0, 0xeb, 0x5, 0x12, 0x20,
    0x21, 0x38, 0x48, 0x2, 0x21, 0xb2, 0x20, 0x11,
    0x34, 0x88, 0x45, 0xa0, 0x33, 0x90, 0x2, 0x90,
    0x1b, 0x98, 0x1, 0xed, 0x3f, 0xea, 0xbf, 0xd6,
    0x78, 0x0, 0x15, 0xd8, 0x81, 0x40, 0x3f, 0xf8,
    0x26, 0x1, 0x93, 0x6c, 0xc0, 0x1f, 0xff, 0x58,
    0x0, 0xec, 0x3, 0xc8, 0x1, 0xfc, 0x96, 0x9,
    0x80, 0x1f, 0x8, 0x80, 0x3e, 0x6b, 0x6, 0xb0,
    0xf, 0xd1, 0x84, 0x23, 0xed, 0x5, 0x81, 0x1e,
    0x0, 0x89, 0x8a, 0xfb, 0xbc, 0x80, 0xbd, 0xdd,
    0xa0, 0x15, 0x81, 0x68, 0x7, 0xff, 0x14, 0x58,
    0x2d, 0x3f, 0xfc, 0xa1, 0x1f, 0xfd, 0x80, 0xb,
    0x1, 0x60, 0xf, 0xfe, 0x29, 0xa8, 0x40, 0x7,
    0xff, 0x1b, 0xc0, 0x98, 0x3, 0xff, 0x8a, 0x22,
    0x9, 0x0, 0xf7, 0x74, 0xa0, 0x40, 0x1e, 0x1d,
    0x94, 0x0, 0xf3, 0x88, 0x89, 0xd4, 0x3, 0xc0,

    /* U+6E90 "源" */
    0x0, 0xd, 0xa0, 0x7, 0xff, 0x26, 0xd2, 0xec,
    0x21, 0xdf, 0xff, 0xfc, 0x1b, 0x0, 0xa9, 0x81,
    0x38, 0x80, 0x3f, 0xf8, 0xf3, 0x84, 0xc4, 0x0,
    0xbf, 0xfd, 0x28, 0xfd, 0xff, 0x58, 0x7, 0x1e,
    0xc8, 0x4, 0xe0, 0x1a, 0x90, 0xc4, 0x3, 0xff,
    0x89, 0x15, 0x51, 0x83, 0xd5, 0x52, 0x1, 0x9c,
    0x3, 0xf2, 0x2a, 0xc0, 0x3, 0x55, 0x98, 0x2,
    0xa8, 0xe5, 0x0, 0x84, 0x3, 0x67, 0xff, 0x68,
    0x7, 0x60, 0x8a, 0xac, 0x3, 0xff, 0x8e, 0xde,
    0xa0, 0x20, 0x18, 0x40, 0x19, 0xff, 0xda, 0x1,
    0xe1, 0xaa, 0x58, 0x7, 0xcc, 0xef, 0xcc, 0x1,
    0xf9, 0x44, 0x4, 0x0, 0x60, 0xb, 0x88, 0xf0,
    0x7, 0xfc, 0x40, 0x1, 0x0, 0x75, 0xdf, 0x50,
    0x7, 0xe7, 0xc2, 0x70, 0x20, 0x8, 0xd1, 0x3c,
    0x2, 0x1, 0xe9, 0x34, 0x30, 0x60, 0xcf, 0xfa,
    0x80, 0xff, 0xee, 0x0, 0xe5, 0x10, 0x6c, 0x3,
    0x2, 0xb6, 0x0, 0xea, 0xe1, 0x0, 0xee, 0x6,
    0x4, 0xb, 0x8, 0x4e, 0x0, 0xe6, 0x18, 0x0,
    0xc6, 0x81, 0x46, 0x0, 0x33, 0x28, 0xc8, 0x7,
    0x78, 0x31, 0x80, 0x52, 0x6, 0x68, 0x4, 0xe,
    0x8, 0x10, 0xe, 0x34, 0x8, 0x0, 0x12, 0x84,
    0x9a, 0x4, 0x29, 0x23, 0x0, 0x7d, 0xe0, 0xc2,
    0x8, 0x2, 0xb2, 0x8, 0x6b, 0x74, 0x9d, 0xca,
    0x6, 0x0, 0x26, 0x68, 0x83, 0x6d, 0x85, 0x34,
    0x0, 0x10, 0x50, 0x46, 0x48, 0x0, 0x8c, 0x0,

    /* U+6EA2 "溢" */
    0x0, 0xff, 0xe6, 0x8a, 0x0, 0x74, 0x68, 0x7,
    0xd8, 0xe2, 0x1, 0xf, 0xdc, 0x0, 0x65, 0x29,
    0x0, 0xe6, 0x38, 0x30, 0x8, 0x60, 0x1e, 0xc0,
    0x2e, 0x6, 0x30, 0xd, 0x0, 0xe4, 0x1, 0x9a,
    0xc1, 0x24, 0x0, 0x6a, 0x10, 0x1, 0x40, 0x94,
    0x0, 0x79, 0x30, 0xe0, 0x2, 0x95, 0x90, 0xa,
    0x9b, 0x80, 0x3f, 0x1e, 0x2f, 0xfd, 0x8b, 0xbf,
    0xf6, 0xb6, 0x7f, 0xce, 0x0, 0x30, 0xf, 0xfe,
    0x4c, 0xe4, 0x80, 0x13, 0xff, 0x5e, 0xff, 0xd5,
    0x9f, 0xf9, 0xc3, 0xc1, 0xb4, 0xc0, 0x34, 0x5e,
    0x88, 0xd, 0x65, 0x10, 0x6, 0x6d, 0x22, 0x68,
    0x82, 0x63, 0x8d, 0x88, 0xe, 0x1a, 0xec, 0x0,
    0x62, 0xd3, 0x83, 0xcb, 0x33, 0x62, 0x0, 0x47,
    0x92, 0x2f, 0xc6, 0x1, 0xb1, 0x8c, 0x82, 0x30,
    0x80, 0x3c, 0xde, 0x82, 0x20, 0xc, 0x60, 0x3a,
    0x75, 0xbb, 0xfd, 0x8d, 0x64, 0x1, 0xb2, 0xc0,
    0xc0, 0x8b, 0xff, 0x80, 0xa0, 0x19, 0x0, 0x3d,
    0xfe, 0x6, 0xfa, 0xc, 0xf3, 0x0, 0xf7, 0x6,
    0x80, 0x7f, 0xf2, 0x10, 0x1c, 0x3, 0xff, 0x8e,
    0xa2, 0x62, 0x1, 0xff, 0xc7, 0xe0, 0xa0, 0xf,
    0xc6, 0x6, 0xe, 0x1, 0x18, 0x0, 0x50, 0x1c,
    0x3f, 0xc6, 0x1f, 0xe0, 0x5f, 0x90, 0xbf, 0x30,
    0xdf, 0x0, 0x32, 0x8, 0x7, 0xff, 0x1c, 0x66,
    0xc0, 0x1f, 0xff, 0xfc, 0x50,

    /* U+70B9 "点" */
    0x0, 0xff, 0x88, 0x80, 0x1f, 0xfc, 0x84, 0xdd,
    0x0, 0x7f, 0xf8, 0xbf, 0xff, 0x60, 0x7, 0xff,
    0x67, 0xbb, 0xf6, 0x80, 0x7f, 0xf0, 0x84, 0x7f,
    0x80, 0x3f, 0xfa, 0x1f, 0xfe, 0xb0, 0x7, 0xff,
    0xc2, 0x1, 0xff, 0xd3, 0xdf, 0xff, 0xf6, 0x0,
    0x7f, 0xc6, 0x1, 0xfe, 0x10, 0xf, 0xfe, 0xb1,
    0x88, 0xff, 0x98, 0x3, 0xfe, 0xde, 0xef, 0xf5,
    0x80, 0x7f, 0xf5, 0x3f, 0xff, 0xf8, 0x82, 0x1,
    0xc3, 0x6e, 0x0, 0x13, 0x0, 0x8d, 0x80, 0x3,
    0x1a, 0x40, 0x1d, 0x9, 0x40, 0xf, 0xc4, 0x0,
    0x74, 0xa8, 0xa, 0x17, 0x0, 0x62, 0x60, 0xb0,
    0x1, 0x1, 0x80, 0x28, 0x24, 0x1, 0xc0, 0x6e,
    0x1, 0x70, 0x13, 0x0, 0x18, 0x38, 0x0, 0xc0,
    0x66, 0x2, 0x80, 0x81, 0x9, 0x30, 0xf0, 0x8,
    0x80, 0x80, 0x2, 0x61, 0x60, 0x7, 0x10, 0xb0,
    0xb5, 0xa2, 0x0, 0xb5, 0xb4, 0x2, 0x99, 0x50,
    0x5, 0x71, 0x60,

    /* U+7269 "物" */
    0x0, 0xff, 0xe8, 0x77, 0x90, 0x6, 0xbc, 0x40,
    0xf, 0xf4, 0x28, 0x7, 0xe4, 0x36, 0x0, 0xfe,
    0x17, 0x80, 0xf, 0x94, 0x4, 0x80, 0x3f, 0x88,
    0x18, 0x3, 0xef, 0x4, 0x11, 0xfc, 0x0, 0x60,
    0x1, 0x0, 0x18, 0x80, 0xa, 0xb, 0xdd, 0xfa,
    0x80, 0x81, 0x34, 0x42, 0xf5, 0x54, 0x1, 0xff,
    0x18, 0x68, 0x7, 0xe8, 0x9, 0xf3, 0xe, 0xb0,
    0x56, 0x1, 0x4, 0xf, 0xf0, 0x86, 0xf9, 0x90,
    0xb1, 0x19, 0x87, 0x3, 0xc, 0x3c, 0xc4, 0xc0,
    0x38, 0xa4, 0x20, 0x28, 0x2c, 0x14, 0x10, 0x40,
    0x44, 0x56, 0x1, 0xc2, 0x24, 0x60, 0x60, 0x61,
    0x21, 0x20, 0x1, 0x96, 0xb0, 0x7, 0x1e, 0xd0,
    0x38, 0xa8, 0xb8, 0x20, 0x38, 0x8, 0x0, 0x40,
    0x37, 0x7f, 0x84, 0x24, 0x24, 0x28, 0x38, 0x8,
    0x1c, 0x0, 0x91, 0x82, 0x6, 0xe, 0x12, 0x28,
    0x67, 0xa, 0x0, 0x80, 0x97, 0xdb, 0x98, 0x2,
    0x3a, 0xd1, 0x82, 0x42, 0x81, 0x80, 0x31, 0x90,
    0x82, 0x48, 0x1, 0x44, 0xec, 0x20, 0x85, 0x82,
    0x80, 0x40, 0x2, 0x1b, 0xf6, 0xc2, 0x1, 0x70,
    0x2b, 0x85, 0x82, 0x90, 0x10, 0x8, 0x0, 0xc0,
    0x3e, 0xd7, 0xa0, 0x45, 0x8, 0x0, 0x30, 0x10,
    0x7, 0xfd, 0x0, 0x9, 0x7, 0x20, 0x6, 0x83,
    0x0, 0x7f, 0xf0, 0x6c, 0x86, 0x0, 0x24, 0xd,
    0x0, 0xff, 0xe0, 0x52, 0x5, 0x9, 0x11, 0x4c,
    0xc, 0x3, 0xfe, 0x65, 0x9, 0x40, 0xdd, 0x50,
    0x12, 0x0, 0x7f, 0xcd, 0x74, 0xc0, 0x26, 0x2,
    0x9e, 0x1, 0xf7, 0x79, 0x0, 0x48, 0xa0, 0x16,
    0x7f, 0x59, 0x0, 0x0,

    /* U+7279 "特" */
    0x0, 0xff, 0xe8, 0x7f, 0x88, 0x3, 0xeb, 0xf5,
    0x0, 0xf9, 0xc, 0x3, 0xff, 0x93, 0x58, 0x1,
    0xe2, 0xff, 0xc8, 0x15, 0xff, 0x68, 0x4, 0x24,
    0x1, 0xff, 0xc5, 0x30, 0x0, 0x81, 0xc0, 0x2,
    0xe0, 0x4b, 0xff, 0x18, 0x4f, 0xfd, 0xc0, 0x2,
    0x1, 0x70, 0x3, 0x39, 0x0, 0x73, 0x81, 0x80,
    0x79, 0x80, 0x8c, 0x0, 0x66, 0x1, 0x1e, 0x70,
    0x21, 0x1e, 0xd, 0x9, 0xc0, 0x7, 0x65, 0xf7,
    0x71, 0x84, 0x77, 0x70, 0x20, 0x28, 0x7, 0x78,
    0x7, 0xff, 0x0, 0x40, 0xc8, 0x40, 0x39, 0xff,
    0xff, 0x8, 0x67, 0xf0, 0x75, 0x80, 0x7f, 0xf2,
    0x45, 0x80, 0x33, 0xc1, 0x9f, 0xf0, 0x1, 0x4c,
    0xc0, 0x19, 0x0, 0x14, 0xe9, 0x99, 0xf8, 0x42,
    0x73, 0xc1, 0xb3, 0xec, 0x2, 0x53, 0x3f, 0xe0,
    0x1, 0x1b, 0x6, 0x18, 0x8, 0x3, 0x69, 0x33,
    0x97, 0x73, 0x30, 0x87, 0x65, 0x7, 0xbe, 0x70,
    0x7, 0xa5, 0xb4, 0x3, 0xfc, 0xb0, 0x60, 0x1f,
    0x51, 0x1c, 0x80, 0x7f, 0xf1, 0xc7, 0xc1, 0x8c,
    0x3, 0xff, 0x8e, 0x51, 0x3, 0x0, 0xff, 0xe4,
    0x3b, 0x19, 0x18, 0x80, 0x80, 0x7f, 0xf1, 0xf,
    0x37, 0x0, 0x4, 0x1, 0xff, 0xc4, 0x22, 0x0,
    0xe, 0x80, 0x3f, 0x7f, 0x88, 0x3, 0xed, 0xff,
    0x62, 0x80, 0x40,

    /* U+72B6 "状" */
    0x0, 0xe3, 0xfe, 0x0, 0xf7, 0x70, 0x80, 0x2,
    0x1, 0xff, 0xc6, 0x11, 0x0, 0xef, 0x88, 0x7,
    0xff, 0x20, 0x58, 0x68, 0x3, 0x15, 0x98, 0x7,
    0xff, 0xa, 0x85, 0x18, 0x2, 0xb4, 0xd1, 0x0,
    0xff, 0xe0, 0x8c, 0x4, 0x0, 0x52, 0x43, 0x60,
    0x1f, 0x84, 0x3, 0x99, 0x98, 0x1, 0xb8, 0x16,
    0xc0, 0x2, 0x67, 0x94, 0x0, 0xe6, 0x75, 0x9,
    0x0, 0x46, 0xa0, 0x60, 0x4, 0xcc, 0xd6, 0x0,
    0xac, 0xce, 0x90, 0xd, 0x79, 0x0, 0x1f, 0xfc,
    0x91, 0x30, 0x9, 0x7f, 0xf5, 0x80, 0x1b, 0xff,
    0xac, 0x3, 0xff, 0x84, 0x60, 0x7, 0x0, 0xff,
    0x87, 0x80, 0x3e, 0xd0, 0x0, 0x98, 0x7, 0xf1,
    0x79, 0x0, 0x7c, 0x80, 0x15, 0x80, 0x7e, 0x4c,
    0x11, 0x0, 0x79, 0x4, 0x28, 0x18, 0x3, 0xe6,
    0xb1, 0x3a, 0x0, 0xf6, 0x81, 0x29, 0xb, 0x80,
    0x7a, 0xc1, 0x31, 0xc0, 0x38, 0x98, 0x28, 0x2c,
    0x24, 0x3, 0xd2, 0xd6, 0x1, 0xf4, 0x80, 0xb8,
    0x30, 0x8a, 0x80, 0x39, 0x24, 0x3, 0xe5, 0x40,
    0x90, 0xa, 0xc1, 0x58, 0x3, 0xff, 0x80, 0x56,
    0x6, 0xe0, 0x12, 0xa0, 0x4a, 0x80, 0x7f, 0x8b,
    0xc4, 0x38, 0x3, 0xa8, 0x82, 0xa0, 0x3, 0xf0,
    0xf9, 0x6, 0x10, 0x7, 0xf, 0x88, 0x28, 0x80,
    0x7c, 0x3e, 0x76, 0x60, 0x1f, 0x17, 0xa7, 0x88,
    0x7, 0x1f, 0xf1, 0x62, 0x0, 0x7f, 0xd, 0x90,
    0x0,

    /* U+72EC "独" */
    0x0, 0xff, 0xe1, 0xa, 0x18, 0x7, 0xe1, 0xb4,
    0x0, 0x2c, 0x88, 0x7, 0x25, 0xf0, 0x7, 0xe6,
    0x4b, 0x41, 0xb6, 0x60, 0x7, 0xff, 0x11, 0xdc,
    0x15, 0x41, 0x27, 0x0, 0xff, 0xe2, 0xc2, 0xa,
    0x7, 0x0, 0x7f, 0xf1, 0xf8, 0x0, 0xc6, 0x15,
    0x99, 0xa0, 0xb, 0x33, 0x58, 0x6, 0x3a, 0x0,
    0x10, 0x1, 0xcc, 0xf1, 0x0, 0xc, 0xf2, 0x80,
    0x4b, 0x80, 0x60, 0x82, 0x1, 0x4e, 0xea, 0x0,
    0x77, 0x50, 0x1, 0xd2, 0xb, 0x82, 0x8, 0x1,
    0x11, 0x60, 0x32, 0x20, 0x80, 0x76, 0x45, 0x2,
    0x6, 0x80, 0x7f, 0xf1, 0x9c, 0x0, 0x60, 0x20,
    0x1f, 0xfc, 0x83, 0x60, 0x30, 0xf, 0xfe, 0x47,
    0x0, 0x4, 0x2, 0x22, 0xc0, 0x64, 0x41, 0x0,
    0xfa, 0x88, 0x0, 0xe0, 0x14, 0xee, 0xa0, 0x7,
    0x75, 0x0, 0x1e, 0x95, 0x6, 0x0, 0x9c, 0xcf,
    0x10, 0x0, 0xcf, 0x28, 0x5, 0x4c, 0x13, 0x80,
    0x15, 0x66, 0x68, 0x2, 0xcc, 0x44, 0x2c, 0x3,
    0xa5, 0x80, 0x3f, 0xf8, 0x2d, 0x74, 0x1, 0xaa,
    0xd8, 0xc, 0x18, 0x3, 0xfc, 0xc0, 0x2a, 0x1,
    0x90, 0x1, 0xc0, 0x60, 0x1f, 0xf3, 0x4, 0x80,
    0x7c, 0x61, 0xe0, 0x1, 0x34, 0x5f, 0x2, 0xcd,
    0x60, 0x33, 0x0, 0x42, 0x25, 0x40, 0x4c, 0xfe,
    0xcb, 0xa5, 0x0, 0x19, 0x0, 0x52, 0x0, 0x1e,
    0xe5, 0x1, 0x93, 0x80, 0x62, 0x35, 0x79, 0xbd,
    0x80, 0x50, 0x0, 0x90, 0x93, 0x68, 0x7d, 0x67,
    0x7e, 0xe5, 0x43, 0x21, 0x29, 0x40, 0x80, 0x37,
    0xb6, 0x44, 0x11, 0x4c, 0x40, 0x3f, 0x16, 0xb8,
    0x80,

    /* U+7406 "理" */
    0x0, 0xff, 0x22, 0x7f, 0xf0, 0x0, 0x2c, 0xdd,
    0xf4, 0x8d, 0xdf, 0xff, 0x0, 0x2, 0x22, 0xfc,
    0x1, 0x33, 0x14, 0x5, 0x98, 0xa0, 0x1d, 0xb9,
    0x60, 0xb, 0xc9, 0x0, 0xc, 0xca, 0xc0, 0xa6,
    0x56, 0x1, 0xc6, 0x65, 0x0, 0x21, 0x90, 0x7,
    0xff, 0x38, 0x6e, 0xda, 0x7, 0x76, 0xd0, 0xf,
    0xfe, 0x22, 0x20, 0xc0, 0x8, 0x83, 0x0, 0xff,
    0xe1, 0x8f, 0xfb, 0x80, 0xbf, 0xda, 0x1, 0xd3,
    0xb8, 0x0, 0xdd, 0x20, 0x7, 0xc2, 0x0, 0x30,
    0xe, 0x32, 0x20, 0x0, 0x88, 0x1, 0xf8, 0x40,
    0x6, 0x1, 0xdd, 0x30, 0x0, 0x99, 0x28, 0x0,
    0x7f, 0xdc, 0x5, 0xfe, 0xd0, 0xe, 0x46, 0x60,
    0x1, 0x98, 0x20, 0x45, 0x84, 0x0, 0x45, 0xc0,
    0x1f, 0xf0, 0xee, 0xea, 0x0, 0x6e, 0xf0, 0x7,
    0xff, 0x58, 0x57, 0xff, 0x58, 0x3, 0xff, 0x94,
    0x3, 0xea, 0xea, 0x0, 0xff, 0xe2, 0xa, 0xd8,
    0x1, 0x45, 0x97, 0xff, 0x58, 0x3, 0xbf, 0xf2,
    0x80, 0xf5, 0x28, 0x1, 0x2b, 0x40, 0x3f, 0x8,
    0x7, 0x84, 0x80, 0xe7, 0xad, 0x40, 0x3f, 0xf8,
    0xb3, 0xd8, 0xc2, 0x7, 0xff, 0xeb, 0x0, 0x7f,
    0xf8, 0x41, 0x4, 0x3, 0xff, 0xa0, 0x7d, 0xdf,
    0xfc, 0x31,

    /* U+751F "生" */
    0x0, 0xff, 0x8, 0x80, 0x3f, 0xf8, 0x4b, 0x2c,
    0x1, 0x7f, 0x30, 0x7, 0xff, 0x6, 0x5b, 0x40,
    0x3f, 0xf8, 0xc4, 0x61, 0xc0, 0x1f, 0xfc, 0x6a,
    0x0, 0x28, 0x7, 0xff, 0x19, 0x80, 0x1b, 0xb8,
    0x42, 0x37, 0x7e, 0xa0, 0x9, 0x84, 0x0, 0x45,
    0x80, 0x2, 0x45, 0xf3, 0x0, 0x50, 0x9, 0x77,
    0xc2, 0xd, 0x77, 0xf7, 0x80, 0x28, 0x42, 0x51,
    0x38, 0x1, 0xe8, 0x9f, 0x18, 0x2a, 0x81, 0xc8,
    0x3, 0xff, 0x8a, 0xb2, 0x90, 0x1, 0xff, 0xc7,
    0x6b, 0x0, 0xff, 0xe5, 0x56, 0xef, 0x84, 0x23,
    0x77, 0xd8, 0x1, 0xc2, 0x45, 0xe0, 0x0, 0x91,
    0x78, 0x40, 0x3a, 0x73, 0x3c, 0x20, 0xd9, 0x9e,
    0xe0, 0xe, 0x23, 0x3f, 0x0, 0x3c, 0xcf, 0xe0,
    0xf, 0xff, 0xf8, 0x7, 0x8, 0x7, 0xf3, 0x7f,
    0xff, 0x8, 0x47, 0xff, 0xee, 0x0, 0xff, 0xe5,
    0x36, 0xef, 0xff, 0x23, 0x0,

    /* U+7528 "用" */
    0x0, 0x85, 0x13, 0xff, 0x8a, 0x20, 0x12, 0xdd,
    0xff, 0xf1, 0x54, 0x3, 0xc4, 0x5c, 0x0, 0x12,
    0x2e, 0x0, 0xfe, 0xdd, 0xe1, 0xa, 0xdd, 0xe1,
    0x0, 0xff, 0xf4, 0x7f, 0xf0, 0x85, 0xff, 0xf0,
    0x80, 0x7f, 0xf4, 0xbb, 0xb8, 0x42, 0x7b, 0xb8,
    0x40, 0x3e, 0x11, 0xf0, 0x0, 0x84, 0x78, 0x3,
    0xff, 0xa0, 0x20, 0x2, 0x2e, 0x0, 0x11, 0x78,
    0x3, 0xc6, 0x3, 0xbb, 0xc2, 0x13, 0xbb, 0xc2,
    0x1, 0xdc, 0x1, 0xff, 0xc9, 0x20, 0x7f, 0xfe,
    0x10, 0xbf, 0xfe, 0x10, 0xe, 0x40, 0xc0, 0xf,
    0xfe, 0x31, 0x88, 0x20, 0x7, 0xff, 0x1a, 0x80,
    0xc0, 0x3f, 0xf8, 0xc6, 0xc1, 0x40, 0x1f, 0xfc,
    0x21, 0x0, 0xbc, 0x5, 0x80, 0x3f, 0xdd, 0xff,
    0x0, 0x14, 0x28, 0x28, 0x3, 0xfe, 0x60, 0x8,
    0x64, 0x41, 0xb5, 0x0, 0x3e, 0xef, 0x40, 0x8d,
    0xd7, 0x71, 0x80,

    /* U+754C "界" */
    0x0, 0x84, 0x7f, 0xf8, 0x80, 0x1e, 0x3e, 0xef,
    0xfe, 0x22, 0x80, 0x7e, 0x44, 0xe0, 0x2, 0x27,
    0x0, 0x7f, 0xd7, 0x7a, 0x40, 0x15, 0x77, 0x80,
    0x3f, 0xe1, 0x1c, 0xc0, 0x2, 0x11, 0xc0, 0x1f,
    0xf7, 0x76, 0xb0, 0x6, 0x77, 0x60, 0xf, 0xf9,
    0x9b, 0x28, 0x1, 0x59, 0xb0, 0x7, 0xfd, 0x33,
    0xa0, 0x1, 0x73, 0x38, 0x3, 0xfe, 0x22, 0xcc,
    0x0, 0x22, 0xe0, 0xf, 0xfb, 0x77, 0x58, 0x3,
    0x37, 0x70, 0x7, 0xe1, 0x55, 0x90, 0x0, 0x2a,
    0xa2, 0x0, 0x22, 0xac, 0xc0, 0x1c, 0x55, 0x48,
    0x60, 0x1c, 0xaa, 0x69, 0x83, 0x45, 0x50, 0xc0,
    0x3e, 0x7d, 0x22, 0x61, 0x0, 0x5a, 0x65, 0xb0,
    0x1, 0xe1, 0x8e, 0x80, 0x1b, 0x0, 0xf4, 0x88,
    0x3f, 0xd2, 0x0, 0x23, 0x9c, 0x45, 0x45, 0x34,
    0x1, 0x8a, 0x86, 0x88, 0x16, 0xec, 0x14, 0x3,
    0x1c, 0xa0, 0xf, 0x0, 0xf9, 0x76, 0x48, 0x24,
    0xb, 0x79, 0xc0, 0x4, 0x2, 0x1, 0xfc, 0xdb,
    0xc4, 0x0, 0x20, 0x9, 0x44, 0x10, 0x3, 0xfe,
    0x10, 0xf, 0x1d, 0x81, 0x90, 0x7, 0xff, 0x15,
    0xb4, 0x43, 0xc0, 0x3f, 0xf8, 0xb9, 0x22, 0x16,
    0x60, 0x1f, 0xfc, 0x5f, 0x5, 0xe4, 0x0, 0xff,
    0xe3, 0x1f, 0x50, 0x80, 0x7c, 0x7f, 0xe0, 0xf,
    0x80,

    /* U+7684 "的" */
    0x0, 0x9b, 0x68, 0x3, 0xd7, 0x63, 0x0, 0xfe,
    0xc2, 0x60, 0xe, 0x24, 0x40, 0x80, 0x7f, 0x20,
    0x50, 0x7, 0x28, 0x11, 0x0, 0x3c, 0x22, 0x21,
    0x4, 0x11, 0x80, 0x16, 0xe, 0x67, 0xe1, 0xfe,
    0xd0, 0x6, 0xf7, 0x30, 0x4, 0xc1, 0x73, 0x3c,
    0xa0, 0x2, 0x2c, 0x20, 0x14, 0x80, 0x8, 0xb8,
    0x3, 0xb3, 0x77, 0x0, 0x5, 0xc2, 0xb7, 0x78,
    0x81, 0xc0, 0x3f, 0xac, 0x9, 0x40, 0x3f, 0xf8,
    0x86, 0xe1, 0xc0, 0x1e, 0x30, 0x10, 0xf, 0xc7,
    0xb6, 0x16, 0x80, 0x18, 0x40, 0x37, 0xf7, 0x5a,
    0x1, 0x22, 0xa5, 0x8, 0x7, 0x18, 0x0, 0x47,
    0x80, 0x33, 0x20, 0xd0, 0x7, 0x8, 0x3, 0x7f,
    0xeb, 0x0, 0xea, 0x14, 0x60, 0x10, 0xe, 0x30,
    0x9, 0xc0, 0x38, 0x60, 0x24, 0x4c, 0x3, 0xff,
    0x88, 0xc4, 0x50, 0x80, 0x80, 0x7f, 0xf0, 0xff,
    0x4d, 0xc0, 0x80, 0x3f, 0xf8, 0x64, 0x0, 0x20,
    0x70, 0xb, 0x73, 0x2e, 0x0, 0xff, 0x70, 0x10,
    0x4, 0x67, 0x88, 0x3, 0xfc, 0x61, 0xc0, 0x15,
    0xe6, 0x77, 0x80, 0x4b, 0x6, 0x28, 0x80, 0x30,
    0x9, 0x4c, 0xf8, 0x80, 0x27, 0x76, 0x75, 0x81,
    0x20, 0x22, 0x80, 0x7f, 0x88, 0x40, 0x24, 0xc0,
    0x5, 0x50, 0x40, 0x3f, 0xdd, 0xff, 0x58, 0x80,
    0x0,

    /* U+76EE "目" */
    0x4f, 0xff, 0xfe, 0x21, 0x0, 0x7f, 0xf2, 0x73,
    0x3f, 0xe9, 0x0, 0xf1, 0x9f, 0xfc, 0x80, 0x1f,
    0xfc, 0xc2, 0x2f, 0xf9, 0xc0, 0x3d, 0xbb, 0xff,
    0x50, 0x7, 0xff, 0x33, 0xff, 0xfe, 0xd0, 0xf,
    0xfe, 0xf6, 0x67, 0xfd, 0xe0, 0x1e, 0x33, 0xff,
    0x88, 0x3, 0xd7, 0x7f, 0xf4, 0x0, 0x79, 0x13,
    0xfe, 0x50, 0xf, 0xfe, 0xb8, 0x80, 0x7b, 0xff,
    0xfe, 0xc0, 0xf, 0xfe, 0x66, 0xef, 0xfd, 0x60,
    0x1e, 0x22, 0xff, 0x98, 0x2,

    /* U+771F "真" */
    0x0, 0xff, 0x4e, 0xc0, 0x7, 0xff, 0x1d, 0x48,
    0x3, 0xfe, 0xaf, 0xff, 0xc6, 0xf, 0xff, 0xf8,
    0xc0, 0xc8, 0xbf, 0x0, 0x8, 0xbf, 0x84, 0x27,
    0x75, 0x99, 0xd2, 0x0, 0xcc, 0xf6, 0xec, 0x40,
    0x1b, 0xbb, 0xac, 0x1, 0xdd, 0xe8, 0x0, 0xfe,
    0x89, 0x9f, 0xe3, 0x0, 0xff, 0x84, 0xcf, 0xf8,
    0x3, 0xff, 0x81, 0x35, 0x5f, 0xc6, 0x1, 0xff,
    0x77, 0xff, 0xf2, 0x80, 0x7f, 0xdd, 0xff, 0xfc,
    0xa0, 0x1f, 0xf4, 0x4c, 0xff, 0x18, 0x7, 0xfc,
    0x6a, 0xbf, 0xce, 0x1, 0xff, 0x5e, 0x67, 0xf2,
    0x0, 0x7f, 0xd9, 0xdd, 0xfc, 0x80, 0x1c, 0x75,
    0x50, 0x2, 0x2e, 0xff, 0x94, 0x16, 0xa9, 0xe,
    0xab, 0x0, 0x11, 0x57, 0xf8, 0x40, 0x95, 0x48,
    0x8d, 0xde, 0xb6, 0xcd, 0xdd, 0x8a, 0xf9, 0xbb,
    0xb8, 0x8, 0xa0, 0xbb, 0x37, 0x19, 0x14, 0x8a,
    0xf9, 0x2e, 0x45, 0x1, 0x3e, 0x6b, 0x2, 0xf8,
    0x80, 0x4f, 0x8c, 0x9, 0x5d, 0x2, 0x2c, 0x83,
    0x17, 0xda, 0x20, 0xe, 0x39, 0xf9, 0x21, 0x76,
    0x1c, 0x7c, 0xe8, 0x20, 0xf, 0xf3, 0x6d, 0xd3,
    0x80,

    /* U+77E5 "知" */
    0x0, 0xff, 0xe6, 0xcf, 0x38, 0x7, 0xff, 0x1d,
    0x4, 0x40, 0x1f, 0x8, 0xff, 0x0, 0x8, 0x80,
    0xa0, 0x1f, 0x77, 0x7e, 0xf0, 0x2, 0x0, 0x33,
    0xff, 0xa4, 0x3, 0xff, 0x81, 0x40, 0x1f, 0xfc,
    0xc, 0xff, 0xa8, 0x2, 0x43, 0xd, 0xb0, 0x7,
    0x75, 0x20, 0x1f, 0xf4, 0x82, 0x93, 0x80, 0x4,
    0x60, 0xf, 0xfe, 0x3, 0x84, 0x0, 0x7f, 0xf1,
    0xeb, 0x48, 0x3, 0xff, 0x8f, 0x9f, 0xbb, 0x0,
    0x37, 0x72, 0x0, 0x7f, 0x88, 0xb0, 0x80, 0x8,
    0xb0, 0x7, 0xfd, 0xb7, 0x73, 0x0, 0xdd, 0xe5,
    0x0, 0xff, 0x1a, 0x24, 0x0, 0x24, 0x4c, 0x20,
    0x1f, 0xfc, 0x25, 0x3, 0x80, 0xf, 0xfe, 0x29,
    0x18, 0x1, 0xd8, 0x3, 0xff, 0x89, 0x40, 0x32,
    0x12, 0xa0, 0x1f, 0xfc, 0x21, 0x70, 0x66, 0x82,
    0x90, 0x3, 0xff, 0x83, 0x40, 0x9, 0x9, 0x30,
    0xb2, 0x0, 0x6f, 0x75, 0x40, 0x1a, 0x10, 0x20,
    0x40, 0x1c, 0x8, 0x40, 0x1, 0x1c, 0x1, 0xa5,
    0xc1, 0x1c, 0x2, 0x2b, 0xa0, 0xa, 0xb7, 0x68,
    0x0, 0x88, 0xe, 0x80, 0x39, 0x4, 0x2, 0x62,
    0x2c, 0x26, 0x16, 0xd8, 0x20, 0x1f, 0xb3, 0x6,
    0x1, 0x2f, 0x68,

    /* U+7801 "码" */
    0xe, 0xff, 0xf9, 0x9f, 0x77, 0xf9, 0xc0, 0x3f,
    0xf8, 0x1e, 0x45, 0xfd, 0xe0, 0x17, 0x7d, 0x81,
    0x7f, 0xcd, 0x3b, 0xbf, 0x18, 0x78, 0x7, 0x60,
    0x20, 0x6, 0x16, 0xb7, 0x22, 0xc2, 0x4, 0x1,
    0xc8, 0x1a, 0x1, 0xd8, 0xd8, 0x1, 0x8c, 0x18,
    0x3, 0x9, 0x82, 0x0, 0x70, 0x80, 0x80, 0x61,
    0x1, 0x0, 0xc8, 0x6, 0x1, 0xe2, 0xe, 0x0,
    0x88, 0x0, 0x40, 0x1b, 0xc0, 0xae, 0xe8, 0x0,
    0x38, 0x10, 0x4, 0xc0, 0x20, 0x18, 0x94, 0x5,
    0x13, 0x0, 0x8, 0x1c, 0x2, 0x20, 0x20, 0xd,
    0x0, 0x5, 0xca, 0x0, 0xc2, 0x1b, 0xba, 0x0,
    0xf7, 0x4e, 0x6a, 0x0, 0x23, 0x70, 0x8, 0x80,
    0x2, 0x45, 0x8, 0x0, 0x88, 0x24, 0x1, 0xfc,
    0x5f, 0xff, 0xc4, 0x6, 0x2b, 0x0, 0x1f, 0xfc,
    0x53, 0x1, 0xa, 0x10, 0xf, 0x88, 0xbf, 0x8,
    0x8, 0x30, 0x7, 0xf1, 0xee, 0xfe, 0xa2, 0x0,
    0x10, 0x7, 0xf8, 0x47, 0xf9, 0x80, 0x40, 0x39,
    0xff, 0x40, 0x7, 0xdd, 0xfa, 0x8c, 0x8, 0x3,
    0xc2, 0x33, 0x80, 0x7f, 0xb0, 0x10, 0x3, 0x9f,
    0xba, 0xb0, 0xf, 0xe2, 0x40, 0xc0, 0x8, 0xcd,
    0xc0, 0x1f, 0xe7, 0xff, 0x68, 0x12, 0x0, 0x4b,
    0x8c, 0x1, 0xfe, 0x40, 0x8, 0xfc, 0x3, 0xff,
    0x8a, 0x7f, 0xf6, 0x10, 0x0,

    /* U+786C "硬" */
    0x0, 0xff, 0x8, 0xff, 0xf0, 0x40, 0x1d, 0xff,
    0xf4, 0x77, 0x7f, 0xf0, 0x20, 0x3, 0xfe, 0x22,
    0xe0, 0x0, 0x91, 0x61, 0x0, 0x77, 0xe0, 0x3,
    0xbf, 0xd1, 0xbb, 0xc0, 0xc, 0xdd, 0xd0, 0x1,
    0x94, 0x10, 0x40, 0x3f, 0xc2, 0x1, 0xfd, 0x81,
    0xa0, 0x1b, 0xbf, 0xf0, 0x3, 0x3f, 0xf0, 0x80,
    0x64, 0x4, 0x0, 0xf2, 0x2a, 0x80, 0x8, 0xaa,
    0x0, 0xf1, 0x89, 0x10, 0x3, 0xd5, 0x50, 0x2,
    0x6a, 0x82, 0x1, 0xd4, 0x5, 0xbb, 0x88, 0x1,
    0x55, 0x0, 0x26, 0xa8, 0x20, 0x1c, 0xc0, 0x2,
    0x2c, 0x20, 0x4, 0x55, 0x0, 0x11, 0x54, 0x1,
    0xd0, 0x0, 0x5d, 0xd2, 0x0, 0x6e, 0xff, 0x0,
    0x37, 0xfc, 0x20, 0x11, 0x38, 0x0, 0xc8, 0x82,
    0x1, 0xff, 0xc4, 0x30, 0xf, 0xfb, 0x73, 0x0,
    0xe, 0xcc, 0x8, 0x4, 0x2a, 0xe0, 0x1f, 0x18,
    0x19, 0xc0, 0x3, 0x38, 0x3, 0xaf, 0x0, 0x3e,
    0xfa, 0xff, 0x60, 0xf, 0xff, 0x8, 0x0, 0x40,
    0x3f, 0x45, 0x40, 0x20, 0x20, 0x7, 0xff, 0x16,
    0xc1, 0xdd, 0x21, 0xe0, 0x1f, 0xf3, 0x7f, 0x94,
    0x0, 0x36, 0x10, 0x24, 0xa0, 0x1f, 0xfc, 0x1,
    0x1c, 0x0, 0x52, 0x0, 0x14, 0x98, 0x7, 0xf9,
    0xbb, 0xb1, 0x3f, 0x90, 0x20, 0x36, 0x62, 0x18,
    0xc4, 0x2, 0x73, 0xe0, 0x8, 0x7a, 0x5, 0x3a,
    0xf5, 0x80, 0xde, 0x72, 0xc0, 0x23, 0xc7, 0x0,
    0x86, 0x57, 0x2c, 0x40, 0xa7, 0xae, 0x14, 0xe8,
    0x0,

    /* U+786E "确" */
    0x0, 0xff, 0xeb, 0x56, 0xa8, 0x7, 0xeb, 0xdd,
    0xf8, 0xc0, 0x54, 0x98, 0x2, 0x10, 0xc, 0xc4,
    0x5f, 0x38, 0x48, 0x3, 0x3f, 0xee, 0xa0, 0xb,
    0xf6, 0x40, 0x77, 0x64, 0x27, 0x3, 0x3c, 0x1,
    0xe2, 0x20, 0x82, 0x11, 0x41, 0xc0, 0xf9, 0x94,
    0x80, 0xd8, 0x7, 0x60, 0x78, 0x5, 0x6, 0x52,
    0x0, 0x2a, 0xa, 0x10, 0xe, 0x40, 0x40, 0x3,
    0xb8, 0xb, 0xbf, 0xda, 0x0, 0xbf, 0xf8, 0x0,
    0x80, 0x42, 0x1, 0xe1, 0x22, 0x0, 0x8, 0xa0,
    0xd, 0xa0, 0x9, 0x98, 0x68, 0xc3, 0x76, 0x10,
    0xdd, 0x60, 0x4, 0x2c, 0x4, 0xcd, 0x7a, 0x80,
    0x7f, 0xf0, 0x64, 0x0, 0x97, 0x0, 0x1d, 0x9f,
    0xe1, 0xf, 0xf7, 0x0, 0x9, 0xc0, 0x6, 0x88,
    0x0, 0xe2, 0x33, 0x0, 0xc, 0xc4, 0x0, 0x30,
    0xf, 0xe1, 0xe, 0xcc, 0x8, 0x66, 0x40, 0x1,
    0x58, 0x0, 0xff, 0xe4, 0x51, 0x0, 0x7c, 0x61,
    0xf9, 0x81, 0xc, 0xc6, 0x80, 0x7f, 0xf0, 0x4,
    0xc, 0xe0, 0x1, 0x9c, 0x1, 0xf9, 0xc0, 0x6,
    0x5, 0xbb, 0x0, 0x37, 0x58, 0x1, 0xe7, 0xfb,
    0x0, 0x20, 0x21, 0x14, 0x20, 0x45, 0x0, 0x7c,
    0x23, 0x5, 0x86, 0x0, 0x7f, 0xf0, 0x9f, 0xba,
    0xc3, 0x4, 0x0, 0xff, 0xe0, 0x9, 0xf0, 0x5,
    0x0, 0xe2, 0x1, 0xc9, 0xde, 0x2, 0x0, 0x4c,
    0x60, 0xb, 0x8a, 0x0, 0x37, 0x7a, 0x8, 0x8e,
    0xc0, 0x3f, 0x1e, 0x80, 0x7e, 0xff, 0x62, 0x80,

    /* U+793A "示" */
    0x0, 0x8c, 0xff, 0xf8, 0x84, 0x1, 0x8b, 0x33,
    0xff, 0x89, 0x60, 0x1f, 0xfc, 0xe2, 0xff, 0xff,
    0xe2, 0x48, 0x7, 0xff, 0x89, 0x3b, 0xbf, 0xf9,
    0x16, 0x2, 0x3f, 0xfc, 0x80, 0x5b, 0xbf, 0xe0,
    0x3, 0x5d, 0xfe, 0x81, 0x44, 0xfe, 0x10, 0xe4,
    0x4f, 0xc6, 0x1, 0x95, 0x42, 0x1, 0xfc, 0x4c,
    0x1, 0xfa, 0xea, 0xc0, 0x3f, 0x2e, 0xc9, 0x80,
    0x79, 0xc4, 0x20, 0x3, 0xf2, 0x90, 0x70, 0x7,
    0xa4, 0x14, 0x80, 0x3f, 0xb8, 0xa, 0x0, 0x33,
    0x88, 0x40, 0x7, 0xf8, 0xd8, 0x1c, 0x80, 0x7,
    0x0, 0xa4, 0x1, 0xff, 0x40, 0x2, 0x0, 0x74,
    0x6, 0xc0, 0x3f, 0xf8, 0x2, 0xe0, 0xa5, 0x2,
    0x14, 0x20, 0x1f, 0xfc, 0x19, 0x0, 0x2c, 0xcc,
    0x80, 0x4, 0x49, 0x44, 0x4, 0x3, 0x85, 0xa5,
    0xc1, 0x98, 0x1, 0x4d, 0xda, 0x80, 0xa, 0x1,
    0xe9, 0x60, 0xf, 0xa8, 0x0, 0x29, 0x46, 0x1,
    0xff, 0xc3, 0x7f, 0xf7, 0x5a, 0x80, 0x7f, 0x80,

    /* U+79BB "离" */
    0x0, 0xff, 0x8, 0x80, 0x3f, 0xf8, 0xed, 0xd4,
    0x1, 0xff, 0xc7, 0x40, 0x43, 0x0, 0xfe, 0x2f,
    0xff, 0xda, 0x0, 0xcf, 0xff, 0xd6, 0x4, 0x5f,
    0xfc, 0xad, 0xd5, 0xa4, 0xea, 0xbf, 0x6e, 0xca,
    0x1d, 0xa8, 0x8f, 0xd9, 0x0, 0xb1, 0x8c, 0x30,
    0x73, 0xf, 0xcd, 0x6, 0xc, 0xc1, 0x0, 0xfe,
    0x4b, 0x63, 0x81, 0x65, 0x0, 0xff, 0xe0, 0x94,
    0x73, 0x2d, 0xab, 0xf3, 0x0, 0x7f, 0xf0, 0x5,
    0x9f, 0x69, 0x2b, 0x14, 0x40, 0x3f, 0xea, 0x95,
    0x38, 0xaa, 0xa4, 0x32, 0x80, 0x3f, 0xc4, 0xa8,
    0xab, 0xe4, 0x42, 0x80, 0x7e, 0xaf, 0xfe, 0xd0,
    0x4, 0xff, 0xf8, 0xc0, 0x3f, 0xea, 0x0, 0x38,
    0x7, 0xf8, 0xff, 0xfe, 0x70, 0x7, 0x7f, 0xfd,
    0x80, 0x1c, 0x45, 0x80, 0x2, 0x45, 0x9, 0x14,
    0x20, 0x1f, 0x6e, 0xd2, 0x0, 0xcd, 0xd0, 0x96,
    0xed, 0x0, 0x1f, 0xc3, 0x41, 0x44, 0x0, 0x53,
    0xa0, 0xf, 0xf8, 0xb0, 0x45, 0x97, 0x9c, 0xc0,
    0xaa, 0x0, 0xff, 0x11, 0x0, 0x59, 0x8, 0x8a,
    0xc1, 0x60, 0x1f, 0xf4, 0x4d, 0xef, 0xf6, 0x54,
    0xd6, 0x0, 0x7f, 0xce, 0xc8, 0x40, 0x1d, 0x93,
    0x70, 0xc, 0x1, 0xff, 0xc4, 0xe4, 0x41, 0xa4,
    0x0,

    /* U+7A0B "程" */
    0x0, 0xf9, 0x20, 0x3, 0xff, 0x8c, 0x6f, 0x5f,
    0x6f, 0x21, 0xdf, 0xff, 0xdc, 0x1, 0x57, 0xe4,
    0x28, 0x13, 0xd0, 0x4, 0x24, 0x5c, 0x20, 0x1d,
    0xa4, 0x8e, 0x0, 0xc8, 0x30, 0xb, 0x37, 0x7c,
    0x1, 0xcf, 0xb7, 0x0, 0x1f, 0xfe, 0x2, 0x33,
    0x20, 0x1, 0xc, 0xc0, 0x13, 0x11, 0x72, 0x80,
    0x74, 0xe6, 0x2c, 0x1, 0x59, 0xa0, 0x15, 0xee,
    0xf4, 0x80, 0x70, 0x91, 0x4, 0x0, 0x45, 0x2,
    0xa2, 0x7f, 0x28, 0x5, 0x5b, 0xa7, 0x0, 0x7e,
    0xe0, 0x5d, 0xff, 0xc0, 0x1c, 0x2c, 0x0, 0xf1,
    0xa, 0xee, 0xff, 0xa4, 0x3, 0x48, 0x4, 0x58,
    0x2, 0x3f, 0xfc, 0x3, 0x0, 0xcc, 0x60, 0x7,
    0x2c, 0xbf, 0xfc, 0x21, 0x5f, 0xfa, 0x80, 0x28,
    0x19, 0x0, 0x49, 0x90, 0x80, 0x78, 0x40, 0x3e,
    0x37, 0x25, 0x0, 0xa2, 0x84, 0x3, 0xc2, 0x1,
    0xf7, 0x5, 0x80, 0x64, 0x41, 0x7f, 0xe1, 0xa,
    0xff, 0xc2, 0x1, 0x13, 0x0, 0x7c, 0x45, 0x80,
    0x2, 0x45, 0x80, 0x2b, 0x90, 0xf, 0x8b, 0x77,
    0x8, 0x56, 0xee, 0x10, 0x3, 0x20, 0x7, 0xff,
    0xaa, 0xff, 0xf8, 0x42, 0xff, 0xf8, 0x80, 0x3f,
    0xf9, 0x80,

    /* U+7A7A "空" */
    0x0, 0xff, 0xe9, 0xc6, 0xc8, 0x7, 0xff, 0x1c,
    0x49, 0x84, 0x3, 0xfc, 0x23, 0xfb, 0x40, 0x12,
    0x23, 0xf8, 0xf, 0xbb, 0xf5, 0x80, 0x1f, 0xbb,
    0xf1, 0x80, 0x61, 0x1f, 0xfe, 0x10, 0x7, 0xdf,
    0xdd, 0xff, 0xc2, 0xf0, 0xf, 0xf3, 0x40, 0x6,
    0x86, 0x0, 0xff, 0xe0, 0x15, 0xcb, 0xb0, 0x1,
    0x9e, 0x79, 0x80, 0x2, 0x20, 0x29, 0x90, 0xbe,
    0xa0, 0x43, 0x0, 0x1a, 0x88, 0x67, 0x9b, 0xb8,
    0x62, 0x9f, 0xd0, 0x5, 0x8e, 0x1, 0x97, 0x64,
    0x45, 0x3a, 0x80, 0x9, 0x60, 0x19, 0xd3, 0x0,
    0xf9, 0xb9, 0xc0, 0xb8, 0x1, 0x22, 0xf8, 0x84,
    0x5f, 0xf5, 0x5b, 0x50, 0x0, 0xbb, 0x9b, 0xbf,
    0xfc, 0x39, 0x0, 0xf1, 0x17, 0x8, 0x0, 0x48,
    0xb8, 0x40, 0x3c, 0xdb, 0xbe, 0x0, 0x7e, 0xef,
    0x40, 0x7, 0xff, 0xfc, 0x3, 0xff, 0x88, 0x3f,
    0xff, 0xb0, 0x1, 0xdf, 0xff, 0x8c, 0x3, 0xff,
    0x94, 0x3f, 0xff, 0xfc, 0x83,

    /* U+7ACB "立" */
    0x0, 0xff, 0x1a, 0x0, 0x7f, 0xf1, 0xe3, 0x24,
    0x3, 0xff, 0x8f, 0x60, 0x46, 0x1, 0xff, 0xc6,
    0x31, 0xb, 0x0, 0xff, 0xe3, 0xba, 0xe0, 0x7,
    0xf9, 0xbf, 0xff, 0x32, 0xdf, 0xff, 0xdc, 0x1,
    0xff, 0xcc, 0x4b, 0xbf, 0xfe, 0x35, 0x0, 0x9,
    0x12, 0xc, 0x44, 0xfc, 0x24, 0xe8, 0x90, 0x7,
    0x15, 0xba, 0x0, 0x7d, 0x32, 0xe0, 0xf, 0xc4,
    0x21, 0x80, 0x1f, 0x18, 0x28, 0x7, 0xf2, 0x2,
    0x0, 0x78, 0xc0, 0x16, 0x1, 0xfd, 0x80, 0x62,
    0x1, 0xd6, 0x2, 0x60, 0x1f, 0xc8, 0x0, 0x50,
    0xe, 0x40, 0x40, 0xf, 0xf1, 0x8, 0x60, 0x6,
    0x13, 0xf, 0x0, 0xff, 0x94, 0xc, 0x3, 0x38,
    0x1, 0x40, 0x3f, 0xe3, 0x4, 0x0, 0xda, 0x8,
    0x1, 0xff, 0xc0, 0xd0, 0x0, 0x80, 0x48, 0x1c,
    0x1, 0xff, 0xc0, 0x75, 0x91, 0x0, 0x30, 0x1,
    0x40, 0x3c, 0x48, 0x9c, 0xdc, 0x48, 0x95, 0x1,
    0xa2, 0x7c, 0xb7, 0x7f, 0xf1, 0x81, 0xdd, 0xfa,
    0x80, 0x3f, 0xf9, 0x40,

    /* U+7ADE "竞" */
    0x0, 0xff, 0xe9, 0x95, 0xf0, 0x80, 0x7f, 0xc4,
    0x5f, 0xa, 0xc, 0x91, 0x7c, 0x20, 0x2, 0xdd,
    0xfb, 0x0, 0xf, 0xbb, 0xf5, 0x0, 0x46, 0x7f,
    0xfc, 0x70, 0x1, 0x66, 0x56, 0x49, 0x99, 0xee,
    0x31, 0xec, 0xc4, 0x0, 0x78, 0xc5, 0xc4, 0x3,
    0xac, 0x4, 0x80, 0x32, 0x6e, 0xe9, 0x0, 0x7e,
    0xef, 0x30, 0x16, 0xee, 0xb1, 0x22, 0xe0, 0x0,
    0x91, 0x70, 0x0, 0x48, 0xb3, 0xaf, 0xff, 0xff,
    0x23, 0x0, 0x23, 0xdd, 0xff, 0xe1, 0x50, 0x7,
    0x9c, 0x8b, 0xff, 0x84, 0xe0, 0x1f, 0x8b, 0xff,
    0xfd, 0x0, 0x1f, 0xfd, 0x42, 0xaa, 0xff, 0x80,
    0x3f, 0xe5, 0x5f, 0xf1, 0x0, 0x7e, 0x4d, 0xd9,
    0x1, 0x77, 0x4e, 0x5, 0xbb, 0x78, 0x7, 0xc4,
    0x52, 0x87, 0x91, 0x3c, 0x4, 0x8b, 0x0, 0x80,
    0x7d, 0x2, 0x8, 0x1, 0xfc, 0x3f, 0x0, 0x1c,
    0xce, 0x10, 0x20, 0x1f, 0xc6, 0x2a, 0x1, 0x2e,
    0x48, 0x23, 0x80, 0x42, 0x4, 0x1, 0x90, 0x19,
    0x99, 0xf4, 0x60, 0xf6, 0x1, 0x88, 0x7, 0xff,
    0x48, 0x63, 0x98, 0x14, 0x74, 0x0, 0x72, 0x38,
    0x80, 0x72, 0xb8, 0xe7, 0x6b, 0x88, 0x7, 0xd1,
    0xdf, 0xfd, 0x40,

    /* U+7B26 "符" */
    0x0, 0x84, 0x3, 0xf8, 0x40, 0x3f, 0xea, 0xf7,
    0x0, 0xf0, 0xf7, 0xc, 0x3, 0xf1, 0x20, 0x18,
    0x7, 0x98, 0x0, 0x60, 0x1f, 0xac, 0x1, 0x7f,
    0xfb, 0x42, 0x40, 0x7f, 0xfd, 0xa0, 0x2c, 0x2,
    0x1, 0x8, 0x81, 0xc4, 0x4, 0x2, 0x11, 0x80,
    0x14, 0x7, 0xc8, 0xb, 0xdc, 0xf8, 0x9, 0xe8,
    0x1, 0xee, 0xb5, 0xd0, 0x3c, 0x20, 0x14, 0xc7,
    0x0, 0xd8, 0x1c, 0xc6, 0x40, 0x23, 0x17, 0x30,
    0x23, 0x26, 0x18, 0x1d, 0x0, 0xbd, 0xe0, 0x2,
    0x4f, 0x80, 0x6, 0x14, 0x28, 0x37, 0x8, 0x4,
    0x2d, 0xe0, 0x18, 0x40, 0xe, 0x40, 0x80, 0x1f,
    0x84, 0x60, 0xf, 0x14, 0x5, 0x1e, 0x67, 0xee,
    0x0, 0x66, 0x40, 0x1, 0xf0, 0x14, 0x13, 0x3f,
    0xc4, 0x0, 0x33, 0x80, 0x1a, 0x40, 0x11, 0xdd,
    0xfe, 0x90, 0x5, 0xdc, 0x38, 0x60, 0x1c, 0x88,
    0x24, 0x4e, 0x50, 0x2, 0x25, 0x6, 0xc, 0x1,
    0xdb, 0x2c, 0x1, 0xfe, 0x92, 0x8a, 0x0, 0xeb,
    0x9, 0x20, 0xf, 0xf6, 0x38, 0x7, 0x98, 0xc2,
    0x40, 0x3f, 0xc2, 0x1, 0xfb, 0xc1, 0x14, 0x3,
    0xff, 0x8c, 0x6c, 0x4c, 0x1, 0xff, 0xc7, 0x9d,
    0x30, 0xf, 0xfe, 0x40, 0x91, 0x4a, 0x1, 0xff,
    0xc5, 0x3d, 0xda, 0x40, 0xc0, 0x3f, 0xf8, 0x64,
    0x40, 0x12, 0x5d, 0x0, 0x80,

    /* U+7B97 "算" */
    0x0, 0xca, 0x20, 0x1f, 0x1a, 0x8, 0x7, 0xf9,
    0x6b, 0x84, 0x3, 0xdd, 0x70, 0x1, 0xfe, 0x80,
    0x1b, 0xaa, 0xc8, 0xc4, 0xb, 0x55, 0xe3, 0x0,
    0x41, 0x0, 0xaa, 0xf6, 0xc8, 0x0, 0xd5, 0x7c,
    0xc0, 0xce, 0x15, 0x0, 0x3b, 0xd8, 0xe0, 0x7b,
    0xa1, 0x6, 0xee, 0x94, 0xa4, 0x19, 0x5c, 0x44,
    0xe2, 0xa2, 0x1c, 0x44, 0x80, 0x61, 0x18, 0xa,
    0xd2, 0x5d, 0xc4, 0x64, 0xe2, 0xa6, 0xae, 0xe1,
    0x6, 0x70, 0xc, 0x96, 0x11, 0x3, 0x34, 0x44,
    0xa7, 0x11, 0x81, 0xa0, 0x3, 0xfa, 0xbb, 0xbf,
    0xd2, 0x1, 0xff, 0x57, 0x77, 0xfa, 0x40, 0x3f,
    0xe9, 0xcc, 0xff, 0x40, 0x7, 0xfd, 0xca, 0xbf,
    0xee, 0x0, 0xff, 0x9e, 0x23, 0xfc, 0xc0, 0x1f,
    0xf5, 0xff, 0xff, 0xa8, 0x3, 0xfe, 0xbe, 0xef,
    0xf5, 0x0, 0x7f, 0x5d, 0xc0, 0x7, 0xbb, 0xd2,
    0x0, 0x8b, 0xb0, 0x7, 0xc8, 0x90, 0x3, 0x11,
    0x33, 0x80, 0x11, 0x20, 0xd, 0x7b, 0xbc, 0x0,
    0xad, 0xdd, 0x80, 0xd, 0xde, 0x60, 0x72, 0x2e,
    0x0, 0x9, 0x17, 0x0, 0x4, 0x8b, 0x8, 0x67,
    0xfd, 0x60, 0x5, 0xff, 0xee, 0x0, 0x67, 0xfe,
    0x70, 0x9, 0x2a, 0xc0, 0xec, 0x3, 0xff, 0x86,
    0x5d, 0x6a, 0xf, 0x82, 0x1, 0xff, 0xc3, 0x26,
    0x28, 0xe8, 0x0, 0xff, 0xe3, 0x46, 0xb8, 0x80,
    0x7e, 0x1f, 0xf1, 0x80, 0x70,

    /* U+7BA1 "管" */
    0x0, 0xff, 0xe7, 0x37, 0x50, 0x7, 0xc7, 0xd6,
    0x1, 0xfe, 0xb1, 0x0, 0xfd, 0x42, 0xe0, 0x1f,
    0xc8, 0x40, 0xbf, 0xfd, 0x2, 0xc0, 0x7f, 0xfe,
    0x60, 0x4, 0x81, 0xb8, 0x82, 0x3b, 0xb2, 0x80,
    0x9c, 0xc0, 0x9d, 0xe5, 0xa, 0x22, 0x6c, 0x58,
    0x3c, 0x40, 0x18, 0x7e, 0x34, 0x4b, 0x62, 0x6,
    0x18, 0x5e, 0x20, 0xad, 0x61, 0x16, 0xfe, 0x40,
    0x34, 0xcc, 0x0, 0xcc, 0xf3, 0x77, 0x16, 0x5a,
    0x2, 0xd5, 0xdd, 0xe5, 0x17, 0x20, 0x12, 0x27,
    0xe3, 0x0, 0x22, 0x7f, 0x0, 0x75, 0xff, 0xff,
    0xf0, 0xa4, 0x3, 0xe1, 0xaa, 0xff, 0xe0, 0xc8,
    0x7, 0xae, 0x85, 0x57, 0xff, 0x82, 0xe9, 0x52,
    0x1, 0x2a, 0x9c, 0x1, 0xdf, 0xff, 0xac, 0x0,
    0x4a, 0x80, 0x1f, 0xfd, 0x3e, 0xff, 0xfd, 0x60,
    0x1f, 0xfc, 0x15, 0x66, 0xff, 0x80, 0x3f, 0xeb,
    0x99, 0xff, 0x40, 0x7, 0xfd, 0xdf, 0xff, 0xfc,
    0x3, 0x0, 0xfe, 0x56, 0x6f, 0xe5, 0x0, 0xff,
    0xe0, 0x54, 0xcf, 0xf5, 0x0, 0x7f, 0xf0, 0x2a,
    0xbf, 0xe0, 0xf, 0xfe, 0x2, 0xaf, 0xfc, 0x1,
    0xff, 0xc0, 0xef, 0xff, 0xf0, 0x7, 0x0,

    /* U+7CBE "精" */
    0x0, 0xdb, 0xc2, 0x1, 0xfb, 0xb8, 0x1, 0xf1,
    0x10, 0xc, 0x40, 0xd4, 0x40, 0x30, 0x8e, 0x0,
    0xf7, 0xf0, 0x6, 0xaa, 0x2e, 0xff, 0xdc, 0x0,
    0xef, 0xfc, 0xa0, 0xa6, 0x20, 0x12, 0xa, 0x2b,
    0x36, 0x0, 0x33, 0x78, 0x2c, 0x1c, 0x0, 0x44,
    0x60, 0xa1, 0x1c, 0x0, 0x11, 0xde, 0x60, 0x61,
    0xe0, 0xa, 0xa, 0x6, 0x77, 0xc0, 0x7, 0x7d,
    0x40, 0x12, 0x70, 0x4, 0xa4, 0x9, 0xff, 0x70,
    0x3, 0xbf, 0xec, 0x0, 0x2f, 0x10, 0x87, 0xf8,
    0xd6, 0x67, 0x58, 0x2, 0xe6, 0x74, 0xd, 0x54,
    0x0, 0x9a, 0xa6, 0xb3, 0x65, 0x0, 0x2b, 0x37,
    0x1, 0x10, 0x40, 0x4, 0x4e, 0x8f, 0xff, 0xfe,
    0x7, 0xe, 0xe9, 0x80, 0x11, 0xae, 0x3, 0x33,
    0xfe, 0x40, 0xc, 0xc0, 0xa, 0x20, 0x1, 0xb3,
    0x7f, 0x88, 0x2, 0x41, 0x0, 0xbc, 0x3, 0xf,
    0xff, 0x94, 0x3, 0xb8, 0x2, 0x42, 0x90, 0x8,
    0x5d, 0xfe, 0x0, 0xc4, 0xa6, 0x21, 0x0, 0xc4,
    0x1, 0x44, 0x78, 0x80, 0x34, 0x5, 0x0, 0x9,
    0xa0, 0x80, 0x3, 0xff, 0xe5, 0x0, 0x91, 0x41,
    0x80, 0x29, 0x70, 0x8, 0x5d, 0xfe, 0x0, 0x94,
    0x20, 0x3, 0xfd, 0x11, 0xe2, 0x0, 0x85, 0xdc,
    0x1, 0xfc, 0x3f, 0xfe, 0x50, 0xd, 0x0, 0x1f,
    0xfd, 0x92, 0xcc, 0x28, 0x18, 0x7, 0xff, 0x14,
    0x84, 0xc5, 0x94, 0x3, 0xbb, 0xc4, 0x2, 0x2f,
    0xe0, 0xd, 0xbf, 0xd2, 0x0,

    /* U+7CFB "系" */
    0x0, 0xff, 0xe1, 0x1a, 0xc5, 0xa8, 0x7, 0x9,
    0x1a, 0x33, 0xc4, 0xd6, 0x77, 0xe5, 0x3a, 0x51,
    0x80, 0x4b, 0xdb, 0x97, 0x30, 0xec, 0xa6, 0x20,
    0x48, 0xd3, 0x86, 0x1, 0x20, 0x91, 0xa2, 0xa8,
    0x0, 0x57, 0xdf, 0xb7, 0x2c, 0x60, 0x18, 0x7b,
    0x72, 0xec, 0xe0, 0x9a, 0x82, 0x3, 0x22, 0x1,
    0xfe, 0x3f, 0x27, 0xb0, 0x9, 0x3d, 0xbc, 0x3,
    0xf9, 0xf0, 0x66, 0x0, 0x4a, 0x2c, 0x4b, 0x40,
    0x3f, 0x74, 0x0, 0x23, 0xfd, 0xda, 0xe0, 0xda,
    0x60, 0x1f, 0x88, 0x0, 0x26, 0x60, 0x8, 0x6e,
    0x40, 0xc0, 0x3f, 0x77, 0x3f, 0xa4, 0x80, 0xd,
    0xe8, 0x3d, 0x88, 0x1, 0xf1, 0x9, 0x5d, 0x85,
    0x36, 0x44, 0x6, 0x42, 0xcc, 0x3, 0xc5, 0x3a,
    0x85, 0x32, 0x14, 0x56, 0x7f, 0x10, 0xc2, 0x0,
    0x8a, 0xf5, 0x80, 0x5, 0x3b, 0x97, 0x53, 0xe,
    0x20, 0xf, 0x10, 0x1, 0xa0, 0x6, 0x13, 0x40,
    0x2, 0xcd, 0x5e, 0x69, 0x12, 0xc0, 0x3, 0x37,
    0xbd, 0xfd, 0x96, 0x0, 0xe6, 0x54, 0x32, 0xe0,
    0x20, 0x9, 0x90, 0x32, 0x8c, 0x3, 0xc9, 0xb4,
    0x7, 0xd0, 0x1, 0x87, 0xc9, 0x4, 0x3, 0xc4,
    0x45, 0xd2, 0x10, 0xc, 0x58, 0x41, 0xa4, 0x1,
    0xe6, 0xc1, 0x2d, 0x40, 0x9, 0xb4, 0x82, 0xcc,
    0x3, 0xf1, 0xf9, 0x5, 0xa8, 0x1c, 0x80, 0xea,
    0x9, 0x9, 0x0, 0x78, 0x70, 0xc2, 0x88, 0xf5,
    0x7c, 0x81, 0x77, 0xb4, 0x0, 0xc0, 0x18, 0x71,
    0x70, 0x80, 0xa8, 0x40, 0x8, 0x20, 0x27, 0x44,
    0x1, 0xea, 0x30,

    /* U+7EBF "线" */
    0x0, 0xff, 0xe7, 0xbc, 0x8, 0x7, 0x17, 0xf8,
    0x49, 0x80, 0x3f, 0xa5, 0xe4, 0x3, 0x8c, 0x2,
    0xe9, 0xd4, 0x0, 0xf3, 0x8, 0x48, 0x7, 0xe3,
    0xc6, 0x2b, 0x20, 0xe, 0xb0, 0x71, 0x0, 0xe1,
    0x0, 0xd3, 0x74, 0x40, 0x19, 0x8, 0x24, 0x3,
    0xf9, 0x1e, 0x62, 0xec, 0x1, 0xa4, 0x24, 0x53,
    0xd, 0x22, 0xf4, 0x1, 0x30, 0xc6, 0x2c, 0x1,
    0x39, 0x1b, 0x4, 0x9d, 0x1b, 0xa1, 0x0, 0xd,
    0xa6, 0xfb, 0x40, 0x9, 0x1, 0x6d, 0x24, 0x30,
    0xaf, 0x58, 0x41, 0x32, 0x64, 0x10, 0xb, 0xc0,
    0x11, 0x2c, 0x16, 0x25, 0xa, 0x6c, 0x4, 0x1,
    0x1b, 0x10, 0x70, 0xa3, 0x8, 0x22, 0x80, 0x70,
    0x85, 0xd6, 0xfe, 0x4a, 0x82, 0xf5, 0xf8, 0x8a,
    0x80, 0xb, 0x17, 0xca, 0x6, 0xa4, 0x6, 0xc6,
    0x1, 0x1c, 0x86, 0x88, 0x2, 0x9d, 0x4, 0x0,
    0x35, 0xbf, 0x92, 0x80, 0x2, 0xd0, 0x77, 0x34,
    0x9b, 0xba, 0xb7, 0x0, 0x54, 0x82, 0xb9, 0x80,
    0xfc, 0x41, 0xee, 0x59, 0xe2, 0xa, 0x46, 0x0,
    0x30, 0x65, 0x14, 0x4, 0x20, 0x0, 0xa4, 0x5a,
    0x0, 0x71, 0x2, 0xb4, 0x85, 0x10, 0x32, 0xd6,
    0xf5, 0xba, 0x0, 0x79, 0x2, 0x24, 0x21, 0x40,
    0x3, 0x4a, 0x40, 0x2, 0x64, 0x0, 0xec, 0x1,
    0x9, 0x70, 0xf, 0x24, 0x6e, 0xa7, 0x0, 0x34,
    0x50, 0x1, 0xd8, 0x10, 0x0, 0x97, 0xf6, 0xe4,
    0x2d, 0x60, 0x2f, 0xce, 0x2, 0xa, 0x0, 0xed,
    0x3, 0x40, 0x27, 0xce, 0x97, 0xbe, 0x81, 0x2b,
    0xf0, 0x2b, 0x34, 0x30, 0x48, 0xdd, 0x41, 0x80,
    0x5, 0x0, 0xa7, 0x50, 0x68, 0x13, 0x5, 0xc0,
    0xdc, 0x80, 0x39, 0x67, 0x35, 0x80, 0x25, 0xa2,
    0x4, 0x80,

    /* U+7EC4 "组" */
    0x0, 0xff, 0xe7, 0x3e, 0xa8, 0x7, 0xff, 0x1e,
    0x48, 0x80, 0x13, 0xff, 0xfe, 0xe0, 0xe, 0x61,
    0x13, 0x80, 0x7f, 0xf0, 0x4, 0x3, 0xac, 0x20,
    0x3, 0xcb, 0xff, 0xac, 0x3, 0xca, 0x44, 0x60,
    0xf, 0x18, 0x6, 0x70, 0xf, 0x40, 0x70, 0xf,
    0x38, 0x7, 0xff, 0xa, 0x9, 0x8c, 0x2c, 0x70,
    0x3, 0xff, 0x82, 0xce, 0x3, 0x14, 0xa3, 0x40,
    0x13, 0x77, 0x6c, 0x0, 0xda, 0x0, 0x77, 0x28,
    0x58, 0x80, 0x61, 0x1c, 0x1, 0xdc, 0x8f, 0x44,
    0xa, 0xa0, 0xc, 0xbf, 0xfa, 0xc0, 0x32, 0xdc,
    0x19, 0x1d, 0x0, 0x71, 0x80, 0x67, 0x0, 0xf2,
    0x48, 0xe8, 0x7, 0xff, 0x14, 0xec, 0x19, 0x95,
    0xb6, 0x1, 0xff, 0xc1, 0x6c, 0x0, 0x3c, 0x29,
    0x8, 0x4, 0xdd, 0xdb, 0x0, 0x3e, 0x15, 0x8b,
    0xfa, 0x0, 0xc2, 0x38, 0x3, 0x9e, 0x77, 0xa9,
    0xd0, 0x3, 0x97, 0xff, 0x58, 0x6, 0x16, 0x20,
    0xf, 0xe3, 0x0, 0xce, 0x1, 0xf8, 0xda, 0xba,
    0x0, 0x3f, 0xf8, 0x27, 0x17, 0xf9, 0x2a, 0x20,
    0x1f, 0xfc, 0x2a, 0x74, 0x0, 0x2c, 0xf4, 0x0,
    0x46, 0x1, 0xfd, 0xe6, 0xf9, 0xf4, 0xc3, 0x9f,
    0x0, 0xbf, 0xfb, 0x0, 0x1f, 0xe6, 0xc8, 0x30,
    0xf, 0xfe, 0x30,

    /* U+7ECF "经" */
    0x0, 0xe1, 0x0, 0xff, 0xe5, 0xfd, 0x90, 0x7,
    0xff, 0x21, 0x45, 0x0, 0x2c, 0xff, 0xfe, 0xd3,
    0x0, 0xf4, 0x82, 0x90, 0x7, 0xff, 0x0, 0x80,
    0x3c, 0x66, 0x8, 0x0, 0xb3, 0xff, 0xd6, 0x0,
    0x63, 0x0, 0xe8, 0x6, 0x20, 0x10, 0xf, 0x8a,
    0x80, 0xa4, 0x3, 0x91, 0x3, 0x0, 0xde, 0xa0,
    0x1c, 0x98, 0x22, 0xc0, 0xf, 0x48, 0x40, 0x8a,
    0x7, 0xc0, 0x33, 0xd8, 0x86, 0x8, 0x7, 0x59,
    0x7, 0x56, 0x8, 0xac, 0x0, 0x99, 0x0, 0x17,
    0xa8, 0x7, 0x20, 0x1, 0xd4, 0x82, 0x85, 0x2e,
    0xc6, 0xf, 0x22, 0x55, 0xcc, 0x1, 0x32, 0xc4,
    0x0, 0xc, 0xce, 0xb4, 0x4, 0xd8, 0x6e, 0x91,
    0x14, 0xe8, 0x2, 0x69, 0xec, 0xe, 0x49, 0x1,
    0x2e, 0xc4, 0x1, 0x37, 0x40, 0x28, 0x6, 0xa3,
    0x2d, 0x0, 0x56, 0xda, 0x0, 0x7c, 0xfb, 0x0,
    0x14, 0x28, 0x24, 0xdf, 0x15, 0xff, 0xff, 0xc0,
    0x15, 0xb8, 0x1, 0x9d, 0x4, 0x3, 0xff, 0x8e,
    0x4b, 0x19, 0xe5, 0x3f, 0xf8, 0x1, 0xbf, 0xf6,
    0x80, 0x5f, 0x5d, 0xb4, 0xe6, 0x1, 0xff, 0xc5,
    0x45, 0x10, 0x9, 0x20, 0x3, 0xff, 0x8a, 0x2b,
    0x19, 0xf6, 0xe4, 0x1, 0xff, 0xc3, 0xce, 0xa7,
    0x30, 0x37, 0x30, 0xf, 0xfe, 0x29, 0x35, 0x76,
    0x47, 0x7f, 0xf0, 0x3, 0x7f, 0xf8, 0x1, 0xfb,
    0xa9, 0x51, 0x0, 0xff, 0xe3, 0x19, 0x0, 0x7b,
    0x77, 0xff, 0x84, 0x0,

    /* U+7ED3 "结" */
    0x0, 0xe1, 0x0, 0xfe, 0x45, 0x20, 0xf, 0xe1,
    0xeb, 0x30, 0xf, 0xa6, 0x94, 0x3, 0xf9, 0x81,
    0x0, 0x3f, 0xf9, 0x12, 0x8, 0x60, 0x1f, 0xde,
    0x1, 0xf9, 0x44, 0x20, 0x0, 0x3f, 0xfc, 0x40,
    0xff, 0xfa, 0x80, 0x28, 0x4, 0x30, 0x10, 0xf,
    0xfe, 0x23, 0x90, 0x50, 0x3f, 0xbf, 0x77, 0x10,
    0x3f, 0x76, 0xb0, 0x38, 0x8, 0x11, 0x40, 0xe0,
    0x8f, 0x0, 0x3c, 0x47, 0xda, 0x0, 0xdb, 0xc0,
    0x1b, 0x0, 0xff, 0xe0, 0x89, 0x80, 0x15, 0x8,
    0x2c, 0x5f, 0xbb, 0x10, 0x47, 0x76, 0x30, 0x99,
    0x65, 0x80, 0x15, 0x40, 0x1, 0x1c, 0x1, 0x8,
    0xe0, 0x2, 0x31, 0xc8, 0x15, 0x0, 0x1b, 0x33,
    0xfe, 0x30, 0xa, 0x88, 0x3c, 0x2, 0x13, 0x3f,
    0xf8, 0x2, 0x85, 0x8, 0x78, 0xb9, 0x2, 0x33,
    0xfe, 0x20, 0x4, 0x38, 0x2, 0x29, 0xd1, 0x43,
    0xf3, 0x3f, 0xa4, 0x0, 0x60, 0x10, 0xa3, 0xd7,
    0x0, 0x44, 0x67, 0xc2, 0x1, 0xb9, 0xab, 0xb9,
    0x70, 0xa4, 0x1, 0x4e, 0x67, 0x30, 0x6, 0x59,
    0x51, 0x0, 0xff, 0xe5, 0x9, 0xb4, 0xe6, 0x80,
    0x7f, 0xf0, 0xa2, 0xf7, 0xb2, 0x58, 0xc8, 0x2,
    0x10, 0xe, 0x10, 0xc, 0xc8, 0x40, 0x4, 0x7b,
    0xe0, 0xa, 0xbf, 0xf9, 0x80, 0x33, 0xb4, 0xef,
    0xdc, 0x20, 0x80, 0x7f, 0xf0, 0xa6, 0x4c, 0x40,
    0x1f, 0xaf, 0xff, 0xa0, 0x44, 0x0,

    /* U+7EDF "统" */
    0x0, 0xe2, 0x0, 0xfe, 0x12, 0x0, 0xff, 0xe0,
    0x77, 0x18, 0x3, 0xcf, 0xdc, 0x0, 0xff, 0x8c,
    0xc2, 0x1, 0xf2, 0x81, 0xa0, 0x7, 0xfa, 0x80,
    0x58, 0x3, 0xc4, 0x80, 0x60, 0x1f, 0xc2, 0xc1,
    0x20, 0x1, 0xff, 0xe4, 0x8, 0xff, 0xda, 0x1,
    0xa4, 0x5, 0xc4, 0x40, 0x1f, 0xfc, 0x13, 0x0,
    0x85, 0xc2, 0xc2, 0x3d, 0x3f, 0xe9, 0x0, 0x57,
    0xfb, 0xbf, 0xdc, 0x1, 0x58, 0x22, 0x93, 0x9,
    0x0, 0x6, 0x1, 0x54, 0xf, 0x82, 0x1, 0x99,
    0x40, 0xe3, 0x80, 0x9c, 0x1, 0x42, 0x2b, 0x0,
    0x59, 0x40, 0x6, 0xb0, 0x3, 0xb8, 0xc2, 0x40,
    0xe, 0x81, 0x42, 0x0, 0xe0, 0x64, 0x0, 0xa8,
    0x5, 0x0, 0x8, 0x80, 0x78, 0x2, 0x38, 0xac,
    0xf0, 0x4, 0x80, 0x4d, 0xdc, 0xc0, 0x1a, 0x7,
    0x80, 0x1, 0x43, 0xa9, 0x90, 0x0, 0x98, 0x0,
    0x22, 0x38, 0xb, 0x10, 0x50, 0x0, 0x9a, 0xbc,
    0xd6, 0x74, 0x5, 0x80, 0x43, 0xc0, 0xa8, 0xb0,
    0x79, 0xee, 0x1f, 0xb, 0x1e, 0x2e, 0xd8, 0x0,
    0x1d, 0x20, 0x5e, 0xa7, 0x33, 0x2, 0x99, 0x80,
    0x4, 0x60, 0x9, 0x10, 0x5, 0x98, 0x6, 0x48,
    0x30, 0x0, 0x81, 0x0, 0x7f, 0xb8, 0x16, 0x77,
    0xed, 0xc4, 0x0, 0x40, 0xe0, 0x1f, 0xe4, 0xfa,
    0x62, 0x0, 0x18, 0x82, 0x0, 0xc, 0x3, 0xc2,
    0x1, 0xf2, 0x4f, 0x62, 0x86, 0x82, 0x0, 0x7d,
    0x76, 0x10, 0x15, 0xae, 0xb6, 0x12, 0x4, 0x60,
    0xd0, 0xf, 0x85, 0xc, 0x2e, 0x94, 0x44, 0xd9,
    0xaf, 0x40, 0x6c, 0x1, 0xf3, 0x1, 0x6, 0x2,
    0xdf, 0x49, 0xd6, 0x8, 0x70, 0x4, 0x40, 0xe,
    0xe1, 0x18, 0x1, 0xbe, 0x90, 0x2, 0xf0, 0x3d,
    0x20, 0x8, 0x5c, 0x47, 0x40, 0x7, 0xf2, 0xde,
    0x10, 0x7, 0x47, 0x7f, 0xb9, 0x0,

    /* U+7F13 "缓" */
    0x0, 0xff, 0xe8, 0xf5, 0x10, 0x7, 0x9, 0x1a,
    0xbc, 0x5e, 0xc0, 0x7, 0x94, 0x54, 0x1, 0x3d,
    0xfe, 0xed, 0xca, 0x87, 0x42, 0x52, 0x0, 0xe9,
    0x5, 0x20, 0xf3, 0x32, 0x2b, 0x23, 0xcd, 0xe4,
    0x79, 0x0, 0x62, 0x30, 0x80, 0x3, 0x50, 0xcd,
    0x72, 0x73, 0x22, 0x23, 0x80, 0x3a, 0x1, 0x48,
    0x2, 0x12, 0xb0, 0x30, 0xc0, 0x4, 0x87, 0x0,
    0x62, 0x50, 0xb0, 0xab, 0x26, 0x4, 0x5, 0x0,
    0xa0, 0x5c, 0x80, 0x34, 0x84, 0x9, 0xaa, 0x5d,
    0x84, 0x57, 0x46, 0x36, 0xe0, 0x96, 0xe0, 0x7,
    0x40, 0xf9, 0xe0, 0x5e, 0x41, 0x34, 0x41, 0xa2,
    0x0, 0x6, 0x9a, 0x0, 0x90, 0x3, 0xb1, 0xd,
    0xbf, 0xf9, 0x2, 0x3f, 0xfe, 0xa0, 0x3, 0x8a,
    0x28, 0x2, 0x4, 0x73, 0x0, 0x8f, 0xf0, 0x2,
    0x7a, 0xc0, 0xa, 0xcc, 0xee, 0x88, 0x27, 0xbb,
    0xef, 0x0, 0xcc, 0xa5, 0x40, 0x48, 0x83, 0x0,
    0x22, 0x7f, 0x0, 0x49, 0x21, 0xb, 0x1d, 0x76,
    0x80, 0x1b, 0xbf, 0xd4, 0x0, 0x6b, 0x0, 0x55,
    0x1d, 0x40, 0x6, 0x3, 0xff, 0xf2, 0x80, 0x58,
    0x1, 0x13, 0x4e, 0x0, 0x2c, 0x0, 0xac, 0xd2,
    0x80, 0x10, 0x2, 0xe7, 0xbf, 0xd9, 0x63, 0x2,
    0x30, 0xa, 0x66, 0xd0, 0x51, 0x0, 0x92, 0x10,
    0x0, 0x2d, 0x21, 0x60, 0x64, 0xb0, 0x5, 0x1,
    0x20, 0x1e, 0x17, 0xce, 0x96, 0x46, 0xe, 0xf1,
    0x7b, 0xc0, 0x93, 0x0, 0xcf, 0x9d, 0x6, 0x2f,
    0x92, 0xa, 0x44, 0xd0, 0x41, 0x26, 0x0, 0xeb,
    0x30, 0x4a, 0xe9, 0xe2, 0x1b, 0x17, 0xd0, 0x8,
    0xba, 0x50, 0x2, 0xb8, 0xeb, 0x50, 0xb2, 0xa,
    0xde, 0x81, 0x4c, 0xa2, 0x16, 0xbf, 0x30, 0x77,
    0x8, 0x5, 0x4b, 0xa9, 0x42, 0xd9, 0x66, 0xbb,
    0x6c, 0x2e, 0x60, 0x1f, 0xa8, 0x81, 0xba, 0x4c,
    0x3, 0x24, 0xf4, 0x0,

    /* U+7F16 "编" */
    0x0, 0xe2, 0x0, 0xfe, 0x23, 0x0, 0xff, 0x2e,
    0xe0, 0x7, 0xcd, 0xba, 0x0, 0xff, 0x78, 0x28,
    0x7, 0xce, 0x2, 0xc0, 0x1f, 0xca, 0x16, 0x0,
    0x1c, 0xcd, 0xa0, 0x8, 0xcc, 0xc6, 0x1, 0x30,
    0x21, 0x0, 0x46, 0x7c, 0x0, 0x13, 0x3c, 0xe0,
    0x15, 0x7, 0x81, 0x80, 0x43, 0xff, 0xf8, 0x40,
    0x32, 0x1a, 0x25, 0x92, 0x1, 0xff, 0x18, 0x6,
    0x80, 0x90, 0x80, 0xf0, 0x0, 0xe6, 0x7e, 0x20,
    0xa, 0xc, 0x62, 0xcc, 0x98, 0x2, 0x33, 0xfc,
    0x1, 0x98, 0x5, 0x50, 0x20, 0xc, 0x7, 0xff,
    0xfc, 0x81, 0x2b, 0xa, 0x6, 0xa0, 0x1f, 0xfc,
    0x47, 0xa6, 0x40, 0xe0, 0xc, 0x3f, 0xff, 0xe9,
    0x0, 0xac, 0x60, 0x80, 0xc, 0x1, 0x9, 0x80,
    0x90, 0x11, 0x0, 0x33, 0x28, 0x94, 0x61, 0x8,
    0x5, 0x18, 0x11, 0xe1, 0xd8, 0x1, 0x34, 0x80,
    0xd3, 0x98, 0x90, 0x10, 0x7, 0xff, 0x3, 0x0,
    0x4, 0xd3, 0xa7, 0xc0, 0xc0, 0x18, 0x44, 0xe,
    0x60, 0x17, 0x46, 0xea, 0x58, 0x81, 0x0, 0xc2,
    0x7c, 0x23, 0x2, 0xf4, 0x2, 0x47, 0x20, 0x17,
    0xe2, 0x20, 0x68, 0x12, 0x1, 0x18, 0x1a, 0x0,
    0x72, 0x5f, 0x40, 0xd0, 0x10, 0x2, 0xec, 0x17,
    0xc1, 0xf4, 0x1, 0x47, 0x5a, 0xb, 0xf1, 0x2,
    0x80, 0x7f, 0xf0, 0x50, 0x4a, 0x7a, 0x1, 0x42,
    0xc0, 0x3f, 0xf8, 0x33, 0x7a, 0xc0, 0x4, 0x3,
    0x30, 0x7, 0xe4, 0xb0, 0x9, 0x50, 0x3, 0x2e,
    0x40, 0x7, 0x6b, 0x97, 0x2a, 0x8a, 0x80, 0x3f,
    0x1a, 0x2, 0xfb, 0x1, 0x8, 0x9, 0x7e, 0x98,

    /* U+7F3A "缺" */
    0x0, 0xff, 0xe1, 0x88, 0x80, 0x3f, 0x87, 0xf0,
    0x3, 0xfd, 0xdc, 0x20, 0xf, 0xc8, 0xc, 0x1,
    0xff, 0xc9, 0xc0, 0x16, 0x6e, 0x20, 0xf, 0xfe,
    0x1a, 0x2, 0x4c, 0xf2, 0x0, 0x8c, 0x0, 0x61,
    0x18, 0x3, 0x21, 0x11, 0xc0, 0xc, 0xee, 0x55,
    0x77, 0x40, 0xb, 0xee, 0x88, 0x2, 0xf0, 0x88,
    0x8, 0x4c, 0x40, 0xc0, 0x3f, 0xf8, 0x22, 0xa4,
    0xa0, 0x1f, 0x2f, 0xfc, 0x0, 0xdf, 0x10, 0xc,
    0x3d, 0xe0, 0x1f, 0xfc, 0xab, 0xec, 0xc0, 0x86,
    0x65, 0x40, 0x1f, 0xfc, 0x25, 0x33, 0x80, 0x6,
    0x73, 0x80, 0x7f, 0xf0, 0xb3, 0x30, 0x3, 0x32,
    0xf6, 0x77, 0x40, 0x2, 0xdc, 0x42, 0xcc, 0x0,
    0x46, 0x70, 0x81, 0x98, 0x89, 0x51, 0x7, 0x0,
    0x34, 0x0, 0x19, 0x0, 0x9, 0xee, 0x1, 0x93,
    0x99, 0x51, 0x4, 0x1, 0x1a, 0x24, 0x40, 0x1f,
    0xfc, 0x9, 0xbb, 0x80, 0x29, 0xbb, 0x94, 0x3,
    0xff, 0x87, 0x80, 0x17, 0x0, 0x7f, 0xf1, 0xd4,
    0x24, 0x10, 0xc0, 0x3f, 0xf8, 0xac, 0x0, 0x76,
    0xf, 0x0, 0xfb, 0xc8, 0x42, 0x3c, 0x2, 0x18,
    0x6, 0x1b, 0x3, 0x70, 0xf, 0x3e, 0x80, 0x1d,
    0x0, 0x2b, 0x10, 0xb0, 0x26, 0x8, 0x40, 0xc,
    0x28, 0xd1, 0x7b, 0x40, 0x32, 0xa1, 0x24, 0x0,
    0x92, 0xb, 0x70, 0x2, 0x75, 0xcb, 0xa1, 0x26,
    0x1b, 0x3, 0x30, 0x3, 0x78, 0x87, 0x80, 0x7f,
    0x9, 0xa5, 0xbc, 0x80, 0x71, 0x7b, 0xc0, 0x0,

    /* U+8282 "节" */
    0x0, 0xe1, 0x55, 0x0, 0x79, 0x54, 0x40, 0x1f,
    0xe2, 0xaa, 0x8, 0x7, 0x45, 0x50, 0x3, 0xff,
    0x9e, 0xb9, 0x9b, 0x80, 0x19, 0x9e, 0x20, 0x6c,
    0xcd, 0x46, 0x7c, 0x40, 0x2, 0x33, 0xe0, 0x0,
    0x99, 0xe7, 0x4a, 0xad, 0x0, 0x9, 0xaa, 0xe1,
    0x5, 0xaa, 0xd2, 0x4a, 0xb9, 0x0, 0xe, 0xab,
    0xc6, 0x4, 0xab, 0x90, 0x3, 0xc4, 0x40, 0xf,
    0x9, 0x78, 0x7, 0xf8, 0xf7, 0x42, 0x1, 0xd9,
    0xae, 0x1, 0xe8, 0xee, 0xff, 0xe2, 0xd0, 0x4,
    0x23, 0xff, 0xc7, 0x0, 0xaf, 0x33, 0x94, 0x7,
    0x33, 0xe4, 0x0, 0xe2, 0x33, 0xe2, 0x3, 0x3f,
    0xc2, 0x1, 0xff, 0xff, 0x0, 0xff, 0xe9, 0x2a,
    0xe7, 0x1, 0x0, 0xff, 0xe1, 0xf5, 0x54, 0x41,
    0xa0, 0x1f, 0xfc, 0x3c, 0x0, 0xa, 0x43, 0x80,
    0x7f, 0xf0, 0xdf, 0xfd, 0xd6, 0xe0, 0x1f, 0xfe,
    0x30,

    /* U+8303 "范" */
    0x0, 0xf0, 0x88, 0x3, 0xc2, 0x30, 0x7, 0xfc,
    0x7d, 0xc1, 0x0, 0xeb, 0xe8, 0x0, 0xf0, 0x91,
    0x66, 0x0, 0x29, 0x17, 0x8, 0x19, 0x17, 0x2,
    0x6e, 0xea, 0x0, 0x5e, 0xef, 0x20, 0x2e, 0xee,
    0xf0, 0x1, 0x16, 0x10, 0x0, 0x91, 0x70, 0x4,
    0x45, 0x98, 0x17, 0x77, 0x80, 0x1f, 0xbb, 0xca,
    0xd, 0xbb, 0xac, 0x3, 0xff, 0x9c, 0x56, 0x66,
    0xff, 0x8, 0x7, 0x57, 0xc8, 0x7, 0xe8, 0x4c,
    0xa2, 0x0, 0x7f, 0xff, 0xc4, 0x1, 0xaa, 0x45,
    0x75, 0x0, 0x3f, 0xf8, 0xcd, 0xea, 0x48, 0x1,
    0x4f, 0x77, 0x68, 0x7, 0x90, 0xc0, 0x6b, 0x40,
    0x31, 0x88, 0xf1, 0x0, 0x71, 0x5e, 0x61, 0x0,
    0x3f, 0xf8, 0xc5, 0x44, 0x77, 0x80, 0x1f, 0xf0,
    0x80, 0x79, 0x76, 0x85, 0x0, 0x3f, 0x67, 0x74,
    0x0, 0x20, 0xe, 0x5e, 0x8b, 0x50, 0xf, 0x50,
    0x88, 0x6, 0x40, 0x3f, 0x42, 0x58, 0x7, 0x9b,
    0x75, 0xdc, 0x60, 0xf, 0x95, 0xc2, 0x0, 0x3e,
    0x22, 0x8, 0x1, 0xc0, 0x38, 0xe8, 0x15, 0x80,
    0x3f, 0xf8, 0x11, 0xe4, 0x0, 0x2d, 0x2, 0xa0,
    0xf, 0xfe, 0x1, 0x0, 0xc, 0x7, 0xc4, 0x5e,
    0x1, 0x10, 0x78, 0x8f, 0xd6, 0x2, 0x20, 0xa2,
    0xd, 0x20, 0x9, 0x1, 0x7b, 0xbe, 0x60, 0x60,
    0x4, 0x85, 0x18, 0x6, 0x86, 0x10, 0xf, 0x89,
    0xe0, 0x0, 0x5c, 0xa0, 0x1c, 0x33, 0xdf, 0xff,
    0x6c, 0x0, 0x0,

    /* U+865A "虚" */
    0x0, 0xfe, 0x5e, 0xb0, 0xf, 0xfe, 0x40, 0xad,
    0x57, 0xd0, 0x1, 0xff, 0xc1, 0x15, 0x5f, 0x90,
    0x3, 0xff, 0x82, 0x5d, 0xdf, 0x68, 0x6, 0x11,
    0xf8, 0xc0, 0x3f, 0x8c, 0x3, 0x7f, 0x77, 0xa4,
    0xb, 0xbb, 0xed, 0xf5, 0x0, 0xc4, 0x89, 0x88,
    0x5, 0x13, 0xc4, 0x0, 0x40, 0xd, 0x37, 0x7a,
    0x1, 0x6a, 0x63, 0xfa, 0xd0, 0x10, 0x40, 0x39,
    0xaa, 0xf2, 0xc1, 0x3b, 0x72, 0xe8, 0xb1, 0x60,
    0x3, 0xdc, 0x22, 0x55, 0x1, 0x5e, 0x77, 0xf8,
    0x97, 0x6c, 0x40, 0x3a, 0x2e, 0xa7, 0xc0, 0xb6,
    0xa2, 0x66, 0xa8, 0x73, 0x0, 0xfe, 0x46, 0x16,
    0x6f, 0x28, 0x39, 0x0, 0x4, 0x1c, 0x3, 0xa7,
    0xbf, 0xff, 0x40, 0x7, 0xfa, 0x20, 0x0, 0x78,
    0x10, 0xf, 0x84, 0x0, 0x46, 0x80, 0x2e, 0xe0,
    0x4, 0xb9, 0x81, 0x39, 0x0, 0x44, 0x0, 0x3c,
    0xb1, 0x0, 0xfe, 0x88, 0x70, 0x4, 0xc0, 0x44,
    0x50, 0x90, 0xf, 0xc4, 0xa1, 0xc0, 0x16, 0x3,
    0x84, 0x83, 0x0, 0x7c, 0x32, 0x10, 0x40, 0x12,
    0x6, 0x1, 0x88, 0x10, 0x7, 0x99, 0x51, 0xc0,
    0x23, 0x20, 0x40, 0x6, 0x71, 0x0, 0x79, 0xfa,
    0xc0, 0x34, 0x81, 0xa7, 0x73, 0x3b, 0xc0, 0x1d,
    0xc1, 0xc, 0xee, 0xe4, 0xd0, 0x90, 0x11, 0xe0,
    0x0, 0x88, 0x0, 0x23, 0xe0, 0x7d, 0x56, 0xff,
    0xff, 0xe2, 0xa0,

    /* U+884C "行" */
    0x0, 0xf1, 0x0, 0x7f, 0xf2, 0x8f, 0x79, 0x0,
    0x3f, 0xf8, 0xe5, 0xa0, 0x48, 0x9, 0xff, 0xff,
    0x28, 0x6, 0x2c, 0x12, 0xd0, 0xf, 0xfe, 0x32,
    0xe8, 0x8b, 0xc4, 0x0, 0x9b, 0xbf, 0xf2, 0x0,
    0x22, 0x80, 0xbc, 0x80, 0x31, 0x17, 0xfc, 0x20,
    0x19, 0x34, 0x45, 0xd6, 0x40, 0x1f, 0xfc, 0x38,
    0x85, 0x80, 0x2c, 0x54, 0xc0, 0x3f, 0xf8, 0x8e,
    0x0, 0x65, 0xa, 0x12, 0x2f, 0xfe, 0x8, 0x7,
    0x24, 0x83, 0x22, 0x37, 0x7f, 0xf8, 0x20, 0x18,
    0xec, 0x1, 0x20, 0x1f, 0xfc, 0x63, 0xc0, 0x0,
    0x80, 0x13, 0xff, 0xe4, 0x6, 0xff, 0x80, 0xd,
    0x80, 0x1f, 0xfc, 0xab, 0x1, 0x80, 0xf, 0xfe,
    0x47, 0x9f, 0x98, 0x7, 0xff, 0x20, 0xb0, 0x40,
    0x3f, 0xff, 0xe0, 0x1f, 0xfe, 0xa4, 0x54, 0x56,
    0x1, 0x0, 0xff, 0xe2, 0xed, 0x5d, 0x10, 0x68,
    0x7, 0xff, 0x17, 0x44, 0x44, 0xb2, 0xa0, 0x18,

    /* U+8865 "补" */
    0x0, 0xcf, 0x20, 0x1f, 0x1f, 0xf8, 0x80, 0x3f,
    0x8a, 0x1a, 0x40, 0x3f, 0xf8, 0xe5, 0x80, 0xcc,
    0x0, 0xff, 0xe3, 0x9c, 0x12, 0x0, 0x7f, 0xf1,
    0x37, 0xfe, 0x82, 0xdf, 0xf3, 0x0, 0x7f, 0xf2,
    0xb8, 0x3, 0xff, 0x83, 0xbf, 0xfd, 0x20, 0x9,
    0x0, 0xff, 0xe3, 0xc, 0x4, 0x8, 0x7, 0x74,
    0x80, 0x7f, 0xd6, 0x26, 0xe4, 0x20, 0x18, 0xdb,
    0x4, 0x3, 0xf4, 0x28, 0x70, 0x7e, 0x10, 0x4,
    0xe0, 0x7e, 0x80, 0x1e, 0x67, 0x2, 0x39, 0x20,
    0x30, 0xa, 0xac, 0x6, 0xd4, 0x3, 0x34, 0x80,
    0xb, 0xd8, 0xb0, 0x40, 0x32, 0x68, 0x85, 0x38,
    0x1, 0xe4, 0x2, 0x21, 0xe, 0x10, 0xf, 0x16,
    0x10, 0x0, 0x6e, 0x1, 0x8, 0x2d, 0x43, 0x84,
    0x3, 0xe2, 0xc9, 0x73, 0x40, 0x5b, 0x0, 0xa8,
    0xcb, 0x40, 0x3f, 0xb, 0x1, 0x34, 0x50, 0x7,
    0x68, 0xd0, 0x7, 0xff, 0x2, 0x5c, 0x3, 0xc3,
    0xec, 0x1, 0xff, 0xc9, 0x10, 0xf, 0xff, 0xf8,
    0x7, 0xff, 0x44,

    /* U+8868 "表" */
    0x0, 0xff, 0x37, 0xe8, 0x7, 0xff, 0x5e, 0xbf,
    0xfe, 0x90, 0x2f, 0xff, 0xcc, 0x1, 0x19, 0x17,
    0xc2, 0x0, 0x22, 0xfc, 0x60, 0x14, 0xee, 0xfd,
    0x0, 0x5b, 0xbf, 0x94, 0x3, 0x2d, 0xdf, 0xc0,
    0x57, 0x7f, 0x20, 0x7, 0x12, 0x27, 0x88, 0x0,
    0x89, 0xf1, 0x0, 0x73, 0xff, 0xfa, 0x40, 0xbf,
    0xfe, 0x60, 0xf, 0xfe, 0x75, 0x7f, 0xfe, 0x90,
    0x2f, 0xff, 0xe2, 0x3, 0x11, 0xf0, 0x7, 0x84,
    0x7f, 0x0, 0x27, 0xbb, 0xb0, 0x80, 0x64, 0x1,
    0xfd, 0xdb, 0x3b, 0x84, 0x1, 0xe7, 0xd2, 0x26,
    0x32, 0x4, 0x80, 0x47, 0x9a, 0x40, 0x1c, 0x9b,
    0x0, 0xba, 0x41, 0xe0, 0xe4, 0xd, 0x82, 0x20,
    0xc, 0xb9, 0x64, 0x0, 0xb0, 0x9, 0x10, 0x1d,
    0x52, 0xf, 0x84, 0x5, 0xf4, 0x60, 0xa0, 0x1f,
    0x50, 0x9a, 0x96, 0x40, 0x4, 0x50, 0x31, 0xd2,
    0x1, 0xf0, 0xd0, 0x1, 0x88, 0x3, 0x9f, 0x9c,
    0x40, 0x3c, 0x91, 0x4, 0x90, 0x4f, 0x40, 0xf,
    0xce, 0x0, 0x6b, 0xfb, 0x76, 0x6, 0xb0, 0x1b,
    0xc5, 0x0, 0xf4, 0x0, 0x21, 0x0, 0x9e, 0x80,
    0x9, 0xa6, 0x7, 0x54, 0x0, 0xe1, 0x0, 0x1c,
    0x6e, 0xa1, 0x0, 0x22, 0xcb, 0x41, 0xb0, 0xe,
    0xb7, 0xdc, 0x72, 0x0, 0xfc, 0x97, 0xc2,

    /* U+8981 "要" */
    0x0, 0xff, 0xe5, 0xf, 0xff, 0xff, 0x21, 0xc0,
    0x47, 0xc0, 0x1, 0x1c, 0x0, 0x11, 0xfd, 0xdd,
    0xe4, 0x8, 0xee, 0x68, 0x17, 0x77, 0x98, 0x1,
    0x57, 0x79, 0x42, 0xee, 0xf0, 0x2b, 0xbe, 0x60,
    0x9, 0x51, 0x30, 0x81, 0x22, 0xc, 0x0, 0x89,
    0xde, 0x1, 0xd9, 0xdc, 0x40, 0x8e, 0xe5, 0x81,
    0x77, 0x4a, 0x1, 0xf1, 0x8, 0x80, 0x2, 0x33,
    0x80, 0x4, 0x63, 0x0, 0xff, 0xe8, 0xf7, 0xf9,
    0x2, 0x7f, 0xd8, 0x5, 0xff, 0x30, 0x7, 0x19,
    0xf8, 0x0, 0x46, 0x7f, 0xdc, 0x1, 0x66, 0x76,
    0x80, 0x2b, 0x33, 0xf9, 0xc0, 0x2, 0x3e, 0x80,
    0x2, 0x88, 0xff, 0xcf, 0xdd, 0xe6, 0x0, 0x6f,
    0x77, 0xfb, 0xc4, 0xcf, 0x10, 0x0, 0x4c, 0xf8,
    0x80, 0x2, 0x67, 0x2b, 0x66, 0x64, 0x1, 0xcc,
    0xf3, 0x80, 0xfe, 0x65, 0x60, 0x19, 0x98, 0x8,
    0x1, 0xd0, 0xa1, 0x62, 0x1, 0xf0, 0xd8, 0x1,
    0x77, 0xee, 0x2d, 0xc2, 0x14, 0x3, 0xf0, 0xef,
    0x53, 0x98, 0x23, 0xa0, 0x8, 0x10, 0x7, 0xe1,
    0x25, 0x23, 0x20, 0x8, 0x80, 0x63, 0x7a, 0x50,
    0x0, 0x3b, 0xfd, 0xb7, 0x8, 0x27, 0x1d, 0xbd,
    0x4a, 0x2, 0xd7, 0xa2, 0x27, 0x1, 0x35, 0x8b,
    0xec, 0x71, 0x1, 0x5a, 0xfa, 0x41, 0xe1, 0xa,
    0xfe, 0xca, 0x74, 0x10, 0xf, 0xcb, 0x7c, 0x60,

    /* U+89E3 "解" */
    0x0, 0xc2, 0x1, 0xff, 0xc9, 0x1e, 0xe0, 0x7,
    0xff, 0x21, 0xc0, 0x80, 0x38, 0x7b, 0xbf, 0xc4,
    0x1, 0x50, 0x1f, 0xfd, 0x40, 0x18, 0x46, 0x0,
    0x84, 0x46, 0x0, 0x13, 0x3, 0x42, 0x7, 0x1,
    0xee, 0x60, 0x17, 0x74, 0x20, 0x20, 0x9, 0x5,
    0xcb, 0x50, 0xb0, 0xd, 0x60, 0x80, 0x10, 0x80,
    0x44, 0xe1, 0xc2, 0x26, 0x7, 0x10, 0x0, 0xb8,
    0x50, 0x0, 0x40, 0x40, 0x1c, 0x0, 0xbe, 0xe0,
    0x87, 0x70, 0x45, 0xa0, 0x67, 0x13, 0x1, 0x1,
    0x90, 0x1, 0x18, 0x9, 0x84, 0x1f, 0xcc, 0x74,
    0x37, 0x50, 0x16, 0x7, 0x84, 0x11, 0x20, 0x92,
    0xa0, 0xa2, 0x78, 0x21, 0xa, 0xd2, 0xe0, 0x2,
    0x40, 0xf, 0xc5, 0xb7, 0x26, 0x6b, 0x19, 0x60,
    0xf, 0x76, 0x3, 0xe2, 0x0, 0xa, 0x90, 0x40,
    0x98, 0x3, 0xff, 0x88, 0x24, 0x19, 0xa0, 0x5b,
    0xb1, 0x0, 0xc, 0x3b, 0x1, 0xf1, 0x0, 0x12,
    0x0, 0x11, 0x0, 0x8, 0xa1, 0x0, 0xff, 0x89,
    0xc3, 0xbf, 0x0, 0x7f, 0xe3, 0x0, 0x8, 0x31,
    0x81, 0x99, 0xc1, 0x85, 0x84, 0x2, 0x30, 0xf,
    0x38, 0x56, 0x2, 0xe1, 0x82, 0x6d, 0x11, 0x18,
    0xc, 0x8b, 0x0, 0x8, 0x1d, 0xc0, 0x6e, 0x20,
    0xd, 0xcd, 0xd5, 0x0, 0xee, 0xdc, 0x2, 0x22,
    0x88, 0x2, 0xc2, 0x80, 0x14, 0xce, 0x20, 0x1,
    0x9c, 0xa0, 0xa0, 0xe0, 0x1f, 0xaf, 0x32, 0xe0,
    0x2c, 0xca, 0x43, 0x83, 0x0, 0x39, 0xc0, 0x3f,
    0xf8, 0x22, 0xa2, 0xc0, 0x7, 0xd, 0x30, 0x10,
    0xf, 0xfe, 0x3, 0x30, 0x2, 0x88, 0x10, 0xc0,
    0x7, 0xff, 0x0, 0x66, 0x0, 0x30, 0xff, 0x38,
    0x7, 0x1f, 0xe8, 0x6,

    /* U+8BA1 "计" */
    0x0, 0x9c, 0x40, 0x3f, 0x17, 0x70, 0x80, 0x3e,
    0x88, 0x61, 0x0, 0x7e, 0x11, 0x0, 0x7e, 0xa2,
    0x26, 0x98, 0x7, 0xff, 0x14, 0xb0, 0xc3, 0xc,
    0x3, 0xff, 0x8a, 0x3a, 0x45, 0x0, 0x7f, 0xf1,
    0x87, 0x30, 0x20, 0x1f, 0xfc, 0x71, 0x10, 0x7,
    0xff, 0xe, 0x6a, 0xb8, 0x0, 0xab, 0xe0, 0x2,
    0xaf, 0x91, 0x57, 0x80, 0x6a, 0xba, 0x0, 0x11,
    0x55, 0xd6, 0xee, 0x60, 0xf, 0xfe, 0x33, 0x44,
    0x28, 0x2, 0x1f, 0xfe, 0xd0, 0x6, 0xff, 0xf0,
    0x7, 0xff, 0xfc, 0x3, 0xff, 0x92, 0xe0, 0x1f,
    0xfc, 0x74, 0xd8, 0x20, 0xf, 0xfe, 0x1b, 0x80,
    0x2c, 0x84, 0x3, 0xff, 0x89, 0x80, 0x12, 0xf9,
    0x0, 0x7f, 0xf0, 0x8d, 0xc0, 0x13, 0x42, 0x1,
    0xff, 0xc3, 0x32, 0x26, 0x30, 0x7, 0xff, 0x1a,
    0x70, 0xc0, 0x3f, 0xf8, 0x80,

    /* U+8BA9 "让" */
    0x0, 0xa0, 0x40, 0x3e, 0x1f, 0xf1, 0x0, 0x7f,
    0x43, 0xe0, 0x80, 0x7f, 0xf1, 0xe4, 0x89, 0x82,
    0x1, 0xff, 0xc6, 0x1c, 0x22, 0x60, 0x80, 0x7f,
    0xf1, 0x87, 0xc5, 0x84, 0x3, 0xff, 0x8e, 0x59,
    0x60, 0x1f, 0xfc, 0x92, 0x0, 0xff, 0xe2, 0xab,
    0xbf, 0x0, 0x7f, 0x21, 0x9e, 0x10, 0x7, 0x44,
    0x69, 0x0, 0xfe, 0x9c, 0xcc, 0x80, 0xc, 0x55,
    0x20, 0x7, 0xfc, 0x23, 0xe0, 0x3, 0xd5, 0x24,
    0x3, 0xfe, 0xce, 0xec, 0x80, 0x1f, 0xff, 0xf0,
    0xf, 0xfe, 0x72, 0x48, 0x7, 0xff, 0x22, 0x2d,
    0x80, 0x3f, 0xf8, 0xa2, 0x2, 0xe1, 0x40, 0x1f,
    0xfc, 0x5b, 0x0, 0x16, 0x28, 0x4, 0x60, 0x1,
    0x0, 0xfe, 0x47, 0x4, 0xc9, 0xff, 0xda, 0x0,
    0xcf, 0xff, 0x8, 0x0, 0x41, 0xac, 0x40, 0x3f,
    0xf8, 0xcb, 0xb2, 0x0, 0xbd, 0xdf, 0xfe, 0x10,
    0x80,

    /* U+8BBE "设" */
    0x0, 0x84, 0xc0, 0x3c, 0x23, 0xf8, 0x3, 0xc3,
    0xf8, 0xa0, 0x1d, 0xbd, 0xdf, 0x10, 0x7, 0xb,
    0x5, 0x38, 0x7, 0xff, 0x1e, 0x20, 0x10, 0xe0,
    0x10, 0x85, 0xff, 0xc2, 0x1, 0xfc, 0xee, 0x3,
    0x0, 0x8c, 0x18, 0x3, 0xff, 0x85, 0x1a, 0x80,
    0x3, 0x10, 0x20, 0xf, 0xfe, 0x19, 0x0, 0x5c,
    0xa, 0x1, 0xe6, 0x0, 0xd7, 0x7c, 0x40, 0x78,
    0x43, 0x60, 0x18, 0x82, 0xff, 0xc8, 0x8, 0x9c,
    0x21, 0xe6, 0x5a, 0x20, 0x1b, 0xcc, 0x44, 0x40,
    0xb, 0xb8, 0x3, 0x6c, 0x69, 0x80, 0x71, 0xe7,
    0x73, 0x50, 0x11, 0x21, 0x0, 0x86, 0x7b, 0xbf,
    0xbf, 0x4, 0x3, 0xfc, 0x23, 0xfe, 0x1, 0x10,
    0x7, 0xfb, 0x0, 0x19, 0xbb, 0xc4, 0x16, 0x1,
    0xff, 0x1b, 0x5, 0x11, 0x64, 0x21, 0x60, 0xf,
    0xfe, 0x4, 0x3, 0x28, 0x0, 0xa0, 0x24, 0x3,
    0xfc, 0x74, 0x3, 0x21, 0x4a, 0x58, 0x2a, 0xe0,
    0x1f, 0xd5, 0x8a, 0x40, 0xce, 0x15, 0x82, 0x74,
    0x1, 0xf8, 0x41, 0x82, 0x8, 0x1, 0x22, 0x2,
    0x10, 0x1, 0xf9, 0x80, 0x3, 0x6e, 0x3, 0x1c,
    0x20, 0x15, 0xd1, 0x80, 0x7a, 0x0, 0xb1, 0x5f,
    0x39, 0xc0, 0xf3, 0x6, 0xb, 0x9d, 0x26, 0x1,
    0x5a, 0x69, 0xd, 0x98, 0x25, 0x61, 0x9b, 0x28,
    0xc0, 0x58, 0x40, 0x25, 0xb0, 0xa, 0x27, 0xad,
    0x40, 0x32, 0xe7, 0x44, 0x90,

    /* U+8BBF "访" */
    0x0, 0xff, 0xe6, 0x14, 0x80, 0x7f, 0x4f, 0xb8,
    0x7, 0xef, 0x6b, 0x0, 0xfc, 0x21, 0x40, 0x1f,
    0xa4, 0x12, 0xc0, 0x3e, 0xb0, 0x22, 0x0, 0x7c,
    0x96, 0x9, 0x20, 0x1e, 0x31, 0x41, 0x0, 0xfc,
    0x92, 0x36, 0x1f, 0xfe, 0x14, 0xcf, 0xfe, 0x0,
    0xcd, 0xe4, 0x1, 0xff, 0xc8, 0x10, 0x6, 0xec,
    0x80, 0xbb, 0xbf, 0xab, 0x77, 0x60, 0x0, 0x8a,
    0x0, 0x11, 0x7f, 0x31, 0x17, 0x0, 0x73, 0x87,
    0x80, 0x7e, 0xdd, 0xa4, 0x3, 0xfa, 0x3f, 0xfc,
    0x80, 0x24, 0x50, 0x7, 0xc2, 0x1, 0xff, 0xc9,
    0x20, 0xad, 0xdc, 0x0, 0x70, 0xf, 0xf8, 0x40,
    0x8, 0x45, 0x80, 0x3f, 0xf8, 0x4a, 0x0, 0x10,
    0xf, 0x8, 0x7, 0xf1, 0x1, 0x1, 0x80, 0x61,
    0x0, 0x18, 0x7, 0xc3, 0x7c, 0x1a, 0x8, 0x1,
    0x8c, 0x0, 0x20, 0x18, 0x40, 0x7d, 0x4, 0x90,
    0x2c, 0x3, 0x30, 0x8, 0x7, 0x18, 0x0, 0x53,
    0x14, 0x4, 0xc0, 0x31, 0x1, 0x80, 0x61, 0xb0,
    0x3, 0x58, 0x48, 0x48, 0x7, 0x70, 0x30, 0x6,
    0x92, 0x9, 0x90, 0x58, 0x89, 0xc0, 0x44, 0x2,
    0xc0, 0x60, 0x1a, 0xa, 0x98, 0x1d, 0x42, 0xc0,
    0xb, 0xdf, 0xc2, 0x14, 0x1, 0xda, 0xa0, 0x7,
    0x38, 0x50, 0x2, 0x0, 0x45, 0x24, 0x1, 0xfe,
    0xc7, 0x0, 0xdf, 0xf6, 0xb0, 0x4,

    /* U+8BC6 "识" */
    0x0, 0x10, 0x7, 0xff, 0x21, 0xb6, 0x40, 0x39,
    0x13, 0xfe, 0x10, 0x1, 0x3, 0x60, 0x6, 0xab,
    0xbf, 0xf2, 0x80, 0x13, 0x4, 0xf0, 0x3, 0x84,
    0x8b, 0xc0, 0x1e, 0x3d, 0x11, 0x80, 0x35, 0x6e,
    0xf8, 0x3, 0xe3, 0xdc, 0x10, 0xf, 0xfe, 0x39,
    0x88, 0x7, 0xff, 0x12, 0xef, 0x8c, 0x3, 0xff,
    0x88, 0x89, 0xce, 0x1, 0xff, 0xc4, 0xbb, 0x84,
    0x3, 0xff, 0x8c, 0x89, 0x18, 0x7, 0xd7, 0xff,
    0xe0, 0xf, 0xfe, 0xbe, 0x6e, 0xff, 0x90, 0x3,
    0xfc, 0x45, 0xff, 0x0, 0x7f, 0x8, 0x1, 0x21,
    0x0, 0x22, 0x76, 0x0, 0xfe, 0x8c, 0x0, 0x43,
    0xf8, 0x5, 0x51, 0x22, 0x1, 0xc6, 0x14, 0xe4,
    0x51, 0x87, 0x80, 0x50, 0x21, 0x0, 0x18, 0x44,
    0x2, 0x2b, 0x2b, 0x2, 0x40, 0xd, 0x20, 0xc4,
    0x1, 0x38, 0x0, 0xb1, 0xd, 0x82, 0xc0, 0x39,
    0xc4, 0x20, 0x0, 0x32, 0x7, 0x84, 0x3c, 0x6,
    0xc0, 0x1e, 0x90, 0x51, 0x1, 0x85, 0xc1, 0x7,
    0x20, 0xe0, 0xf, 0x98, 0x0, 0x80, 0x7, 0xa0,
    0x9, 0xb2, 0xc8, 0x3, 0xe1, 0xae, 0x50,

    /* U+8BD1 "译" */
    0x0, 0x30, 0x7, 0xff, 0x22, 0xa6, 0xc0, 0x2a,
    0xff, 0xff, 0xb4, 0x80, 0x10, 0x8, 0xe0, 0x1f,
    0xfc, 0x23, 0x30, 0x0, 0xa4, 0x20, 0x82, 0xbd,
    0x81, 0x3f, 0xf5, 0x80, 0x28, 0x40, 0x26, 0x30,
    0x60, 0xa, 0x4d, 0x28, 0x0, 0x96, 0xe, 0x80,
    0x1d, 0xdc, 0x40, 0xd, 0xa4, 0xb9, 0x16, 0xf,
    0x0, 0x1e, 0x21, 0x0, 0xe1, 0xc2, 0x37, 0x8,
    0x80, 0x6, 0xff, 0xe3, 0x0, 0xc9, 0xa4, 0x1,
    0x4c, 0x8, 0x7, 0xf8, 0xe3, 0x6c, 0xc1, 0xec,
    0x85, 0xfa, 0xdc, 0xf7, 0x61, 0x0, 0x46, 0x39,
    0x3, 0x74, 0x26, 0xc8, 0x82, 0x42, 0x11, 0x40,
    0x15, 0x1, 0x47, 0x48, 0xee, 0x85, 0xba, 0xd4,
    0xdc, 0x3, 0xc5, 0xba, 0x71, 0x0, 0x11, 0x0,
    0x24, 0xac, 0x0, 0xfc, 0x51, 0xdd, 0x80, 0x1f,
    0xdd, 0x58, 0x7, 0xf8, 0x47, 0x80, 0x2, 0x39,
    0xc0, 0x3f, 0xd3, 0xff, 0x70, 0x3, 0x7f, 0xec,
    0x0, 0xfc, 0x80, 0x1c, 0x20, 0x3, 0x0, 0xff,
    0xa2, 0xfb, 0xbc, 0x0, 0xfe, 0xee, 0x50, 0x8,
    0x41, 0x4, 0x7e, 0x0, 0x8, 0xf8, 0x2, 0x40,
    0x0, 0xe7, 0xff, 0x70, 0x3, 0x7f, 0xf9, 0x40,
    0x12, 0x5, 0xe4, 0x1, 0xc2, 0x0, 0x30, 0xf,
    0xca, 0x58, 0x20, 0x1f, 0xfc, 0x68, 0xc1, 0x0,
    0xff, 0xe2, 0x80,

    /* U+8BFB "读" */
    0x0, 0xff, 0xe1, 0x8, 0x80, 0x3f, 0xcc, 0x20,
    0x1f, 0xdb, 0xcc, 0x1, 0xf9, 0xe7, 0x8, 0x3,
    0xff, 0x8e, 0xa4, 0x4d, 0x30, 0x4, 0xff, 0xe3,
    0x9, 0xff, 0xc8, 0x1, 0x16, 0x18, 0x61, 0x7,
    0x11, 0x60, 0x0, 0x91, 0x67, 0x0, 0xc3, 0x86,
    0x84, 0xf, 0xbb, 0x8c, 0x23, 0x77, 0x18, 0x7,
    0xb6, 0xc0, 0x99, 0xb8, 0x43, 0x19, 0xa7, 0x50,
    0xf, 0x8, 0x1, 0x26, 0x78, 0x81, 0x66, 0x68,
    0xa1, 0x2f, 0xfe, 0x10, 0x58, 0x8f, 0xf3, 0x1,
    0x88, 0x7, 0xe3, 0x76, 0x6, 0x76, 0x0, 0x3b,
    0xb8, 0x2c, 0xb, 0x76, 0x10, 0xe, 0x2a, 0xf6,
    0x38, 0x80, 0x2, 0xc1, 0x80, 0x4, 0x50, 0x7,
    0x4b, 0xeb, 0xcc, 0x0, 0x6f, 0xa1, 0x0, 0xfe,
    0x27, 0xb9, 0x9b, 0x80, 0x31, 0xa8, 0x7, 0xf8,
    0xbd, 0x1a, 0xd8, 0x0, 0x20, 0x1f, 0xfc, 0x31,
    0xa5, 0x20, 0x20, 0x30, 0xf, 0xfe, 0x17, 0x7f,
    0x2b, 0x7c, 0x81, 0x7f, 0xf3, 0x0, 0x7c, 0x46,
    0x45, 0x84, 0x0, 0x24, 0x5c, 0x1, 0xf3, 0xe5,
    0xee, 0xe4, 0x2, 0xe8, 0xdd, 0xcc, 0x1, 0xe9,
    0x1f, 0x0, 0x9d, 0x42, 0x26, 0xb0, 0x40, 0x3c,
    0x22, 0x0, 0x34, 0x80, 0x26, 0x1, 0xd6, 0xc,
    0xdc, 0xa0, 0x1d, 0x20, 0x9, 0x90, 0x2f, 0x30,
    0x3c, 0x0, 0xe3, 0x85, 0x40, 0x6, 0x40, 0xa6,
    0x1e, 0xa1, 0x15, 0xc0, 0x6, 0x8a, 0x7, 0x80,
    0xb, 0x6d, 0x40, 0x58, 0x63, 0x90, 0x3, 0xcb,
    0x63, 0x40, 0x10, 0xa0, 0x5, 0x1c, 0xe0, 0x1f,
    0xc9, 0xc4,

    /* U+8D1F "负" */
    0x0, 0xff, 0xe8, 0x17, 0xea, 0x0, 0x7f, 0xf1,
    0xa4, 0xd, 0x0, 0x3f, 0xf8, 0xaa, 0x80, 0x3b,
    0xbd, 0xce, 0x1, 0xfe, 0x2a, 0x0, 0x88, 0xb8,
    0x64, 0x3, 0xfd, 0xe0, 0x5f, 0xfd, 0x80, 0x8,
    0x0, 0xfe, 0xc2, 0xf, 0x0, 0xef, 0x3, 0x60,
    0xf, 0x87, 0xc, 0x24, 0xc4, 0x73, 0x18, 0x40,
    0x8e, 0x0, 0x8b, 0xc, 0x1, 0x3d, 0xdd, 0x20,
    0xb, 0xee, 0xc0, 0x13, 0x18, 0x30, 0x0, 0x47,
    0xfe, 0x0, 0xe4, 0xdd, 0x80, 0x7b, 0xbf, 0xd6,
    0x1, 0xe3, 0x20, 0xf, 0x99, 0xcc, 0x3, 0xff,
    0x8f, 0x30, 0xc0, 0x1f, 0xfc, 0x61, 0x0, 0x8,
    0x7, 0xff, 0x18, 0x80, 0xa, 0x1, 0xff, 0xc6,
    0x50, 0x11, 0x0, 0x7f, 0xf1, 0xa8, 0x1c, 0x3,
    0xff, 0x8c, 0xa6, 0x14, 0x22, 0x0, 0xff, 0x96,
    0xe8, 0x12, 0x81, 0x4f, 0x7a, 0x49, 0x2e, 0xc0,
    0x1e, 0x14, 0x59, 0xb0, 0x2b, 0x15, 0x6, 0xda,
    0x4, 0x0, 0xe3, 0x6b, 0xe6, 0x4, 0xc1, 0x14,
    0xf3, 0x8a, 0x5e, 0x20, 0x1, 0x3f, 0x25, 0x0,
    0xee, 0xc2, 0x1, 0xc, 0x74, 0x9, 0xde, 0x2,
    0x20, 0x56, 0x3b, 0x10, 0x3, 0xf3, 0xfb, 0x84,
    0x0, 0x2f, 0xa9, 0xc4, 0x3, 0xfe, 0x18, 0xf4,
    0x0,

    /* U+8D23 "责" */
    0x0, 0xff, 0x11, 0x0, 0x3f, 0xf9, 0x19, 0xaa,
    0x1, 0xff, 0x55, 0x7e, 0x10, 0x9a, 0xaf, 0x9c,
    0x2, 0x55, 0xfc, 0x0, 0x35, 0x5f, 0xb0, 0x2,
    0xff, 0xfc, 0x21, 0x3f, 0xff, 0x58, 0x6, 0x78,
    0x8f, 0x8, 0x6c, 0x47, 0x94, 0x3, 0xa5, 0xdf,
    0xc0, 0x4, 0x77, 0xf7, 0x80, 0x77, 0x7f, 0xf8,
    0x42, 0x7f, 0xfd, 0x40, 0x3, 0x99, 0xfe, 0x10,
    0xa9, 0x9f, 0xd0, 0xcd, 0xfe, 0x0, 0x1b, 0x37,
    0xe5, 0x57, 0x77, 0xff, 0x23, 0x0, 0x44, 0x9b,
    0xbf, 0xfc, 0x31, 0x18, 0x2, 0x23, 0x3f, 0xfe,
    0x18, 0x7, 0xe3, 0xee, 0xd7, 0x6d, 0xee, 0xa4,
    0x3, 0xfe, 0x11, 0xd7, 0x67, 0x11, 0x88, 0x3,
    0xff, 0xb0, 0x20, 0x6, 0x0, 0xff, 0xe3, 0x30,
    0x0, 0x84, 0x3, 0xfe, 0x5a, 0x80, 0x4, 0x40,
    0x1e, 0x3b, 0x19, 0x9b, 0xa0, 0xf, 0x12, 0xb3,
    0xf3, 0x83, 0xc0, 0x9, 0xce, 0xf2, 0x8, 0x4,
    0x6d, 0x3b, 0xa8, 0x13, 0xb8, 0x9, 0xeb, 0x50,
    0x39, 0xe9, 0x20, 0xb9, 0x62, 0x16, 0xcc, 0x20,
    0x6, 0x4a, 0xf9, 0x20, 0x61, 0x8, 0x79, 0xde,
    0x93, 0x0, 0xfe, 0x6d, 0xb8, 0x30,

    /* U+8D44 "资" */
    0x0, 0xff, 0xe6, 0x89, 0x0, 0x7d, 0xda, 0x60,
    0x1f, 0xf5, 0x6d, 0xa8, 0x6, 0x81, 0x33, 0x0,
    0x7f, 0xd8, 0x29, 0x5a, 0x60, 0x2e, 0x3, 0xff,
    0xfb, 0x40, 0x27, 0xe9, 0x12, 0xa0, 0xd0, 0x25,
    0x40, 0x1, 0xaa, 0x84, 0x18, 0x3, 0x9b, 0x9e,
    0x2c, 0xc7, 0x2a, 0x0, 0x1d, 0x56, 0x21, 0xe0,
    0x1f, 0x41, 0xb8, 0xe8, 0x84, 0x0, 0x20, 0x14,
    0x51, 0x0, 0x1c, 0x2d, 0x7b, 0xd8, 0x60, 0xe8,
    0x6, 0xb4, 0x9d, 0x60, 0x11, 0x3e, 0x74, 0xa0,
    0x9, 0x4, 0xc0, 0x4e, 0x2a, 0xb5, 0x40, 0x34,
    0xc1, 0x82, 0x57, 0x93, 0xf3, 0x5, 0x30, 0x53,
    0x15, 0x6c, 0x10, 0x6a, 0x57, 0xda, 0x86, 0x40,
    0xa6, 0xa8, 0x5, 0x38, 0x84, 0xe0, 0x6, 0xb5,
    0x0, 0xdc, 0xdb, 0x64, 0x1, 0xc7, 0x7b, 0x64,
    0x1, 0xbb, 0xfe, 0xc6, 0xdf, 0xff, 0xdc, 0x48,
    0x1, 0xff, 0xd2, 0xaf, 0xfb, 0xaa, 0x9d, 0xff,
    0x48, 0x7, 0xfc, 0x20, 0x12, 0x55, 0x88, 0x4,
    0x60, 0x1f, 0xfc, 0x3f, 0x7, 0x0, 0xff, 0xe3,
    0x92, 0x86, 0x88, 0x7, 0xff, 0x5, 0x9a, 0x2,
    0xc0, 0x47, 0xed, 0x83, 0x79, 0xb0, 0xf, 0xa2,
    0x42, 0x34, 0x4a, 0x98, 0x88, 0xf9, 0x8f, 0x60,
    0xe, 0x25, 0x8c, 0xd7, 0x6, 0xd1, 0x5d, 0xd3,
    0x88, 0x9b, 0x35, 0x80, 0x19, 0xb4, 0xe6, 0x2d,
    0xb2, 0x1, 0x8a, 0x3a, 0xd4, 0xa, 0x4, 0x3c,
    0xd6, 0x33, 0xa4, 0x80, 0x3f, 0x25, 0x73, 0x68,
    0x80,

    /* U+8D56 "赖" */
    0x0, 0xe1, 0x10, 0x7, 0xc4, 0x1, 0xff, 0xc0,
    0x2e, 0xc0, 0xf, 0x16, 0xf0, 0x7, 0xff, 0x22,
    0xc0, 0xdd, 0xe6, 0x0, 0x97, 0x76, 0xf0, 0x2d,
    0xdb, 0x0, 0x58, 0xa, 0x22, 0x95, 0x0, 0x19,
    0x16, 0x0, 0x11, 0x60, 0x80, 0x6c, 0xc4, 0x1,
    0x28, 0x1, 0xbb, 0xac, 0x1, 0xee, 0xbd, 0x58,
    0x64, 0xcd, 0x61, 0x0, 0x18, 0x47, 0x1, 0x88,
    0xc1, 0x61, 0x60, 0x5, 0x33, 0x28, 0x6, 0x9b,
    0xb4, 0x81, 0x5d, 0xce, 0xa1, 0x7d, 0xca, 0x3,
    0xee, 0x8, 0x1, 0x13, 0x0, 0x11, 0x20, 0x90,
    0x2, 0xa9, 0x12, 0x11, 0x0, 0x77, 0x78, 0x2f,
    0xb8, 0x6, 0x4b, 0xa8, 0xbb, 0x8, 0x7, 0x84,
    0x3, 0x78, 0x7, 0xa3, 0x10, 0x3, 0xff, 0x94,
    0xe0, 0x1f, 0xae, 0xc0, 0x97, 0x40, 0x1f, 0xfc,
    0x54, 0x40, 0xa, 0x10, 0x7, 0x8c, 0x4, 0x3,
    0xdb, 0xfa, 0x1, 0x27, 0xf9, 0x80, 0x30, 0x81,
    0x80, 0x7e, 0x80, 0x9, 0x28, 0x3, 0xcc, 0x2,
    0x1, 0xf2, 0x28, 0x80, 0x92, 0xc0, 0x7, 0x11,
    0x0, 0x3e, 0x1a, 0x8, 0x0, 0x78, 0xba, 0x80,
    0x48, 0x8, 0x0, 0x22, 0x0, 0x5a, 0x2c, 0x80,
    0x2, 0xa0, 0x1, 0x7d, 0x78, 0x7d, 0xa6, 0x68,
    0x84, 0x18, 0xc0, 0x6, 0x4d, 0x50, 0x3, 0xa1,
    0x1a, 0x5d, 0x8, 0x2, 0x83, 0x4, 0x3, 0x88,
    0x1, 0x30, 0x1c, 0xb8, 0x4b, 0xe6, 0x5, 0xa4,
    0x1, 0xf4, 0xfb, 0xd, 0x98, 0x1e, 0xb0, 0xe1,
    0x1, 0x0, 0x7e, 0xf1, 0x7f, 0x40, 0xd, 0x30,
    0xc4, 0x1, 0x8b, 0xf8, 0x2, 0x6e, 0x81, 0x0,
    0xf3, 0xc8, 0x0,

    /* U+8F6C "转" */
    0x0, 0xc9, 0x90, 0x1, 0xf8, 0xf6, 0x80, 0x3f,
    0x8c, 0xc4, 0x1, 0xf9, 0x9, 0x80, 0x3c, 0x67,
    0x60, 0x19, 0xe0, 0x33, 0xd6, 0xc, 0x67, 0x80,
    0x1b, 0x98, 0x40, 0x6c, 0xc8, 0x77, 0x32, 0x30,
    0x5c, 0xcc, 0x20, 0xa6, 0x40, 0x3, 0x3c, 0x2a,
    0x66, 0x20, 0x1, 0x9f, 0x0, 0x2f, 0x28, 0x1f,
    0x33, 0x5, 0xe6, 0x14, 0x13, 0x33, 0x84, 0x2,
    0xb0, 0xc7, 0x60, 0xf, 0x20, 0x60, 0x7, 0xe1,
    0x32, 0x8, 0xb0, 0x5, 0xff, 0xc6, 0x11, 0xff,
    0xdc, 0x0, 0x60, 0xb0, 0xf, 0xfe, 0x44, 0x83,
    0x80, 0x75, 0xff, 0x90, 0x17, 0xff, 0xdc, 0x10,
    0x21, 0xd6, 0x5, 0xfe, 0x0, 0x90, 0x3c, 0x3,
    0xf6, 0x80, 0x7f, 0x90, 0x0, 0x6a, 0xbc, 0x20,
    0x5, 0xbd, 0xea, 0x2, 0xee, 0x0, 0x34, 0x1,
    0x35, 0x5d, 0xe0, 0x12, 0x10, 0x88, 0x0, 0x22,
    0x0, 0x19, 0xf8, 0x80, 0x16, 0x1, 0xfc, 0x6a,
    0xc1, 0x59, 0x9c, 0x0, 0x55, 0x0, 0x5, 0x1a,
    0x60, 0xb, 0x2a, 0x80, 0x1, 0x0, 0xa8, 0x89,
    0x40, 0x17, 0xdc, 0xb1, 0x80, 0xd, 0xa4, 0x7,
    0xf5, 0x59, 0x43, 0xc0, 0x32, 0x8a, 0x3b, 0x1,
    0x64, 0xa8, 0x11, 0x95, 0x48, 0x49, 0x0, 0x6b,
    0xeb, 0x8d, 0x0, 0xf1, 0xeb, 0x80, 0x46, 0x1,
    0xff, 0xc6, 0x8c, 0x20, 0xa9, 0x0, 0xff, 0xe3,
    0x1e, 0xa8, 0x33, 0x80, 0x7f, 0xf1, 0xe9, 0xd1,
    0xc0, 0x3e, 0x4f, 0xd0, 0xf, 0xf4, 0x58, 0x4,

    /* U+8F7D "载" */
    0x0, 0xf0, 0x88, 0x3, 0xc2, 0x1, 0xff, 0xc2,
    0xee, 0x8, 0x6, 0x6e, 0xc0, 0x17, 0x0, 0xf0,
    0x8c, 0x40, 0x2, 0x11, 0x80, 0x21, 0xf, 0x89,
    0x0, 0xc9, 0xdd, 0x68, 0x3, 0x3b, 0xa3, 0x30,
    0x5, 0x40, 0xce, 0x1, 0x3a, 0xae, 0x0, 0x2a,
    0xe1, 0x0, 0xc9, 0x41, 0x22, 0x0, 0x3a, 0xac,
    0x0, 0xba, 0xa8, 0x80, 0x39, 0x6b, 0xc4, 0x1b,
    0x77, 0x80, 0x19, 0xbb, 0xac, 0xb, 0x76, 0x8c,
    0xc0, 0x9, 0x17, 0x0, 0x8, 0xb8, 0x40, 0x4,
    0x5e, 0x7, 0xff, 0xac, 0x13, 0xff, 0xda, 0x0,
    0xff, 0xee, 0x0, 0xee, 0x1, 0x0, 0xf1, 0x80,
    0x62, 0xc7, 0x0, 0x17, 0xfc, 0xa0, 0xbf, 0xfe,
    0x10, 0x1, 0x2, 0x9e, 0x0, 0x46, 0x60, 0x0,
    0x99, 0xfc, 0x2, 0x2, 0x16, 0x1c, 0x0, 0x2c,
    0xe0, 0x6, 0x62, 0x21, 0x99, 0x80, 0xc1, 0x88,
    0xc1, 0x40, 0x34, 0x84, 0x10, 0x5d, 0x80, 0x39,
    0x83, 0x6c, 0x14, 0x3, 0x3a, 0x5, 0x66, 0x80,
    0x37, 0x30, 0xe0, 0x60, 0x8c, 0x12, 0x1, 0x8c,
    0x0, 0x46, 0x40, 0x2, 0x33, 0x70, 0x68, 0x18,
    0x29, 0x80, 0x64, 0xce, 0xff, 0x70, 0x3, 0xfe,
    0x90, 0x70, 0xa, 0x0, 0x3c, 0x62, 0x0, 0x10,
    0x8, 0x49, 0x0, 0x80, 0xa, 0x40, 0xe8, 0x2,
    0xac, 0xf3, 0x58, 0x0, 0xfe, 0xdb, 0x18, 0x0,
    0xee, 0xb3, 0x35, 0x4c, 0x32, 0x98, 0x4, 0x26,
    0xae, 0xe0, 0x2, 0x90, 0x10, 0x11, 0x99, 0x19,
    0xe6, 0x80, 0x1f, 0xd9, 0xf2, 0xc, 0x61, 0xc6,
    0x82, 0x36, 0x5c, 0xc3, 0x28, 0x6, 0x6a, 0x7,
    0x9f, 0x3, 0xc0, 0x70, 0xf, 0xfe, 0x2, 0x13,
    0xc0, 0x1e, 0x18, 0x24, 0x0, 0x7e, 0xff, 0x0,
    0xb, 0x60, 0x2, 0x3c, 0xfb, 0x10,

    /* U+8FC7 "过" */
    0x0, 0x84, 0x3, 0xff, 0x80, 0x39, 0x81, 0x0,
    0xc3, 0x7e, 0x40, 0x1f, 0xf1, 0x9e, 0x0, 0xc2,
    0x3, 0x86, 0x1, 0xff, 0xc7, 0xb3, 0x1d, 0x10,
    0xf, 0xfe, 0x3e, 0x90, 0xd9, 0x7f, 0xfe, 0xd0,
    0x6, 0xff, 0x90, 0x2, 0x1e, 0x7a, 0x0, 0xff,
    0xe4, 0x1c, 0x1, 0x6e, 0xfe, 0xb0, 0x5, 0xee,
    0x90, 0x3, 0xf1, 0x10, 0xc8, 0xb9, 0x80, 0xc,
    0x44, 0x0, 0x11, 0x70, 0x5, 0x5c, 0x40, 0x1f,
    0xfc, 0xd, 0xde, 0x40, 0x0, 0x87, 0x80, 0x7f,
    0xf0, 0x4, 0x3, 0xea, 0x12, 0xa0, 0xf, 0xfb,
    0xbf, 0xc2, 0x1, 0x86, 0x81, 0x50, 0x3, 0xff,
    0x8e, 0x8a, 0x1c, 0x1, 0xff, 0xc8, 0xb9, 0xa0,
    0xf, 0xfe, 0x40, 0xb0, 0x7, 0xff, 0x28, 0x95,
    0x10, 0xa0, 0x3, 0x0, 0xff, 0xe1, 0xb5, 0x5d,
    0xa0, 0x8, 0x40, 0x38, 0xf0, 0x42, 0x50, 0x3,
    0x21, 0x9, 0x23, 0xe0, 0x7, 0x36, 0x19, 0x19,
    0x5e, 0xc2, 0x10, 0xe7, 0x65, 0x49, 0x9c, 0x88,
    0x29, 0x3, 0xdc, 0xa1, 0x27, 0xbd, 0xee, 0x7f,
    0x75, 0xb9, 0x8b, 0xd2, 0x71, 0xd0, 0x2, 0xf5,
    0xa8, 0x80, 0x7f, 0xda, 0x11, 0x82, 0x1, 0x92,
    0xbb, 0xfb, 0x76, 0xee, 0xbf, 0xe4,

    /* U+8FD0 "运" */
    0x0, 0xff, 0xe7, 0x5e, 0x90, 0x6, 0xbf, 0xff,
    0xf9, 0x0, 0x22, 0x52, 0xd6, 0x0, 0x9c, 0x3,
    0xff, 0x86, 0x5e, 0x81, 0x34, 0x0, 0xde, 0xef,
    0xf9, 0x0, 0x30, 0xdb, 0x80, 0x61, 0x1f, 0xfe,
    0x0, 0x7, 0xd1, 0x74, 0x1, 0xff, 0xca, 0x40,
    0x27, 0x7f, 0xfe, 0x18, 0x7, 0xe7, 0x88, 0xff,
    0xe1, 0x48, 0x3, 0xff, 0x91, 0x9b, 0x80, 0x2,
    0xcd, 0xf3, 0x80, 0x7e, 0x39, 0x9a, 0x80, 0x13,
    0x35, 0xd4, 0xce, 0x0, 0x6e, 0xc2, 0x1, 0xe9,
    0x1, 0x70, 0x4d, 0xd0, 0x7, 0x88, 0xa0, 0xf,
    0x12, 0x84, 0x0, 0x10, 0x86, 0x0, 0x3f, 0xf8,
    0x50, 0x4, 0xc0, 0x14, 0x83, 0x90, 0x7, 0xff,
    0x1, 0x14, 0x38, 0x3, 0x22, 0x3, 0x80, 0x3f,
    0xe3, 0xa0, 0x1a, 0xa5, 0xef, 0x7a, 0x1, 0xa8,
    0x7, 0xf9, 0x44, 0x5, 0x95, 0x8, 0x40, 0x2,
    0x16, 0x1, 0xfe, 0x60, 0x35, 0x68, 0xab, 0xde,
    0xff, 0x0, 0xa0, 0x6, 0x41, 0xe, 0x0, 0x7e,
    0x54, 0xba, 0xa1, 0x8, 0xd, 0x6a, 0x0, 0x4f,
    0x60, 0x5, 0xc2, 0x0, 0xff, 0x94, 0x80, 0x27,
    0x80, 0x6d, 0x53, 0xdb, 0x64, 0x32, 0x12, 0x21,
    0xa3, 0x3d, 0x68, 0x84, 0x82, 0x49, 0x54, 0x8a,
    0x4d, 0xe6, 0xf6, 0xeb, 0x2e, 0x61, 0x40, 0x42,
    0xc6, 0x80, 0x26, 0xf9, 0x42, 0x0, 0xfc, 0x24,
    0xa0, 0x5, 0xf1, 0x0, 0xc2, 0xd7, 0xbf, 0xff,
    0xbb, 0x60, 0x0,

    /* U+8FD1 "近" */
    0x0, 0xff, 0xe6, 0x93, 0x0, 0x7f, 0x84, 0xd5,
    0xeb, 0xb4, 0x80, 0x3, 0xb2, 0xe0, 0x18, 0xf3,
    0x7f, 0xdd, 0x95, 0xa, 0x25, 0x0, 0x1, 0x90,
    0x86, 0x0, 0x98, 0xc8, 0x4, 0x91, 0x5e, 0xb3,
    0xe8, 0x2, 0x67, 0x9, 0x30, 0xc, 0x3f, 0xdb,
    0x75, 0xa, 0x60, 0x1e, 0x84, 0x8, 0x0, 0xff,
    0xe4, 0x53, 0xd8, 0x7, 0xff, 0x20, 0x60, 0x3,
    0xc2, 0x3f, 0xf0, 0x7, 0xfc, 0x3d, 0xdf, 0xe8,
    0x5, 0x5e, 0x10, 0x1, 0x80, 0x7f, 0xf0, 0xa2,
    0xab, 0x28, 0x0, 0x40, 0xff, 0xf0, 0x85, 0xff,
    0xd2, 0xc, 0x44, 0x0, 0xef, 0x6, 0x0, 0xf3,
    0x80, 0x75, 0xee, 0x84, 0x3, 0x10, 0x10, 0x7,
    0xff, 0x21, 0x3, 0x80, 0x3f, 0xf8, 0xe4, 0x20,
    0xa0, 0x1f, 0xfc, 0x75, 0x0, 0x18, 0x7, 0xff,
    0x1e, 0x41, 0x40, 0x3f, 0xf8, 0xec, 0x21, 0x20,
    0x1f, 0xfc, 0x22, 0xb1, 0x8, 0x49, 0x53, 0x0,
    0xe3, 0x10, 0xf, 0x1e, 0xa0, 0x0, 0xf7, 0xf8,
    0x3, 0xdb, 0xc6, 0x1, 0x8, 0xb0, 0x7, 0x79,
    0xc1, 0xaf, 0xfd, 0xdb, 0xbb, 0xb9, 0xff, 0x50,
    0xb0, 0x61, 0xc, 0x6c, 0x18, 0x0, 0x48, 0xb0,
    0x88, 0x2, 0xd0, 0x9b, 0x20, 0x8, 0x9f, 0x3b,
    0x6e, 0xfb, 0x31, 0xba, 0xe6,

    /* U+8FD8 "还" */
    0x0, 0x9c, 0x40, 0x3f, 0xf9, 0x37, 0x18, 0x20,
    0x5, 0x5f, 0xfe, 0x10, 0x80, 0x50, 0x5, 0x80,
    0x35, 0x5f, 0xfc, 0x25, 0x0, 0x8f, 0x0, 0xac,
    0x8, 0xbc, 0x20, 0x2, 0x2e, 0x70, 0xc, 0x74,
    0xc, 0x1b, 0xbe, 0x50, 0x3d, 0xde, 0x30, 0xe,
    0x5a, 0xd1, 0x0, 0xe5, 0x40, 0xf0, 0xf, 0xfe,
    0x2, 0x80, 0x78, 0x6c, 0x4, 0xc0, 0x3f, 0x11,
    0x70, 0x7, 0xb4, 0x40, 0x25, 0x10, 0xf, 0x6e,
    0xf1, 0x80, 0x6a, 0x30, 0xa, 0x2b, 0x44, 0x3,
    0xff, 0x85, 0x4a, 0x8, 0x0, 0xb0, 0x3d, 0x10,
    0xd, 0xff, 0x0, 0x75, 0xa8, 0x46, 0x80, 0xf,
    0x0, 0xf4, 0x40, 0x3f, 0x8f, 0x50, 0x1d, 0xc0,
    0x18, 0xec, 0xf, 0x40, 0x3f, 0x3e, 0x10, 0x44,
    0x0, 0x3c, 0x94, 0x7, 0x0, 0x1f, 0x3d, 0x85,
    0xb8, 0x7, 0xe5, 0x83, 0x80, 0xf, 0xc9, 0xc8,
    0x1, 0xfe, 0x7c, 0x0, 0xff, 0x8, 0x7, 0xff,
    0x79, 0xc0, 0x8, 0x1, 0xff, 0xc7, 0xb8, 0x0,
    0x45, 0x8, 0x6, 0x49, 0x80, 0xf, 0xeb, 0x40,
    0xce, 0x35, 0xea, 0x64, 0x30, 0x44, 0x1a, 0x21,
    0xa2, 0xb8, 0x8d, 0x2, 0x4c, 0x71, 0x81, 0x66,
    0xf3, 0x76, 0xcb, 0xb4, 0xba, 0x81, 0x1c, 0x1b,
    0x0, 0x53, 0xae, 0x62, 0x1, 0xf8, 0x49, 0xc0,
    0xf, 0xa0, 0x1c, 0x51, 0x9d, 0xfe, 0xee, 0x7f,
    0xee, 0xd9, 0x0,

    /* U+8FDB "进" */
    0x0, 0x12, 0x80, 0x7c, 0xd0, 0x80, 0x14, 0x40,
    0x3, 0xc5, 0xb4, 0xe0, 0x1e, 0xd7, 0x30, 0x0,
    0xbb, 0x84, 0x3, 0x8a, 0x2, 0x1c, 0x3, 0xff,
    0x90, 0xf0, 0x10, 0xa0, 0x1f, 0xfc, 0x87, 0x60,
    0xd0, 0xde, 0xe2, 0x4, 0x77, 0x3c, 0x1, 0xfd,
    0xc0, 0xf, 0x4d, 0x40, 0x18, 0x88, 0x2, 0x11,
    0x80, 0x2, 0x30, 0x7, 0xca, 0x0, 0xdc, 0xc1,
    0x83, 0x66, 0x2c, 0x1, 0x79, 0x80, 0xf, 0xf1,
    0x9c, 0xe1, 0xc6, 0x65, 0x0, 0x29, 0x98, 0x2,
    0x78, 0x8c, 0x40, 0x1f, 0xfc, 0x68, 0x77, 0xcc,
    0x1, 0xff, 0xc6, 0x77, 0x80, 0x21, 0xee, 0x90,
    0x23, 0xb9, 0xe0, 0xf, 0xee, 0x38, 0x2, 0x22,
    0x10, 0x8, 0x46, 0x0, 0x84, 0x60, 0x0, 0x8c,
    0x1, 0xfc, 0x39, 0x8a, 0x0, 0x5e, 0x62, 0xc0,
    0x17, 0x98, 0x60, 0xf, 0xe3, 0x36, 0x81, 0x21,
    0x99, 0x40, 0xa, 0x66, 0x10, 0xf, 0xf9, 0x81,
    0x40, 0x3f, 0xf9, 0x14, 0x21, 0x20, 0x1f, 0xfc,
    0x77, 0x50, 0x81, 0x0, 0xff, 0xe0, 0x8d, 0x88,
    0x78, 0xba, 0x33, 0x80, 0x7f, 0xf0, 0x4f, 0xd0,
    0x49, 0x3a, 0x7e, 0x40, 0x38, 0x7f, 0xc2, 0x2,
    0x40, 0x38, 0x25, 0xfb, 0x20, 0xd7, 0xfd, 0xb9,
    0x96, 0xeb, 0xbf, 0xdd, 0x20, 0x2a, 0x3e, 0x20,
    0xdd, 0x26, 0x2, 0x46, 0x71, 0x10, 0x40, 0x2c,
    0x0, 0x5d, 0x10, 0x4, 0x2d, 0x9d, 0x97, 0x6a,
    0xa5, 0xdb, 0x31, 0xbc, 0xe0,

    /* U+9010 "逐" */
    0x0, 0xff, 0xe6, 0x16, 0x68, 0x80, 0x2f, 0xbb,
    0xff, 0x84, 0x40, 0x2, 0x26, 0x8, 0x0, 0x47,
    0xff, 0x84, 0x0, 0x2c, 0x12, 0xc0, 0xbf, 0xfb,
    0x90, 0x7, 0x3f, 0xfc, 0x40, 0x2, 0xc1, 0x26,
    0x0, 0x93, 0xd0, 0x34, 0xc0, 0x21, 0x30, 0xe,
    0x2a, 0xa3, 0x2, 0x5d, 0x84, 0xc3, 0xc0, 0x21,
    0xcc, 0x40, 0x7, 0x22, 0x8e, 0xda, 0x15, 0xe2,
    0x9d, 0x0, 0xe1, 0x1c, 0x80, 0x7c, 0x34, 0x55,
    0xa8, 0xaa, 0x5, 0x7f, 0x24, 0xc1, 0x0, 0x5e,
    0xee, 0x27, 0xd5, 0x1a, 0xa1, 0x38, 0x40, 0xbd,
    0x80, 0x66, 0x22, 0xc0, 0x2, 0x9e, 0x55, 0x6c,
    0x0, 0x5c, 0x1, 0xdf, 0x98, 0x0, 0x9f, 0x58,
    0x6a, 0x81, 0x60, 0x14, 0xc8, 0x3, 0x11, 0x98,
    0x40, 0xc, 0x71, 0xca, 0x36, 0x80, 0x2, 0x6,
    0xa0, 0xf, 0xe1, 0xc7, 0x5, 0xf4, 0x68, 0x7,
    0xb0, 0x5a, 0x0, 0xff, 0x26, 0x50, 0xd4, 0x88,
    0x1, 0x2c, 0x15, 0x80, 0x3c, 0x2f, 0xb6, 0x66,
    0xd5, 0xe, 0x3, 0x4, 0x95, 0x60, 0xf, 0xb0,
    0x8e, 0xb0, 0x80, 0x98, 0x30, 0x0, 0xd4, 0x1,
    0xfa, 0xb3, 0xa, 0x9d, 0xba, 0x12, 0x50, 0xf,
    0xd0, 0x21, 0xca, 0x60, 0x4, 0x12, 0x4, 0xc0,
    0xf, 0x87, 0x1c, 0xc, 0xae, 0xca, 0x21, 0xfd,
    0xf6, 0x20, 0x18, 0x90, 0x34, 0xc7, 0x73, 0x4d,
    0x2b, 0xba, 0xcc, 0xb7, 0x5d, 0xfe, 0xdf, 0xb,
    0xd, 0x20, 0x2c, 0xc3, 0x8, 0xc4, 0x66, 0x22,
    0x8, 0x5, 0xa0, 0xf8, 0x60, 0x18, 0xe7, 0xbf,
    0x73, 0x36, 0xeb, 0xbf, 0xcc,

    /* U+901F "速" */
    0x0, 0xff, 0xec, 0x77, 0x98, 0x7, 0xe8, 0xe3,
    0x0, 0xff, 0xe4, 0x18, 0xe2, 0x0, 0x33, 0x3c,
    0x21, 0xd9, 0x9d, 0x40, 0xb, 0x40, 0xb3, 0x3,
    0x3f, 0x0, 0x8, 0xcf, 0x9c, 0x2, 0xb3, 0xd,
    0xe, 0xef, 0x8, 0x57, 0x77, 0x60, 0x6, 0xd3,
    0xa0, 0x12, 0x2e, 0x10, 0x32, 0x2e, 0x10, 0xc,
    0x38, 0x80, 0x39, 0x9c, 0x0, 0x9c, 0xcd, 0xa0,
    0x1f, 0xfc, 0x7, 0x78, 0x0, 0xae, 0xe5, 0x0,
    0xcb, 0x33, 0x9c, 0x2, 0x18, 0x88, 0x42, 0x62,
    0x12, 0x1, 0xb1, 0x9b, 0x58, 0x7, 0xff, 0x17,
    0x62, 0xa, 0x1, 0xc3, 0xbb, 0x8, 0x6e, 0xe0,
    0xc, 0x8e, 0xef, 0x0, 0xc4, 0x40, 0x1, 0x0,
    0x4, 0xc0, 0xc8, 0x80, 0x1f, 0xc3, 0xbb, 0x40,
    0x6, 0x2f, 0xdd, 0x60, 0x7, 0xff, 0x1, 0x68,
    0x40, 0x2, 0x7a, 0xc0, 0x1f, 0xfc, 0x17, 0xa0,
    0xd1, 0xa, 0x70, 0x9a, 0x0, 0xff, 0x1e, 0x40,
    0x59, 0x80, 0x1e, 0x2c, 0x57, 0x44, 0x3, 0xe2,
    0xc3, 0x1b, 0x40, 0xe, 0x4f, 0x22, 0x28, 0x6,
    0xc0, 0x23, 0xa4, 0xf4, 0x0, 0xf8, 0x72, 0xd0,
    0x0, 0x38, 0xc0, 0x3e, 0x36, 0x20, 0x13, 0x30,
    0x40, 0x21, 0x40, 0x0, 0xe1, 0x96, 0x50, 0x5d,
    0x98, 0x84, 0x22, 0x48, 0x4, 0x91, 0xec, 0xe0,
    0x87, 0xd, 0x7d, 0x11, 0x3b, 0xdf, 0xfd, 0xdb,
    0x70, 0x87, 0x63, 0x42, 0x0, 0x1b, 0xc6, 0x31,
    0x0, 0xf8, 0x49, 0x40, 0xbd, 0x0, 0x38, 0xe7,
    0x3b, 0xff, 0xee, 0xda, 0x0,

    /* U+907F "避" */
    0x0, 0xff, 0xe2, 0xd6, 0x0, 0x78, 0x66, 0x80,
    0x36, 0xef, 0x84, 0x0, 0x26, 0x80, 0x1c, 0x6e,
    0xb2, 0x1, 0x11, 0x78, 0x4, 0x5a, 0x1e, 0x23,
    0x0, 0xa, 0x81, 0x98, 0x1, 0xf, 0xf8, 0xc1,
    0x7b, 0x92, 0x9, 0xdc, 0xd0, 0x9, 0x20, 0x24,
    0x80, 0x3e, 0x74, 0x4e, 0x34, 0x50, 0xc, 0xe4,
    0xa0, 0x1f, 0x8a, 0x97, 0x2e, 0xc4, 0xd2, 0x1,
    0xdb, 0x44, 0x0, 0x1c, 0xc1, 0x80, 0x4, 0xe8,
    0x10, 0x50, 0x3, 0xff, 0x80, 0x66, 0x0, 0xce,
    0x61, 0xe1, 0x60, 0x1f, 0xc4, 0x9, 0xff, 0x96,
    0x85, 0x29, 0x6, 0x28, 0x1, 0x5f, 0xf7, 0x3,
    0x0, 0x80, 0x62, 0x54, 0x55, 0x0, 0xaa, 0x80,
    0x3f, 0x18, 0x2f, 0x76, 0x2e, 0xe5, 0x2, 0x77,
    0x40, 0xa, 0xfd, 0x0, 0xb0, 0x2, 0x53, 0x10,
    0x11, 0x80, 0x2, 0x30, 0x6, 0x30, 0x9, 0x0,
    0xd, 0x70, 0x5, 0x76, 0x80, 0x5b, 0xb4, 0x0,
    0x7c, 0xe0, 0xa0, 0x1e, 0x44, 0x18, 0xa, 0x20,
    0xc0, 0x3c, 0x32, 0x1c, 0x1, 0xc5, 0xfe, 0xa0,
    0x4f, 0xf5, 0x80, 0x78, 0x50, 0xd0, 0x3, 0xf0,
    0x80, 0x7f, 0xf0, 0x2b, 0x80, 0xd, 0x90, 0x1,
    0xff, 0xc2, 0x70, 0x19, 0x30, 0x10, 0x23, 0x17,
    0x0, 0xff, 0xae, 0x40, 0xd, 0xd5, 0x7f, 0xdd,
    0x18, 0x1, 0x3a, 0x80, 0x2, 0x0, 0xc4, 0x1b,
    0xf9, 0x15, 0xae, 0xeb, 0x73, 0x76, 0xff, 0xdc,
    0x21, 0x61, 0xa8, 0xd, 0xd4, 0xc2, 0x31, 0x19,
    0x14, 0x22, 0x0, 0x18, 0x83, 0xe1, 0x80, 0x65,
    0x9e, 0xfe, 0xdd, 0xdd, 0xcf, 0xfb, 0x0,

    /* U+90E8 "部" */
    0x0, 0xff, 0xe8, 0x57, 0x10, 0x7, 0xff, 0x20,
    0x45, 0x60, 0x1e, 0xbb, 0xf8, 0xc0, 0x4, 0x5b,
    0x1, 0x8c, 0x8a, 0x10, 0x44, 0xfb, 0x0, 0x1b,
    0xba, 0x0, 0x19, 0xbb, 0x20, 0x5, 0x57, 0x63,
    0x6, 0x0, 0x19, 0x88, 0x86, 0x78, 0x48, 0xc4,
    0x2, 0x54, 0x41, 0x85, 0x0, 0x32, 0x4d, 0xf3,
    0x30, 0x9f, 0xa0, 0x7, 0x28, 0x19, 0x80, 0x24,
    0x15, 0x10, 0x2, 0x81, 0x98, 0x3, 0xdc, 0x14,
    0x1, 0x85, 0x1, 0x80, 0x1c, 0x16, 0x1, 0xe2,
    0x41, 0x60, 0xe, 0xd1, 0x0, 0x12, 0x3, 0x0,
    0x7a, 0x81, 0x80, 0x29, 0xff, 0x48, 0xc7, 0xe8,
    0x3, 0xfd, 0xc0, 0x18, 0x80, 0x40, 0x3f, 0xf9,
    0x16, 0x4c, 0xa0, 0x9, 0xff, 0xff, 0xb8, 0x3,
    0xf, 0x5, 0x80, 0x7f, 0xf2, 0xd, 0x5, 0x40,
    0xb, 0xff, 0xfd, 0xc0, 0x1f, 0x68, 0x60, 0x7,
    0xff, 0x20, 0x80, 0x80, 0x31, 0xff, 0xf5, 0x0,
    0x7f, 0x10, 0x8, 0x6, 0x70, 0xe, 0x10, 0xf,
    0x1b, 0x3c, 0x1, 0x0, 0x7f, 0xf1, 0x5e, 0x60,
    0x42, 0x80, 0x33, 0x80, 0x70, 0x80, 0x79, 0xd,
    0x1b, 0x8, 0x3, 0x1f, 0xff, 0x50, 0x7, 0xd9,
    0x72, 0x60, 0x1e, 0x11, 0xf0, 0x7, 0xff, 0x11,
    0x3b, 0xba, 0x89, 0x40, 0x3f, 0xf8, 0xb, 0xf6,
    0x1, 0xc9, 0xb6, 0x0, 0xff, 0x0, 0x7c,

    /* U+91CA "释" */
    0x0, 0xe1, 0x46, 0xa9, 0x0, 0xff, 0xe1, 0xcd,
    0xef, 0xf5, 0xca, 0xb2, 0x6f, 0x77, 0xf9, 0x40,
    0x6, 0x86, 0x40, 0x8, 0xbe, 0x43, 0x11, 0xff,
    0x38, 0x2, 0xbb, 0x9a, 0x0, 0x74, 0x50, 0xe7,
    0x7, 0xff, 0xb8, 0xc1, 0xc8, 0x0, 0xdc, 0x80,
    0x19, 0xad, 0xc2, 0x9, 0xd8, 0x1, 0x46, 0x68,
    0x0, 0x9c, 0x64, 0x3, 0x58, 0xb8, 0x3, 0x82,
    0x5f, 0x50, 0xf0, 0x3, 0xb, 0x12, 0x0, 0x14,
    0xa0, 0x2, 0x3b, 0x8, 0x24, 0xc0, 0xf, 0x4e,
    0x20, 0x1, 0x71, 0x80, 0x26, 0xa0, 0x9, 0x58,
    0x3, 0xa7, 0x7f, 0x0, 0x19, 0xf8, 0x51, 0xb2,
    0x29, 0x8a, 0x33, 0xd0, 0x60, 0x5, 0x33, 0x80,
    0x6, 0x76, 0x39, 0x1d, 0xd8, 0xea, 0xcc, 0x5f,
    0x8, 0x37, 0x65, 0x0, 0x4e, 0xea, 0x9b, 0x71,
    0x1a, 0xdd, 0x33, 0xd, 0x24, 0x2, 0x40, 0xa0,
    0x9, 0x62, 0x49, 0x20, 0x7, 0xa6, 0x80, 0xe,
    0x58, 0x3, 0x40, 0x6, 0xb4, 0xa, 0xee, 0x98,
    0x17, 0xba, 0xa0, 0xc, 0x4a, 0x40, 0xa, 0xb,
    0x31, 0x1c, 0x1, 0x8, 0xe0, 0xd, 0xe1, 0x0,
    0x5, 0x62, 0x25, 0xff, 0xcc, 0xb, 0xff, 0x58,
    0x5, 0x44, 0x6a, 0x1, 0x4e, 0x8, 0x7, 0xff,
    0x9, 0x43, 0xc0, 0x38, 0x67, 0xbb, 0x30, 0x2f,
    0x76, 0xa0, 0x3, 0xb8, 0xc0, 0x3c, 0x62, 0x38,
    0x2, 0x11, 0xe0, 0x4, 0xc0, 0x7, 0xd5, 0xdd,
    0x98, 0x17, 0xbb, 0x58, 0x0, 0x40, 0x3f, 0x84,
    0x70, 0x4, 0x23, 0x80, 0x3f, 0xfc, 0xc0,

    /* U+91CD "重" */
    0x0, 0xff, 0xe9, 0x9, 0x1a, 0x2b, 0xc5, 0x67,
    0x60, 0x7, 0x2e, 0xf7, 0xfd, 0xdb, 0x97, 0x50,
    0xea, 0x62, 0x24, 0x0, 0xcc, 0x60, 0x46, 0x64,
    0x40, 0x1, 0xa6, 0xf3, 0xbf, 0x50, 0x3, 0x1f,
    0x73, 0x73, 0x17, 0x60, 0x5, 0x32, 0x18, 0x80,
    0x72, 0xff, 0xff, 0x0, 0x33, 0xff, 0xf6, 0x9,
    0x9f, 0xe2, 0x0, 0x11, 0x9f, 0xe6, 0x4c, 0xcf,
    0xda, 0x0, 0xec, 0xcf, 0xd4, 0x1, 0x77, 0xff,
    0x80, 0x19, 0xff, 0xe8, 0x0, 0xf9, 0x59, 0xb0,
    0x1, 0x59, 0xb0, 0x80, 0x7f, 0x4c, 0xf0, 0x2,
    0x67, 0x94, 0x3, 0xfb, 0x3f, 0xf0, 0x3, 0x3f,
    0xf2, 0x0, 0x7f, 0x34, 0x46, 0x0, 0x34, 0x46,
    0x20, 0xf, 0xea, 0x77, 0xc0, 0xa, 0x77, 0xcc,
    0x1, 0xfd, 0x9f, 0xf8, 0x1, 0x9f, 0xf9, 0x0,
    0x3e, 0x67, 0x7f, 0x0, 0x15, 0xdf, 0xd8, 0x1,
    0xd1, 0x1f, 0x0, 0x3a, 0x23, 0xc8, 0x1, 0xab,
    0xff, 0xe0, 0x5, 0xff, 0xfc, 0xc0, 0x16, 0xa2,
    0x7c, 0x0, 0x34, 0x4f, 0x88, 0x2, 0x7b, 0xbf,
    0x80, 0x1f, 0x77, 0xf2, 0x2, 0xdd, 0xfe, 0xc0,
    0x7, 0xdd, 0xff, 0x12, 0x27, 0xe3, 0x0, 0x1a,
    0x27, 0xf3, 0xff, 0xff, 0xf2, 0x40,

    /* U+91CF "量" */
    0x0, 0x89, 0x13, 0xff, 0x84, 0x60, 0x1f, 0x55,
    0xdf, 0xff, 0xb, 0x80, 0x3f, 0x97, 0xbb, 0xfd,
    0x0, 0x1f, 0xf2, 0xf7, 0x7f, 0xa0, 0x3, 0xfe,
    0x5e, 0xef, 0xf4, 0x0, 0x7f, 0xc9, 0xbb, 0xfe,
    0x90, 0xf, 0xeb, 0x98, 0xaa, 0xff, 0x44, 0xc0,
    0x6, 0x5a, 0xa4, 0xe6, 0x7f, 0xf0, 0xbe, 0xa9,
    0x20, 0x4a, 0xbf, 0xfc, 0x87, 0x7, 0xff, 0x6e,
    0xff, 0xf1, 0x3b, 0xf8, 0x3, 0x6e, 0xff, 0xf1,
    0x18, 0x3, 0xf6, 0xff, 0xe0, 0x6, 0x7f, 0xe4,
    0x0, 0xff, 0x6f, 0xfe, 0x0, 0x67, 0xfe, 0x40,
    0xf, 0xf5, 0x5d, 0xe0, 0x4, 0xdd, 0xe3, 0x0,
    0xff, 0x18, 0x8e, 0x0, 0x8, 0xf0, 0x7, 0xf0,
    0x84, 0xd5, 0x60, 0x4, 0x55, 0x63, 0x0, 0xfd,
    0xdf, 0xfe, 0x0, 0x5f, 0xff, 0x9c, 0x3, 0xa7,
    0xff, 0xe0, 0x5, 0xff, 0xfc, 0x1, 0xdb, 0x11,
    0xf0, 0x1, 0xa2, 0x3e, 0x0, 0xe4, 0x77, 0xf8,
    0x42, 0x9d, 0xfe, 0x0, 0x9a, 0xef, 0xf8, 0x43,
    0xee, 0xff, 0x83, 0xd1, 0x3f, 0x80, 0x6, 0x89,
    0xfc, 0x0,

    /* U+94FE "链" */
    0x0, 0xae, 0x0, 0x3f, 0xcd, 0xac, 0x1, 0xf9,
    0x51, 0x0, 0x13, 0xf4, 0x80, 0x6c, 0x20, 0xf,
    0xef, 0x7, 0x55, 0x8c, 0x58, 0x44, 0x44, 0x40,
    0x22, 0xf0, 0x0, 0x54, 0x12, 0xaa, 0x43, 0x7,
    0x8d, 0xd0, 0x85, 0xee, 0xec, 0x0, 0x58, 0x1b,
    0x36, 0xa, 0xa, 0xf4, 0x10, 0x24, 0x4f, 0x2,
    0x28, 0x74, 0xce, 0x7, 0x3b, 0x6b, 0x20, 0xcf,
    0xf5, 0xdd, 0x40, 0xc0, 0xe4, 0x1, 0xc3, 0x8e,
    0x4, 0x6a, 0x17, 0x40, 0x1c, 0x50, 0xdd, 0xda,
    0x80, 0x3a, 0x83, 0x80, 0x3f, 0x9c, 0x47, 0x9e,
    0xee, 0xa3, 0x70, 0xd8, 0x1, 0x99, 0x8c, 0x2,
    0xf9, 0x4, 0xfc, 0x44, 0xc0, 0x13, 0x30, 0x0,
    0xcd, 0x80, 0x31, 0x80, 0x43, 0x74, 0x0, 0x38,
    0xab, 0xa0, 0x1b, 0xb9, 0x0, 0x31, 0x80, 0x64,
    0x40, 0x4, 0xea, 0x88, 0x0, 0x22, 0x42, 0x0,
    0xef, 0x90, 0x4f, 0xf0, 0x80, 0x7f, 0xf1, 0xc,
    0x40, 0x21, 0x10, 0x6, 0x5f, 0xfb, 0x80, 0x7f,
    0xec, 0x0, 0x6f, 0x50, 0x27, 0x70, 0x40, 0x3f,
    0xf9, 0xeb, 0xff, 0x70, 0xf, 0xfd, 0x80, 0x1f,
    0x88, 0x3, 0xff, 0x92, 0xf3, 0x80, 0x10, 0x80,
    0x7f, 0xf0, 0xc8, 0xd, 0x88, 0x98, 0x0, 0xd3,
    0x0, 0xa, 0x20, 0x3, 0xf6, 0x0, 0x1b, 0xb0,
    0x9e, 0xb, 0x2d, 0x4e, 0xac, 0x8d, 0xec, 0x80,
    0xa, 0x81, 0x32, 0xa1, 0x48, 0x7c, 0x24, 0xac,
    0xee, 0x6e, 0x42, 0x10, 0x1, 0x4a, 0xd8, 0x20,
    0xa8, 0x0, 0x7b, 0x48, 0x40, 0x18, 0x4c, 0x3,
    0x6a, 0x0, 0x58, 0x20, 0x19, 0x6f, 0x7f, 0xf7,
    0x60, 0x0,

    /* U+9501 "锁" */
    0x0, 0xff, 0xe1, 0x91, 0x88, 0x7, 0xfb, 0xb0,
    0x40, 0x31, 0x10, 0x1, 0xd8, 0xa0, 0x3, 0x20,
    0xe, 0x61, 0x1, 0x0, 0x8f, 0x78, 0x3, 0xed,
    0xd2, 0x80, 0x6b, 0x2, 0xcc, 0xc4, 0x86, 0xe0,
    0x1c, 0xa2, 0x4a, 0x1, 0x39, 0x0, 0x99, 0xf4,
    0x84, 0x80, 0x75, 0x84, 0x80, 0x49, 0x1, 0x5b,
    0xbc, 0x44, 0x51, 0x40, 0x9, 0xc5, 0x50, 0x2,
    0xa0, 0x55, 0x11, 0x70, 0x2, 0x31, 0x0, 0x27,
    0xbb, 0x0, 0x67, 0x18, 0x0, 0xfb, 0x3f, 0xb4,
    0xc2, 0xb6, 0x73, 0x0, 0x15, 0xc6, 0xff, 0xf5,
    0x1, 0x16, 0x0, 0x9, 0x16, 0x0, 0x89, 0x0,
    0x3f, 0xd3, 0x55, 0xd0, 0x1, 0xe2, 0xfd, 0x2,
    0xff, 0x50, 0x4, 0xea, 0x44, 0x45, 0x40, 0xf,
    0xfe, 0x3c, 0xc1, 0x0, 0x7e, 0x22, 0x38, 0x0,
    0x8a, 0x0, 0xff, 0xe1, 0x9e, 0xea, 0x80, 0xb7,
    0x58, 0x1, 0xff, 0xc3, 0x13, 0x31, 0x0, 0xc,
    0xca, 0x1, 0xff, 0xc3, 0x2c, 0xc7, 0x81, 0x66,
    0x2c, 0x3, 0x84, 0x4, 0x3, 0xff, 0x90, 0x60,
    0x2, 0x0, 0xff, 0xe1, 0x90, 0x6, 0x90, 0x50,
    0xf, 0xf8, 0x40, 0x9, 0x9c, 0x15, 0x68, 0xa1,
    0xd0, 0x66, 0xcd, 0x0, 0xf3, 0x1, 0x59, 0x80,
    0x10, 0xa8, 0x17, 0x5f, 0x30, 0xe6, 0x1, 0xc3,
    0x0, 0x1, 0xac, 0x5c, 0x90, 0x5a, 0x99, 0x9,
    0xdd, 0x8c, 0x3, 0x31, 0x3, 0xf2, 0xdd, 0x18,
    0xcd, 0x0, 0x1b, 0xa4, 0x53, 0x4, 0x2, 0x77,
    0x6c, 0x0, 0x28, 0xe7, 0x98, 0x3, 0x9b, 0xd6,
    0xc4,

    /* U+9519 "错" */
    0x0, 0xaa, 0x4, 0x3, 0xd5, 0xc4, 0x0, 0xed,
    0x0, 0xf1, 0xab, 0x88, 0x7, 0x84, 0x60, 0x0,
    0x90, 0x7, 0xa0, 0x11, 0x31, 0x80, 0x4e, 0x1,
    0x8, 0x7, 0xc8, 0x80, 0x4b, 0xbb, 0x87, 0xfc,
    0x61, 0x9f, 0xc0, 0xf, 0xf4, 0x80, 0xd0, 0x11,
    0x9e, 0x60, 0x11, 0x0, 0x4, 0x60, 0x0, 0x8c,
    0x14, 0x25, 0xb9, 0x9a, 0xc7, 0xb8, 0x81, 0xbd,
    0xc0, 0x7, 0x72, 0x3, 0x2, 0x44, 0x78, 0x3,
    0xff, 0x86, 0xd1, 0x7d, 0xdd, 0x4, 0x66, 0x70,
    0x53, 0x40, 0x1, 0x9c, 0x2, 0xa0, 0x1f, 0x4e,
    0x60, 0xc2, 0x72, 0xc0, 0x19, 0x91, 0x1, 0x7f,
    0x0, 0xff, 0xa0, 0xcf, 0xff, 0x84, 0x1, 0xfd,
    0x19, 0x9f, 0xfc, 0x1, 0x2, 0x22, 0x80, 0x91,
    0x40, 0x8, 0x8f, 0xe5, 0x0, 0x1e, 0xea, 0xc0,
    0x1b, 0xb0, 0xb, 0xbf, 0xf7, 0x80, 0x46, 0x62,
    0x0, 0x19, 0xc0, 0x1a, 0xef, 0x98, 0x3, 0x1e,
    0x64, 0x3, 0x99, 0x0, 0x42, 0x89, 0xde, 0x1,
    0xff, 0xc4, 0x1c, 0xce, 0x80, 0xf, 0xfe, 0x0,
    0x80, 0x63, 0x3e, 0x10, 0xf, 0xe1, 0x4c, 0xa0,
    0x8, 0x7f, 0xfa, 0x40, 0x3e, 0x50, 0x5, 0x9b,
    0x80, 0x7f, 0xf1, 0x6, 0x40, 0x3, 0x38, 0x1,
    0xf, 0xff, 0x48, 0x7, 0x84, 0x0, 0xde, 0xc0,
    0x1c, 0x45, 0xc2, 0x1, 0xf4, 0x64, 0x88, 0x7,
    0xe, 0xef, 0x40, 0x98, 0x0,

    /* U+95EA "闪" */
    0x0, 0x2e, 0x8, 0x4, 0x45, 0xff, 0xc1, 0x0,
    0xa4, 0xf4, 0x0, 0xbb, 0xbf, 0xfc, 0x10, 0xb,
    0x44, 0xec, 0x3, 0xff, 0x8c, 0x3a, 0x9, 0xb,
    0xff, 0xfe, 0xc0, 0xf, 0x1c, 0x83, 0x0, 0x7f,
    0xf1, 0x2a, 0x82, 0xcf, 0xe0, 0x14, 0xe3, 0x0,
    0x7f, 0xa, 0xa8, 0x1, 0x2, 0x1, 0x39, 0x98,
    0x3, 0xff, 0x8c, 0x42, 0x8, 0x1, 0xff, 0xc6,
    0x50, 0x21, 0x0, 0xff, 0xe3, 0x50, 0x8, 0x7,
    0xff, 0x19, 0x48, 0xe, 0x80, 0x3f, 0xf8, 0xb2,
    0x4, 0xb, 0x40, 0x1f, 0xfc, 0x37, 0x30, 0xfa,
    0x5, 0xa0, 0xf, 0xfe, 0x9, 0xc0, 0x39, 0x2c,
    0x2, 0xc0, 0x7, 0xfc, 0x9a, 0x5, 0x0, 0x7,
    0x60, 0x75, 0x0, 0xfe, 0x5b, 0x11, 0x78, 0x6,
    0x93, 0xb, 0x10, 0xf, 0xcc, 0x3, 0x84, 0x1,
    0xda, 0x2a, 0x20, 0x1f, 0x8e, 0x3c, 0x80, 0x3c,
    0x35, 0x60, 0x1f, 0xe7, 0x10, 0xf, 0xc8, 0x1,
    0xff, 0xc8, 0x14, 0x33, 0x20, 0x7, 0xff, 0x14,
    0xef, 0x31, 0x0, 0x60, 0x1f, 0xfc, 0x32, 0x30,
    0x1, 0x2e, 0x80,

    /* U+95EE "问" */
    0x1a, 0x60, 0xf, 0xfe, 0x2a, 0x2c, 0xb0, 0x1,
    0xff, 0xff, 0xf8, 0x1c, 0xb0, 0x12, 0xc0, 0x1f,
    0xfc, 0x47, 0x60, 0x95, 0x7e, 0xef, 0xf4, 0x80,
    0x69, 0x42, 0x60, 0x11, 0xff, 0x10, 0x1, 0xe0,
    0xaf, 0x4c, 0x3, 0xff, 0x85, 0x2e, 0xc0, 0x1f,
    0xfc, 0xa2, 0xff, 0xfc, 0x40, 0x1f, 0xfd, 0x42,
    0xff, 0xb8, 0x3, 0xff, 0x8e, 0x20, 0x1f, 0xff,
    0xf2, 0xff, 0xc0, 0x1f, 0xfd, 0x72, 0xff, 0xf1,
    0x0, 0x7f, 0x8e, 0x60, 0x3, 0xff, 0x8a, 0x2c,
    0xa0, 0x1f, 0xfc, 0xe3, 0x22, 0x60, 0x18, 0x7,
    0xff, 0xb, 0x37, 0x4e, 0xc, 0x1, 0xff, 0xc2,
    0x50, 0x1, 0x2d, 0x77, 0xa0, 0x7, 0xfd, 0x5f,
    0xed, 0xa1,

    /* U+95F4 "间" */
    0x8, 0x90, 0xf, 0xfe, 0x32, 0x3b, 0x38, 0x2,
    0xbf, 0xff, 0xf8, 0x20, 0x92, 0x10, 0x60, 0x1f,
    0xfc, 0x56, 0x50, 0x80, 0xbe, 0xef, 0xf5, 0x0,
    0x75, 0xb5, 0x80, 0x8f, 0xff, 0x0, 0x2, 0x77,
    0x1c, 0x80, 0x7f, 0xf1, 0x66, 0x1c, 0x0, 0x45,
    0xfe, 0x0, 0xff, 0xbf, 0x77, 0xf6, 0x0, 0x7f,
    0xf0, 0x51, 0x57, 0x20, 0x7, 0xff, 0xe, 0x6a,
    0xb4, 0x80, 0x7f, 0xf6, 0x3f, 0x33, 0x78, 0x7,
    0xff, 0xc, 0x8c, 0xf1, 0x0, 0x7f, 0xf0, 0xf7,
    0xff, 0x60, 0x7, 0xff, 0x20, 0x40, 0x3f, 0xf8,
    0x62, 0x1, 0x84, 0x3, 0xff, 0x87, 0x9f, 0xfb,
    0x0, 0x3f, 0xf8, 0x2e, 0x89, 0xfc, 0x1, 0xff,
    0x55, 0xdf, 0xea, 0x0, 0xff, 0xe5, 0x88, 0x7,
    0xff, 0x19, 0xfe, 0x80, 0x80, 0x3f, 0xf8, 0x8a,
    0x0, 0x39, 0x0,

    /* U+9605 "阅" */
    0x9, 0x80, 0xf, 0xfe, 0x2a, 0x33, 0xc8, 0x2,
    0x3b, 0xbf, 0xf8, 0x1a, 0x94, 0xc, 0xc0, 0x11,
    0xff, 0xe0, 0x98, 0x2b, 0x85, 0x4, 0xff, 0xff,
    0xac, 0x3, 0x44, 0x30, 0x5e, 0x40, 0x33, 0xe2,
    0x80, 0x1c, 0x0, 0xee, 0x17, 0x0, 0x4b, 0x28,
    0x5, 0x26, 0xc0, 0x1d, 0x30, 0x40, 0x1, 0x80,
    0x80, 0x3, 0x8a, 0x18, 0x7, 0xfc, 0xc4, 0x24,
    0x48, 0x8, 0x0, 0xff, 0xf, 0xf8, 0x8f, 0x74,
    0x0, 0xcf, 0x30, 0xf, 0xf9, 0x13, 0xc2, 0x1,
    0xff, 0xc0, 0x2b, 0xbf, 0x28, 0x7, 0xff, 0x50,
    0xbf, 0xfc, 0x80, 0x1f, 0xf1, 0x98, 0x40, 0x88,
    0x0, 0x33, 0x0, 0x7f, 0xe, 0x60, 0x83, 0xb8,
    0x9, 0x98, 0x30, 0xf, 0xf0, 0x98, 0x18, 0x7,
    0xff, 0x12, 0xc1, 0x40, 0x3d, 0x66, 0x1, 0xfa,
    0x54, 0x24, 0x2, 0x70, 0x24, 0x90, 0xf, 0x2e,
    0xb0, 0x41, 0x81, 0x1, 0xfe, 0x86, 0x0, 0x79,
    0xc8, 0x21, 0xc0, 0x3, 0x28, 0x66, 0x66, 0x38,
    0x7, 0x15, 0x6b, 0x80, 0x66, 0xbc, 0xc1, 0x7d,
    0x81, 0x0, 0x65, 0x20, 0xf, 0xed, 0x0, 0x1f,
    0xf7, 0x98, 0x7, 0xff, 0x1, 0xbf, 0xd8, 0x60,

    /* U+9644 "附" */
    0x0, 0xff, 0xea, 0x5e, 0x20, 0x6, 0xaa, 0x8,
    0x3, 0xff, 0xd2, 0x0, 0x24, 0x36, 0x0, 0xca,
    0xa3, 0x0, 0xfc, 0xa0, 0xa, 0x3, 0x20, 0xf,
    0xfb, 0xfc, 0xc1, 0x60, 0x6, 0x9, 0x0, 0xff,
    0xe1, 0x20, 0x28, 0x28, 0x89, 0x40, 0x3f, 0xf8,
    0x24, 0x43, 0x20, 0x80, 0x55, 0x7f, 0xf0, 0x3,
    0x7c, 0x40, 0x24, 0xb, 0x8, 0x20, 0xf, 0xfe,
    0x26, 0x83, 0x1b, 0x80, 0x4b, 0xdd, 0xc0, 0xc,
    0xe1, 0x0, 0xe5, 0xd0, 0xe, 0x11, 0xe0, 0x0,
    0x88, 0x3, 0x48, 0x4c, 0xc, 0x80, 0x47, 0x0,
    0x1f, 0xf1, 0x21, 0x13, 0x48, 0x2, 0xe7, 0x30,
    0xf, 0xfb, 0x0, 0xcc, 0x1, 0xac, 0x20, 0x3,
    0xfe, 0x20, 0xe0, 0xe, 0x61, 0x42, 0x0, 0xff,
    0x8, 0x18, 0x7, 0x9c, 0x28, 0x3, 0xf8, 0x74,
    0xc, 0x3, 0xd4, 0x8, 0x1, 0xf8, 0xb9, 0x83,
    0x40, 0x3c, 0x77, 0x80, 0x1f, 0x89, 0xe, 0x50,
    0x3, 0xe4, 0x0, 0xff, 0x5e, 0x30, 0x7, 0xff,
    0xa1, 0xd, 0x0, 0x6, 0x1, 0xff, 0xc4, 0xfc,
    0xb0, 0x11, 0x0, 0x7f, 0x9c, 0x84, 0x2, 0xd1,
    0x25, 0xd0, 0x8,

    /* U+9762 "面" */
    0x4d, 0xdf, 0xfe, 0x46, 0x9, 0x17, 0xff, 0x20,
    0x53, 0x33, 0xf3, 0x0, 0x2b, 0x33, 0xf7, 0x9,
    0x9f, 0xf0, 0x12, 0x99, 0xff, 0x0, 0x7f, 0x38,
    0x28, 0x7, 0xfc, 0x9f, 0xff, 0x10, 0x3f, 0xff,
    0xeb, 0x0, 0xff, 0xe7, 0x17, 0x73, 0x0, 0xbb,
    0xb2, 0x4, 0xf7, 0x18, 0x3, 0xe1, 0x18, 0x0,
    0x23, 0xc0, 0x62, 0x30, 0x7, 0xfc, 0x57, 0x79,
    0x0, 0x3f, 0xf8, 0xa8, 0x98, 0x40, 0x3f, 0xf8,
    0x85, 0xff, 0x90, 0x3, 0xff, 0x92, 0x20, 0x1f,
    0xfc, 0x42, 0xbb, 0xc8, 0x1, 0xff, 0xc5, 0x44,
    0xc2, 0x1, 0xff, 0xc4, 0x2f, 0xfc, 0x80, 0x1f,
    0xfc, 0x91, 0x0, 0xff, 0xe0, 0x11, 0x18, 0x0,
    0x45, 0x84, 0x8, 0xa1, 0x0, 0xf1, 0x6e, 0xac,
    0xb, 0x77, 0x20, 0x46, 0xe9, 0x80, 0x3e, 0x11,
    0xff, 0xe1, 0x0, 0x7c, 0x5d, 0xdf, 0xfc, 0x27,
    0x0, 0x80,

    /* U+9875 "页" */
    0x1f, 0xff, 0xfe, 0x43, 0x80, 0x7f, 0xf2, 0x87,
    0xbb, 0xf2, 0x1, 0x77, 0x7f, 0x38, 0x8, 0xfe,
    0x40, 0xb1, 0x1f, 0xe0, 0xc, 0x23, 0xca, 0x0,
    0x41, 0x1f, 0x80, 0x3d, 0xfd, 0xda, 0x80, 0x1b,
    0xdd, 0xf3, 0x0, 0x7f, 0xf4, 0x6b, 0xff, 0xfe,
    0x0, 0xff, 0xe1, 0xe6, 0xc, 0x3, 0xff, 0x8e,
    0x66, 0x70, 0xf, 0xff, 0xf8, 0x7, 0xf1, 0x0,
    0x18, 0x3, 0xff, 0x8c, 0x80, 0x2, 0x0, 0xff,
    0xe2, 0x94, 0x2, 0x8d, 0xa8, 0x0, 0x88, 0x60,
    0x1d, 0xde, 0xa0, 0x78, 0x22, 0x8b, 0x4a, 0xe6,
    0xdd, 0x28, 0x7, 0xc7, 0x58, 0x22, 0xd2, 0xaa,
    0x10, 0xcf, 0x38, 0x7, 0x1c, 0x6e, 0x28, 0x2f,
    0x98, 0x1, 0x76, 0x88, 0x63, 0x94, 0x17, 0xf1,
    0xc8, 0x17, 0x28, 0x40, 0x39, 0x76, 0x44, 0x54,
    0x8a, 0xa2, 0x6a, 0xfa, 0x30, 0xf, 0xe6, 0xf5,
    0x52, 0x5, 0x6c, 0xa8, 0x7, 0xff, 0x4, 0x6a,
    0x80,

    /* U+987B "须" */
    0x0, 0xf4, 0xa0, 0x8, 0xff, 0xf0, 0x80, 0x3d,
    0x2d, 0x43, 0xfd, 0xdf, 0xfc, 0x9, 0x0, 0xe9,
    0x60, 0xd1, 0x0, 0xff, 0xe0, 0xf8, 0x4, 0x36,
    0xc1, 0x46, 0x1d, 0xff, 0x88, 0x17, 0xff, 0x9c,
    0x0, 0x9e, 0x81, 0x4a, 0x1, 0xe1, 0x20, 0xf0,
    0xf, 0xca, 0x65, 0xaa, 0x1, 0xb3, 0xfd, 0xc0,
    0xa, 0xff, 0xce, 0x1, 0xe, 0x69, 0x0, 0x90,
    0x7, 0xff, 0x18, 0x40, 0x2a, 0xd9, 0x0, 0xa7,
    0xff, 0xc4, 0x1, 0xfd, 0x48, 0x36, 0x1, 0xc2,
    0xee, 0x0, 0xff, 0xe, 0x28, 0x69, 0x0, 0x71,
    0x44, 0x0, 0x3f, 0x97, 0x8c, 0x70, 0xc0, 0x3f,
    0xf8, 0xaf, 0x40, 0x7e, 0x60, 0x1f, 0xfc, 0x67,
    0x47, 0xc1, 0x0, 0xff, 0xe4, 0x5c, 0x0, 0x52,
    0xa0, 0x1c, 0xe0, 0x1f, 0xfc, 0x37, 0x6a, 0x20,
    0xc, 0x20, 0x40, 0x1f, 0xfc, 0x4, 0x80, 0x82,
    0x0, 0xde, 0xe, 0x1, 0xff, 0x1d, 0x82, 0x38,
    0x45, 0x20, 0xa8, 0x7a, 0x8f, 0x5a, 0x80, 0x72,
    0xe0, 0x15, 0x80, 0x11, 0x4a, 0x80, 0xc6, 0xbd,
    0x50, 0x80, 0x21, 0x9a, 0x2, 0xc0, 0xc, 0x38,
    0x83, 0xca, 0xa1, 0x9c, 0x20, 0xa, 0x98, 0x13,
    0x44, 0x0, 0x51, 0xc6, 0x58, 0x43, 0x54, 0x13,
    0xd5, 0x0, 0x51, 0x4d, 0x80, 0x4d, 0xae, 0xd,
    0x84, 0x1, 0x2f, 0xa0, 0x40, 0x0, 0x75, 0x80,
    0x33, 0x2b, 0x6c, 0x88, 0x7, 0xd, 0xb7, 0x0,

    /* U+9884 "预" */
    0x0, 0xff, 0xe6, 0xbf, 0xff, 0xdc, 0x9b, 0xff,
    0xff, 0x8, 0x7, 0xf0, 0x80, 0x8f, 0x0, 0x42,
    0x38, 0x0, 0xff, 0xfc, 0x40, 0xe9, 0x9d, 0xd7,
    0x80, 0x33, 0xbb, 0x8, 0x4, 0xe0, 0xb, 0x23,
    0x80, 0xe, 0x40, 0x13, 0x0, 0xfa, 0xa3, 0x6d,
    0xb, 0x0, 0x2f, 0xfa, 0x80, 0x7f, 0xf1, 0x0,
    0x56, 0x84, 0x81, 0xe0, 0x1f, 0x8, 0xe0, 0xf,
    0x86, 0xe0, 0x1, 0x86, 0x1, 0xdf, 0xdd, 0xbc,
    0x3, 0x84, 0x66, 0xa0, 0x19, 0x11, 0x0, 0x73,
    0xb8, 0x3, 0xc3, 0xdd, 0xa8, 0x0, 0xbd, 0xc4,
    0x0, 0xd1, 0x0, 0xf, 0x88, 0xa1, 0x0, 0x11,
    0x0, 0x50, 0x3, 0xff, 0x80, 0x3b, 0xb8, 0x7,
    0x64, 0x10, 0x3, 0xff, 0x93, 0xa1, 0xc0, 0x1f,
    0xfc, 0x97, 0x14, 0x0, 0xc2, 0x1, 0xff, 0xc4,
    0xcd, 0x0, 0xe2, 0x1, 0x0, 0xff, 0xe1, 0x11,
    0x80, 0x72, 0x1, 0x0, 0x7f, 0xf1, 0xaa, 0x81,
    0x41, 0x42, 0x19, 0x82, 0x0, 0xff, 0xe0, 0xaa,
    0xa0, 0x81, 0x32, 0xc8, 0xc0, 0x3f, 0xf8, 0x70,
    0xe1, 0x40, 0x69, 0x84, 0x1, 0x84, 0x4c, 0x1,
    0xe4, 0xd7, 0x9, 0x52, 0xc2, 0x26, 0x10, 0x5,
    0xdc, 0xa0, 0x20, 0xb, 0x2c, 0x89, 0x8c, 0x0,
    0x2c, 0x21, 0xc0, 0x9, 0x0, 0x53, 0x80, 0x2e,
    0x3a, 0xd3, 0x0, 0xc3, 0x87, 0xa0, 0x15, 0xff,
    0x59, 0x0, 0x45, 0x8a, 0x1, 0xf0, 0xe1, 0x80,

    /* U+9AD8 "高" */
    0x0, 0xff, 0x11, 0x0, 0x3f, 0xf8, 0xf7, 0xb2,
    0x1, 0xff, 0xc7, 0xd0, 0x41, 0x0, 0xfe, 0x9d,
    0xdf, 0xd0, 0x0, 0xfd, 0xdf, 0xc4, 0x5f, 0xe1,
    0x0, 0x9, 0x17, 0xe1, 0xbf, 0xff, 0xfe, 0x41,
    0x80, 0x45, 0x33, 0xff, 0xc2, 0x10, 0xf, 0x33,
    0x7f, 0xf0, 0xc0, 0x3f, 0x87, 0xff, 0xfb, 0x0,
    0x3f, 0xe1, 0x55, 0xfe, 0xb0, 0xf, 0xfe, 0x5,
    0x57, 0xf3, 0x80, 0x7f, 0x27, 0x77, 0xff, 0x8,
    0x40, 0x36, 0x65, 0xbb, 0xff, 0xc2, 0xcc, 0x38,
    0x0, 0xcf, 0xff, 0x8f, 0xe0, 0x1a, 0xff, 0xff,
    0xf8, 0x48, 0x1, 0xe7, 0x4, 0x99, 0xfe, 0x60,
    0xf, 0xf8, 0xd9, 0xbf, 0xb4, 0x3, 0xff, 0x82,
    0xdf, 0xfd, 0x80, 0x1f, 0xfc, 0x33, 0x0, 0xe7,
    0x0, 0xff, 0xe1, 0xaf, 0xff, 0x58, 0x7, 0xff,
    0xc, 0x9d, 0xfe, 0xd0, 0xf, 0xf8, 0xda, 0x23,
    0xf1, 0xee, 0x20, 0x70, 0x7, 0x92, 0x54, 0x3,
    0xe4, 0x10, 0x47, 0x60,

    /* U+FF0C "，" */
    0x0, 0x3d, 0x30, 0x1, 0xa1, 0x65, 0x43, 0x80,
    0x2f, 0xa, 0x30, 0x0, 0x81, 0x64, 0x81, 0x0,
    0x54, 0x1a, 0x3, 0x46, 0x88, 0x1e, 0x54, 0xb0,
    0x16, 0xab, 0x0, 0x0
};


/*---------------------
 *  GLYPH DESCRIPTION
 *--------------------*/

static const lv_font_fmt_txt_glyph_dsc_t glyph_dsc[] = {
    {.bitmap_index = 0, .adv_w = 0, .box_w = 0, .box_h = 0, .ofs_x = 0, .ofs_y = 0} /* id = 0 reserved */,
    {.bitmap_index = 0, .adv_w = 86, .box_w = 0, .box_h = 0, .ofs_x = 0, .ofs_y = 0},
    {.bitmap_index = 0, .adv_w = 132, .box_w = 4, .box_h = 18, .ofs_x = 2, .ofs_y = 0},
    {.bitmap_index = 32, .adv_w = 199, .box_w = 9, .box_h = 8, .ofs_x = 2, .ofs_y = 12},
    {.bitmap_index = 67, .adv_w = 219, .box_w = 13, .box_h = 18, .ofs_x = 0, .ofs_y = 0},
    {.bitmap_index = 174, .adv_w = 219, .box_w = 12, .box_h = 24, .ofs_x = 1, .ofs_y = -3},
    {.bitmap_index = 283, .adv_w = 361, .box_w = 22, .box_h = 18, .ofs_x = 0, .ofs_y = 0},
    {.bitmap_index = 454, .adv_w = 271, .box_w = 17, .box_h = 18, .ofs_x = 0, .ofs_y = 0},
    {.bitmap_index = 582, .adv_w = 114, .box_w = 3, .box_h = 8, .ofs_x = 2, .ofs_y = 12},
    {.bitmap_index = 594, .adv_w = 136, .box_w = 6, .box_h = 26, .ofs_x = 2, .ofs_y = -5},
    {.bitmap_index = 668, .adv_w = 136, .box_w = 6, .box_h = 26, .ofs_x = 1, .ofs_y = -5},
    {.bitmap_index = 742, .adv_w = 186, .box_w = 10, .box_h = 9, .ofs_x = 1, .ofs_y = 11},
    {.bitmap_index = 783, .adv_w = 219, .box_w = 13, .box_h = 13, .ofs_x = 0, .ofs_y = 3},
    {.bitmap_index = 812, .adv_w = 114, .box_w = 5, .box_h = 9, .ofs_x = 1, .ofs_y = -5},
    {.bitmap_index = 835, .adv_w = 137, .box_w = 7, .box_h = 3, .ofs_x = 1, .ofs_y = 6},
    {.bitmap_index = 842, .adv_w = 114, .box_w = 5, .box_h = 5, .ofs_x = 1, .ofs_y = 0},
    {.bitmap_index = 853, .adv_w = 150, .box_w = 9, .box_h = 25, .ofs_x = 0, .ofs_y = -5},
    {.bitmap_index = 933, .adv_w = 219, .box_w = 12, .box_h = 18, .ofs_x = 1, .ofs_y = 0},
    {.bitmap_index = 1032, .adv_w = 219, .box_w = 11, .box_h = 18, .ofs_x = 2, .ofs_y = 0},
    {.bitmap_index = 1069, .adv_w = 219, .box_w = 13, .box_h = 18, .ofs_x = 0, .ofs_y = 0},
    {.bitmap_index = 1160, .adv_w = 219, .box_w = 13, .box_h = 18, .ofs_x = 0, .ofs_y = 0},
    {.bitmap_index = 1260, .adv_w = 219, .box_w = 13, .box_h = 18, .ofs_x = 0, .ofs_y = 0},
    {.bitmap_index = 1324, .adv_w = 219, .box_w = 13, .box_h = 18, .ofs_x = 0, .ofs_y = 0},
    {.bitmap_index = 1417, .adv_w = 219, .box_w = 12, .box_h = 18, .ofs_x = 1, .ofs_y = 0},
    {.bitmap_index = 1520, .adv_w = 219, .box_w = 12, .box_h = 18, .ofs_x = 1, .ofs_y = 0},
    {.bitmap_index = 1590, .adv_w = 219, .box_w = 12, .box_h = 18, .ofs_x = 1, .ofs_y = 0},
    {.bitmap_index = 1694, .adv_w = 219, .box_w = 12, .box_h = 18, .ofs_x = 1, .ofs_y = 0},
    {.bitmap_index = 1797, .adv_w = 114, .box_w = 5, .box_h = 14, .ofs_x = 1, .ofs_y = 0},
    {.bitmap_index = 1820, .adv_w = 114, .box_w = 5, .box_h = 19, .ofs_x = 1, .ofs_y = -5},
    {.bitmap_index = 1857, .adv_w = 219, .box_w = 13, .box_h = 13, .ofs_x = 0, .ofs_y = 3},
    {.bitmap_index = 1922, .adv_w = 219, .box_w = 13, .box_h = 9, .ofs_x = 0, .ofs_y = 5},
    {.bitmap_index = 1945, .adv_w = 219, .box_w = 13, .box_h = 13, .ofs_x = 0, .ofs_y = 3},
    {.bitmap_index = 2012, .adv_w = 189, .box_w = 10, .box_h = 18, .ofs_x = 1, .ofs_y = 0},
    {.bitmap_index = 2083, .adv_w = 373, .box_w = 21, .box_h = 23, .ofs_x = 1, .ofs_y = -5},
    {.bitmap_index = 2293, .adv_w = 239, .box_w = 15, .box_h = 18, .ofs_x = 0, .ofs_y = 0},
    {.bitmap_index = 2399, .adv_w = 256, .box_w = 13, .box_h = 18, .ofs_x = 2, .ofs_y = 0},
    {.bitmap_index = 2487, .adv_w = 248, .box_w = 14, .box_h = 18, .ofs_x = 1, .ofs_y = 0},
    {.bitmap_index = 2585, .adv_w = 268, .box_w = 14, .box_h = 18, .ofs_x = 2, .ofs_y = 0},
    {.bitmap_index = 2670, .adv_w = 230, .box_w = 12, .box_h = 18, .ofs_x = 2, .ofs_y = 0},
    {.bitmap_index = 2709, .adv_w = 217, .box_w = 11, .box_h = 18, .ofs_x = 2, .ofs_y = 0},
    {.bitmap_index = 2740, .adv_w = 269, .box_w = 15, .box_h = 18, .ofs_x = 1, .ofs_y = 0},
    {.bitmap_index = 2848, .adv_w = 284, .box_w = 14, .box_h = 18, .ofs_x = 2, .ofs_y = 0},
    {.bitmap_index = 2879, .adv_w = 119, .box_w = 4, .box_h = 18, .ofs_x = 2, .ofs_y = 0},
    {.bitmap_index = 2885, .adv_w = 211, .box_w = 11, .box_h = 18, .ofs_x = 0, .ofs_y = 0},
    {.bitmap_index = 2926, .adv_w = 255, .box_w = 14, .box_h = 18, .ofs_x = 2, .ofs_y = 0},
    {.bitmap_index = 3014, .adv_w = 214, .box_w = 11, .box_h = 18, .ofs_x = 2, .ofs_y = 0},
    {.bitmap_index = 3034, .adv_w = 319, .box_w = 16, .box_h = 18, .ofs_x = 2, .ofs_y = 0},
    {.bitmap_index = 3140, .adv_w = 282, .box_w = 14, .box_h = 18, .ofs_x = 2, .ofs_y = 0},
    {.bitmap_index = 3221, .adv_w = 290, .box_w = 16, .box_h = 18, .ofs_x = 1, .ofs_y = 0},
    {.bitmap_index = 3343, .adv_w = 248, .box_w = 13, .box_h = 18, .ofs_x = 2, .ofs_y = 0},
    {.bitmap_index = 3407, .adv_w = 290, .box_w = 17, .box_h = 24, .ofs_x = 1, .ofs_y = -6},
    {.bitmap_index = 3575, .adv_w = 252, .box_w = 14, .box_h = 18, .ofs_x = 2, .ofs_y = 0},
    {.bitmap_index = 3659, .adv_w = 233, .box_w = 13, .box_h = 18, .ofs_x = 1, .ofs_y = 0},
    {.bitmap_index = 3760, .adv_w = 234, .box_w = 14, .box_h = 18, .ofs_x = 0, .ofs_y = 0},
    {.bitmap_index = 3788, .adv_w = 281, .box_w = 14, .box_h = 18, .ofs_x = 2, .ofs_y = 0},
    {.bitmap_index = 3850, .adv_w = 228, .box_w = 16, .box_h = 18, .ofs_x = -1, .ofs_y = 0},
    {.bitmap_index = 3963, .adv_w = 343, .box_w = 21, .box_h = 18, .ofs_x = 0, .ofs_y = 0},
    {.bitmap_index = 4136, .adv_w = 229, .box_w = 14, .box_h = 18, .ofs_x = 0, .ofs_y = 0},
    {.bitmap_index = 4245, .adv_w = 212, .box_w = 15, .box_h = 18, .ofs_x = -1, .ofs_y = 0},
    {.bitmap_index = 4323, .adv_w = 233, .box_w = 13, .box_h = 18, .ofs_x = 1, .ofs_y = 0},
    {.bitmap_index = 4399, .adv_w = 136, .box_w = 6, .box_h = 24, .ofs_x = 2, .ofs_y = -4},
    {.bitmap_index = 4420, .adv_w = 150, .box_w = 10, .box_h = 25, .ofs_x = 0, .ofs_y = -5},
    {.bitmap_index = 4502, .adv_w = 136, .box_w = 7, .box_h = 24, .ofs_x = 0, .ofs_y = -4},
    {.bitmap_index = 4522, .adv_w = 219, .box_w = 12, .box_h = 11, .ofs_x = 1, .ofs_y = 8},
    {.bitmap_index = 4579, .adv_w = 216, .box_w = 14, .box_h = 2, .ofs_x = 0, .ofs_y = -4},
    {.bitmap_index = 4588, .adv_w = 236, .box_w = 6, .box_h = 8, .ofs_x = 3, .ofs_y = 15},
    {.bitmap_index = 4611, .adv_w = 221, .box_w = 11, .box_h = 14, .ofs_x = 1, .ofs_y = 0},
    {.bitmap_index = 4685, .adv_w = 242, .box_w = 12, .box_h = 20, .ofs_x = 2, .ofs_y = 0},
    {.bitmap_index = 4760, .adv_w = 199, .box_w = 11, .box_h = 14, .ofs_x = 1, .ofs_y = 0},
    {.bitmap_index = 4826, .adv_w = 242, .box_w = 13, .box_h = 20, .ofs_x = 1, .ofs_y = 0},
    {.bitmap_index = 4906, .adv_w = 217, .box_w = 12, .box_h = 14, .ofs_x = 1, .ofs_y = 0},
    {.bitmap_index = 4978, .adv_w = 132, .box_w = 10, .box_h = 20, .ofs_x = 0, .ofs_y = 0},
    {.bitmap_index = 5027, .adv_w = 222, .box_w = 13, .box_h = 20, .ofs_x = 1, .ofs_y = -6},
    {.bitmap_index = 5144, .adv_w = 238, .box_w = 12, .box_h = 20, .ofs_x = 2, .ofs_y = 0},
    {.bitmap_index = 5186, .adv_w = 110, .box_w = 5, .box_h = 20, .ofs_x = 1, .ofs_y = 0},
    {.bitmap_index = 5205, .adv_w = 111, .box_w = 8, .box_h = 26, .ofs_x = -2, .ofs_y = -6},
    {.bitmap_index = 5247, .adv_w = 221, .box_w = 12, .box_h = 20, .ofs_x = 2, .ofs_y = 0},
    {.bitmap_index = 5313, .adv_w = 114, .box_w = 5, .box_h = 20, .ofs_x = 2, .ofs_y = 0},
    {.bitmap_index = 5327, .adv_w = 362, .box_w = 19, .box_h = 14, .ofs_x = 2, .ofs_y = 0},
    {.bitmap_index = 5393, .adv_w = 240, .box_w = 12, .box_h = 14, .ofs_x = 2, .ofs_y = 0},
    {.bitmap_index = 5432, .adv_w = 236, .box_w = 13, .box_h = 14, .ofs_x = 1, .ofs_y = 0},
    {.bitmap_index = 5516, .adv_w = 242, .box_w = 12, .box_h = 20, .ofs_x = 2, .ofs_y = -6},
    {.bitmap_index = 5595, .adv_w = 242, .box_w = 13, .box_h = 20, .ofs_x = 1, .ofs_y = -6},
    {.bitmap_index = 5680, .adv_w = 157, .box_w = 8, .box_h = 14, .ofs_x = 2, .ofs_y = 0},
    {.bitmap_index = 5707, .adv_w = 184, .box_w = 11, .box_h = 14, .ofs_x = 0, .ofs_y = 0},
    {.bitmap_index = 5779, .adv_w = 152, .box_w = 10, .box_h = 18, .ofs_x = 0, .ofs_y = 0},
    {.bitmap_index = 5829, .adv_w = 238, .box_w = 12, .box_h = 14, .ofs_x = 1, .ofs_y = 0},
    {.bitmap_index = 5872, .adv_w = 209, .box_w = 13, .box_h = 14, .ofs_x = 0, .ofs_y = 0},
    {.bitmap_index = 5951, .adv_w = 318, .box_w = 20, .box_h = 14, .ofs_x = 0, .ofs_y = 0},
    {.bitmap_index = 6083, .adv_w = 202, .box_w = 13, .box_h = 14, .ofs_x = 0, .ofs_y = 0},
    {.bitmap_index = 6162, .adv_w = 209, .box_w = 13, .box_h = 20, .ofs_x = 0, .ofs_y = -6},
    {.bitmap_index = 6266, .adv_w = 188, .box_w = 12, .box_h = 14, .ofs_x = 0, .ofs_y = 0},
    {.bitmap_index = 6326, .adv_w = 136, .box_w = 8, .box_h = 24, .ofs_x = 0, .ofs_y = -4},
    {.bitmap_index = 6397, .adv_w = 108, .box_w = 3, .box_h = 28, .ofs_x = 2, .ofs_y = -7},
    {.bitmap_index = 6404, .adv_w = 136, .box_w = 8, .box_h = 24, .ofs_x = 0, .ofs_y = -4},
    {.bitmap_index = 6473, .adv_w = 219, .box_w = 13, .box_h = 5, .ofs_x = 0, .ofs_y = 7},
    {.bitmap_index = 6501, .adv_w = 384, .box_w = 9, .box_h = 8, .ofs_x = 0, .ofs_y = -2},
    {.bitmap_index = 6535, .adv_w = 384, .box_w = 21, .box_h = 23, .ofs_x = 1, .ofs_y = -3},
    {.bitmap_index = 6672, .adv_w = 384, .box_w = 24, .box_h = 23, .ofs_x = 0, .ofs_y = -2},
    {.bitmap_index = 6785, .adv_w = 384, .box_w = 22, .box_h = 23, .ofs_x = 1, .ofs_y = -3},
    {.bitmap_index = 6927, .adv_w = 384, .box_w = 21, .box_h = 23, .ofs_x = 1, .ofs_y = -3},
    {.bitmap_index = 7100, .adv_w = 384, .box_w = 22, .box_h = 22, .ofs_x = 1, .ofs_y = -2},
    {.bitmap_index = 7202, .adv_w = 384, .box_w = 24, .box_h = 23, .ofs_x = 0, .ofs_y = -2},
    {.bitmap_index = 7394, .adv_w = 384, .box_w = 23, .box_h = 23, .ofs_x = 1, .ofs_y = -2},
    {.bitmap_index = 7540, .adv_w = 384, .box_w = 22, .box_h = 17, .ofs_x = 1, .ofs_y = 0},
    {.bitmap_index = 7579, .adv_w = 384, .box_w = 22, .box_h = 23, .ofs_x = 1, .ofs_y = -2},
    {.bitmap_index = 7761, .adv_w = 384, .box_w = 22, .box_h = 23, .ofs_x = 1, .ofs_y = -2},
    {.bitmap_index = 7892, .adv_w = 384, .box_w = 24, .box_h = 22, .ofs_x = 0, .ofs_y = -2},
    {.bitmap_index = 8089, .adv_w = 384, .box_w = 24, .box_h = 23, .ofs_x = 0, .ofs_y = -3},
    {.bitmap_index = 8281, .adv_w = 384, .box_w = 24, .box_h = 24, .ofs_x = 0, .ofs_y = -3},
    {.bitmap_index = 8466, .adv_w = 384, .box_w = 22, .box_h = 23, .ofs_x = 2, .ofs_y = -3},
    {.bitmap_index = 8651, .adv_w = 384, .box_w = 23, .box_h = 23, .ofs_x = 0, .ofs_y = -3},
    {.bitmap_index = 8786, .adv_w = 384, .box_w = 23, .box_h = 23, .ofs_x = 1, .ofs_y = -2},
    {.bitmap_index = 8966, .adv_w = 384, .box_w = 24, .box_h = 22, .ofs_x = 0, .ofs_y = -2},
    {.bitmap_index = 9081, .adv_w = 384, .box_w = 23, .box_h = 23, .ofs_x = 0, .ofs_y = -2},
    {.bitmap_index = 9257, .adv_w = 384, .box_w = 24, .box_h = 24, .ofs_x = 0, .ofs_y = -3},
    {.bitmap_index = 9393, .adv_w = 384, .box_w = 24, .box_h = 23, .ofs_x = 0, .ofs_y = -2},
    {.bitmap_index = 9582, .adv_w = 384, .box_w = 24, .box_h = 24, .ofs_x = 0, .ofs_y = -3},
    {.bitmap_index = 9790, .adv_w = 384, .box_w = 24, .box_h = 24, .ofs_x = 0, .ofs_y = -3},
    {.bitmap_index = 9962, .adv_w = 384, .box_w = 23, .box_h = 23, .ofs_x = 0, .ofs_y = -2},
    {.bitmap_index = 10166, .adv_w = 384, .box_w = 24, .box_h = 24, .ofs_x = 0, .ofs_y = -3},
    {.bitmap_index = 10352, .adv_w = 384, .box_w = 23, .box_h = 22, .ofs_x = 1, .ofs_y = -2},
    {.bitmap_index = 10505, .adv_w = 384, .box_w = 22, .box_h = 22, .ofs_x = 1, .ofs_y = -2},
    {.bitmap_index = 10630, .adv_w = 384, .box_w = 20, .box_h = 23, .ofs_x = 2, .ofs_y = -2},
    {.bitmap_index = 10755, .adv_w = 384, .box_w = 20, .box_h = 23, .ofs_x = 2, .ofs_y = -2},
    {.bitmap_index = 10845, .adv_w = 384, .box_w = 23, .box_h = 23, .ofs_x = 0, .ofs_y = -2},
    {.bitmap_index = 11044, .adv_w = 384, .box_w = 22, .box_h = 23, .ofs_x = 1, .ofs_y = -3},
    {.bitmap_index = 11221, .adv_w = 384, .box_w = 23, .box_h = 23, .ofs_x = 0, .ofs_y = -3},
    {.bitmap_index = 11390, .adv_w = 384, .box_w = 21, .box_h = 21, .ofs_x = 2, .ofs_y = -2},
    {.bitmap_index = 11526, .adv_w = 384, .box_w = 22, .box_h = 22, .ofs_x = 1, .ofs_y = -2},
    {.bitmap_index = 11624, .adv_w = 384, .box_w = 24, .box_h = 24, .ofs_x = 0, .ofs_y = -3},
    {.bitmap_index = 11843, .adv_w = 384, .box_w = 24, .box_h = 22, .ofs_x = 0, .ofs_y = -3},
    {.bitmap_index = 12040, .adv_w = 384, .box_w = 22, .box_h = 22, .ofs_x = 1, .ofs_y = -3},
    {.bitmap_index = 12149, .adv_w = 384, .box_w = 22, .box_h = 21, .ofs_x = 1, .ofs_y = -2},
    {.bitmap_index = 12237, .adv_w = 384, .box_w = 22, .box_h = 23, .ofs_x = 1, .ofs_y = -3},
    {.bitmap_index = 12362, .adv_w = 384, .box_w = 20, .box_h = 21, .ofs_x = 2, .ofs_y = -2},
    {.bitmap_index = 12455, .adv_w = 384, .box_w = 23, .box_h = 23, .ofs_x = 0, .ofs_y = -2},
    {.bitmap_index = 12611, .adv_w = 384, .box_w = 22, .box_h = 22, .ofs_x = 0, .ofs_y = -2},
    {.bitmap_index = 12761, .adv_w = 384, .box_w = 24, .box_h = 22, .ofs_x = 0, .ofs_y = -2},
    {.bitmap_index = 12939, .adv_w = 384, .box_w = 22, .box_h = 22, .ofs_x = 1, .ofs_y = -2},
    {.bitmap_index = 13077, .adv_w = 384, .box_w = 22, .box_h = 23, .ofs_x = 1, .ofs_y = -2},
    {.bitmap_index = 13203, .adv_w = 384, .box_w = 24, .box_h = 23, .ofs_x = 0, .ofs_y = -2},
    {.bitmap_index = 13366, .adv_w = 384, .box_w = 24, .box_h = 22, .ofs_x = 0, .ofs_y = -2},
    {.bitmap_index = 13493, .adv_w = 384, .box_w = 24, .box_h = 23, .ofs_x = 0, .ofs_y = -2},
    {.bitmap_index = 13686, .adv_w = 384, .box_w = 24, .box_h = 23, .ofs_x = 0, .ofs_y = -2},
    {.bitmap_index = 13876, .adv_w = 384, .box_w = 23, .box_h = 22, .ofs_x = 1, .ofs_y = -2},
    {.bitmap_index = 14022, .adv_w = 384, .box_w = 24, .box_h = 24, .ofs_x = 0, .ofs_y = -3},
    {.bitmap_index = 14211, .adv_w = 384, .box_w = 22, .box_h = 23, .ofs_x = 1, .ofs_y = -3},
    {.bitmap_index = 14384, .adv_w = 384, .box_w = 22, .box_h = 23, .ofs_x = 1, .ofs_y = -2},
    {.bitmap_index = 14507, .adv_w = 384, .box_w = 24, .box_h = 24, .ofs_x = 0, .ofs_y = -3},
    {.bitmap_index = 14664, .adv_w = 384, .box_w = 22, .box_h = 23, .ofs_x = 1, .ofs_y = -2},
    {.bitmap_index = 14852, .adv_w = 384, .box_w = 23, .box_h = 24, .ofs_x = 0, .ofs_y = -3},
    {.bitmap_index = 15011, .adv_w = 384, .box_w = 22, .box_h = 24, .ofs_x = 1, .ofs_y = -3},
    {.bitmap_index = 15199, .adv_w = 384, .box_w = 24, .box_h = 23, .ofs_x = 0, .ofs_y = -2},
    {.bitmap_index = 15381, .adv_w = 384, .box_w = 22, .box_h = 23, .ofs_x = 1, .ofs_y = -2},
    {.bitmap_index = 15535, .adv_w = 384, .box_w = 23, .box_h = 24, .ofs_x = 0, .ofs_y = -3},
    {.bitmap_index = 15721, .adv_w = 384, .box_w = 24, .box_h = 23, .ofs_x = 0, .ofs_y = -3},
    {.bitmap_index = 15858, .adv_w = 384, .box_w = 22, .box_h = 22, .ofs_x = 0, .ofs_y = -3},
    {.bitmap_index = 16012, .adv_w = 384, .box_w = 23, .box_h = 23, .ofs_x = 0, .ofs_y = -3},
    {.bitmap_index = 16178, .adv_w = 384, .box_w = 23, .box_h = 22, .ofs_x = 0, .ofs_y = -2},
    {.bitmap_index = 16367, .adv_w = 384, .box_w = 22, .box_h = 19, .ofs_x = 1, .ofs_y = -1},
    {.bitmap_index = 16419, .adv_w = 384, .box_w = 22, .box_h = 21, .ofs_x = 2, .ofs_y = -2},
    {.bitmap_index = 16522, .adv_w = 384, .box_w = 21, .box_h = 23, .ofs_x = 2, .ofs_y = -2},
    {.bitmap_index = 16670, .adv_w = 384, .box_w = 22, .box_h = 24, .ofs_x = 1, .ofs_y = -3},
    {.bitmap_index = 16816, .adv_w = 384, .box_w = 23, .box_h = 24, .ofs_x = 0, .ofs_y = -3},
    {.bitmap_index = 16997, .adv_w = 384, .box_w = 24, .box_h = 23, .ofs_x = 0, .ofs_y = -2},
    {.bitmap_index = 17198, .adv_w = 384, .box_w = 22, .box_h = 22, .ofs_x = 1, .ofs_y = -3},
    {.bitmap_index = 17316, .adv_w = 384, .box_w = 24, .box_h = 22, .ofs_x = 0, .ofs_y = -2},
    {.bitmap_index = 17521, .adv_w = 384, .box_w = 24, .box_h = 24, .ofs_x = 0, .ofs_y = -3},
    {.bitmap_index = 17696, .adv_w = 384, .box_w = 23, .box_h = 22, .ofs_x = 1, .ofs_y = -2},
    {.bitmap_index = 17891, .adv_w = 384, .box_w = 23, .box_h = 23, .ofs_x = 0, .ofs_y = -2},
    {.bitmap_index = 18035, .adv_w = 384, .box_w = 24, .box_h = 24, .ofs_x = 0, .ofs_y = -3},
    {.bitmap_index = 18234, .adv_w = 384, .box_w = 23, .box_h = 24, .ofs_x = 0, .ofs_y = -3},
    {.bitmap_index = 18442, .adv_w = 384, .box_w = 22, .box_h = 23, .ofs_x = 1, .ofs_y = -3},
    {.bitmap_index = 18574, .adv_w = 384, .box_w = 23, .box_h = 23, .ofs_x = 0, .ofs_y = -3},
    {.bitmap_index = 18752, .adv_w = 384, .box_w = 24, .box_h = 23, .ofs_x = 0, .ofs_y = -2},
    {.bitmap_index = 18903, .adv_w = 384, .box_w = 23, .box_h = 23, .ofs_x = 0, .ofs_y = -3},
    {.bitmap_index = 19067, .adv_w = 384, .box_w = 24, .box_h = 22, .ofs_x = 0, .ofs_y = -2},
    {.bitmap_index = 19271, .adv_w = 384, .box_w = 23, .box_h = 24, .ofs_x = 0, .ofs_y = -3},
    {.bitmap_index = 19462, .adv_w = 384, .box_w = 23, .box_h = 23, .ofs_x = 0, .ofs_y = -3},
    {.bitmap_index = 19647, .adv_w = 384, .box_w = 24, .box_h = 24, .ofs_x = 0, .ofs_y = -3},
    {.bitmap_index = 19857, .adv_w = 384, .box_w = 23, .box_h = 24, .ofs_x = 0, .ofs_y = -3},
    {.bitmap_index = 20044, .adv_w = 384, .box_w = 23, .box_h = 23, .ofs_x = 0, .ofs_y = -3},
    {.bitmap_index = 20261, .adv_w = 384, .box_w = 24, .box_h = 23, .ofs_x = 0, .ofs_y = -3},
    {.bitmap_index = 20495, .adv_w = 384, .box_w = 24, .box_h = 22, .ofs_x = 0, .ofs_y = -2},
    {.bitmap_index = 20679, .adv_w = 384, .box_w = 24, .box_h = 24, .ofs_x = 0, .ofs_y = -3},
    {.bitmap_index = 20912, .adv_w = 384, .box_w = 23, .box_h = 23, .ofs_x = 0, .ofs_y = -2},
    {.bitmap_index = 21140, .adv_w = 384, .box_w = 23, .box_h = 23, .ofs_x = 1, .ofs_y = -2},
    {.bitmap_index = 21376, .adv_w = 384, .box_w = 23, .box_h = 23, .ofs_x = 0, .ofs_y = -2},
    {.bitmap_index = 21581, .adv_w = 384, .box_w = 24, .box_h = 23, .ofs_x = 0, .ofs_y = -2},
    {.bitmap_index = 21755, .adv_w = 384, .box_w = 23, .box_h = 23, .ofs_x = 1, .ofs_y = -3},
    {.bitmap_index = 21903, .adv_w = 384, .box_w = 23, .box_h = 22, .ofs_x = 1, .ofs_y = -2},
    {.bitmap_index = 22076, .adv_w = 384, .box_w = 23, .box_h = 23, .ofs_x = 1, .ofs_y = -3},
    {.bitmap_index = 22226, .adv_w = 384, .box_w = 23, .box_h = 22, .ofs_x = 1, .ofs_y = -3},
    {.bitmap_index = 22388, .adv_w = 384, .box_w = 22, .box_h = 22, .ofs_x = 1, .ofs_y = -2},
    {.bitmap_index = 22557, .adv_w = 384, .box_w = 22, .box_h = 23, .ofs_x = 1, .ofs_y = -2},
    {.bitmap_index = 22687, .adv_w = 384, .box_w = 24, .box_h = 23, .ofs_x = 0, .ofs_y = -2},
    {.bitmap_index = 22844, .adv_w = 384, .box_w = 23, .box_h = 23, .ofs_x = 0, .ofs_y = -2},
    {.bitmap_index = 23004, .adv_w = 384, .box_w = 23, .box_h = 21, .ofs_x = 1, .ofs_y = -2},
    {.bitmap_index = 23165, .adv_w = 384, .box_w = 24, .box_h = 24, .ofs_x = 0, .ofs_y = -3},
    {.bitmap_index = 23357, .adv_w = 384, .box_w = 23, .box_h = 24, .ofs_x = 1, .ofs_y = -3},
    {.bitmap_index = 23564, .adv_w = 384, .box_w = 22, .box_h = 20, .ofs_x = 1, .ofs_y = -1},
    {.bitmap_index = 23641, .adv_w = 384, .box_w = 22, .box_h = 23, .ofs_x = 1, .ofs_y = -2},
    {.bitmap_index = 23802, .adv_w = 384, .box_w = 23, .box_h = 21, .ofs_x = 1, .ofs_y = -2},
    {.bitmap_index = 23979, .adv_w = 384, .box_w = 23, .box_h = 24, .ofs_x = 0, .ofs_y = -3},
    {.bitmap_index = 24167, .adv_w = 384, .box_w = 22, .box_h = 23, .ofs_x = 1, .ofs_y = -2},
    {.bitmap_index = 24298, .adv_w = 384, .box_w = 23, .box_h = 22, .ofs_x = 0, .ofs_y = -2},
    {.bitmap_index = 24422, .adv_w = 384, .box_w = 22, .box_h = 23, .ofs_x = 1, .ofs_y = -2},
    {.bitmap_index = 24614, .adv_w = 384, .box_w = 24, .box_h = 22, .ofs_x = 0, .ofs_y = -2},
    {.bitmap_index = 24814, .adv_w = 384, .box_w = 23, .box_h = 23, .ofs_x = 0, .ofs_y = -2},
    {.bitmap_index = 25003, .adv_w = 384, .box_w = 23, .box_h = 23, .ofs_x = 0, .ofs_y = -2},
    {.bitmap_index = 25134, .adv_w = 384, .box_w = 23, .box_h = 24, .ofs_x = 0, .ofs_y = -3},
    {.bitmap_index = 25354, .adv_w = 384, .box_w = 23, .box_h = 24, .ofs_x = 0, .ofs_y = -3},
    {.bitmap_index = 25533, .adv_w = 384, .box_w = 24, .box_h = 23, .ofs_x = 0, .ofs_y = -3},
    {.bitmap_index = 25726, .adv_w = 384, .box_w = 24, .box_h = 24, .ofs_x = 0, .ofs_y = -3},
    {.bitmap_index = 25943, .adv_w = 384, .box_w = 24, .box_h = 22, .ofs_x = 0, .ofs_y = -2},
    {.bitmap_index = 26113, .adv_w = 384, .box_w = 22, .box_h = 23, .ofs_x = 1, .ofs_y = -2},
    {.bitmap_index = 26238, .adv_w = 384, .box_w = 22, .box_h = 22, .ofs_x = 0, .ofs_y = -3},
    {.bitmap_index = 26361, .adv_w = 384, .box_w = 23, .box_h = 23, .ofs_x = 1, .ofs_y = -3},
    {.bitmap_index = 26538, .adv_w = 384, .box_w = 21, .box_h = 23, .ofs_x = 2, .ofs_y = -3},
    {.bitmap_index = 26715, .adv_w = 384, .box_w = 18, .box_h = 21, .ofs_x = 3, .ofs_y = -2},
    {.bitmap_index = 26784, .adv_w = 384, .box_w = 22, .box_h = 22, .ofs_x = 1, .ofs_y = -2},
    {.bitmap_index = 26937, .adv_w = 384, .box_w = 22, .box_h = 23, .ofs_x = 0, .ofs_y = -2},
    {.bitmap_index = 27100, .adv_w = 384, .box_w = 23, .box_h = 22, .ofs_x = 0, .ofs_y = -3},
    {.bitmap_index = 27281, .adv_w = 384, .box_w = 24, .box_h = 22, .ofs_x = 0, .ofs_y = -2},
    {.bitmap_index = 27482, .adv_w = 384, .box_w = 22, .box_h = 24, .ofs_x = 0, .ofs_y = -3},
    {.bitmap_index = 27682, .adv_w = 384, .box_w = 22, .box_h = 22, .ofs_x = 1, .ofs_y = -3},
    {.bitmap_index = 27818, .adv_w = 384, .box_w = 22, .box_h = 23, .ofs_x = 1, .ofs_y = -2},
    {.bitmap_index = 27987, .adv_w = 384, .box_w = 24, .box_h = 22, .ofs_x = 0, .ofs_y = -2},
    {.bitmap_index = 28149, .adv_w = 384, .box_w = 22, .box_h = 23, .ofs_x = 1, .ofs_y = -2},
    {.bitmap_index = 28282, .adv_w = 384, .box_w = 22, .box_h = 22, .ofs_x = 1, .ofs_y = -1},
    {.bitmap_index = 28422, .adv_w = 384, .box_w = 22, .box_h = 24, .ofs_x = 1, .ofs_y = -3},
    {.bitmap_index = 28585, .adv_w = 384, .box_w = 22, .box_h = 23, .ofs_x = 1, .ofs_y = -2},
    {.bitmap_index = 28766, .adv_w = 384, .box_w = 23, .box_h = 24, .ofs_x = 0, .ofs_y = -3},
    {.bitmap_index = 28955, .adv_w = 384, .box_w = 23, .box_h = 23, .ofs_x = 0, .ofs_y = -2},
    {.bitmap_index = 29114, .adv_w = 384, .box_w = 23, .box_h = 23, .ofs_x = 0, .ofs_y = -3},
    {.bitmap_index = 29311, .adv_w = 384, .box_w = 22, .box_h = 22, .ofs_x = 1, .ofs_y = -2},
    {.bitmap_index = 29522, .adv_w = 384, .box_w = 23, .box_h = 23, .ofs_x = 1, .ofs_y = -2},
    {.bitmap_index = 29756, .adv_w = 384, .box_w = 22, .box_h = 23, .ofs_x = 1, .ofs_y = -2},
    {.bitmap_index = 29927, .adv_w = 384, .box_w = 24, .box_h = 23, .ofs_x = 0, .ofs_y = -2},
    {.bitmap_index = 30123, .adv_w = 384, .box_w = 23, .box_h = 23, .ofs_x = 0, .ofs_y = -2},
    {.bitmap_index = 30313, .adv_w = 384, .box_w = 24, .box_h = 24, .ofs_x = 0, .ofs_y = -3},
    {.bitmap_index = 30559, .adv_w = 384, .box_w = 24, .box_h = 24, .ofs_x = 0, .ofs_y = -3},
    {.bitmap_index = 30811, .adv_w = 384, .box_w = 23, .box_h = 24, .ofs_x = 0, .ofs_y = -3},
    {.bitmap_index = 31027, .adv_w = 384, .box_w = 24, .box_h = 23, .ofs_x = 0, .ofs_y = -2},
    {.bitmap_index = 31227, .adv_w = 384, .box_w = 22, .box_h = 23, .ofs_x = 1, .ofs_y = -2},
    {.bitmap_index = 31348, .adv_w = 384, .box_w = 23, .box_h = 24, .ofs_x = 1, .ofs_y = -3},
    {.bitmap_index = 31543, .adv_w = 384, .box_w = 22, .box_h = 23, .ofs_x = 1, .ofs_y = -3},
    {.bitmap_index = 31730, .adv_w = 384, .box_w = 24, .box_h = 23, .ofs_x = 0, .ofs_y = -2},
    {.bitmap_index = 31858, .adv_w = 384, .box_w = 23, .box_h = 22, .ofs_x = 0, .ofs_y = -2},
    {.bitmap_index = 31997, .adv_w = 384, .box_w = 23, .box_h = 22, .ofs_x = 0, .ofs_y = -2},
    {.bitmap_index = 32172, .adv_w = 384, .box_w = 22, .box_h = 23, .ofs_x = 1, .ofs_y = -3},
    {.bitmap_index = 32356, .adv_w = 384, .box_w = 23, .box_h = 24, .ofs_x = 0, .ofs_y = -3},
    {.bitmap_index = 32584, .adv_w = 384, .box_w = 22, .box_h = 22, .ofs_x = 1, .ofs_y = -2},
    {.bitmap_index = 32701, .adv_w = 384, .box_w = 23, .box_h = 22, .ofs_x = 1, .ofs_y = -2},
    {.bitmap_index = 32822, .adv_w = 384, .box_w = 23, .box_h = 22, .ofs_x = 0, .ofs_y = -2},
    {.bitmap_index = 33011, .adv_w = 384, .box_w = 22, .box_h = 24, .ofs_x = 1, .ofs_y = -3},
    {.bitmap_index = 33193, .adv_w = 384, .box_w = 22, .box_h = 22, .ofs_x = 1, .ofs_y = -2},
    {.bitmap_index = 33344, .adv_w = 384, .box_w = 22, .box_h = 22, .ofs_x = 1, .ofs_y = -2},
    {.bitmap_index = 33523, .adv_w = 384, .box_w = 23, .box_h = 24, .ofs_x = 0, .ofs_y = -3},
    {.bitmap_index = 33733, .adv_w = 384, .box_w = 22, .box_h = 24, .ofs_x = 1, .ofs_y = -3},
    {.bitmap_index = 33902, .adv_w = 384, .box_w = 22, .box_h = 23, .ofs_x = 1, .ofs_y = -2},
    {.bitmap_index = 34060, .adv_w = 384, .box_w = 23, .box_h = 23, .ofs_x = 0, .ofs_y = -2},
    {.bitmap_index = 34261, .adv_w = 384, .box_w = 23, .box_h = 24, .ofs_x = 1, .ofs_y = -3},
    {.bitmap_index = 34480, .adv_w = 384, .box_w = 23, .box_h = 23, .ofs_x = 0, .ofs_y = -3},
    {.bitmap_index = 34680, .adv_w = 384, .box_w = 23, .box_h = 24, .ofs_x = 1, .ofs_y = -3},
    {.bitmap_index = 34918, .adv_w = 384, .box_w = 23, .box_h = 22, .ofs_x = 0, .ofs_y = -2},
    {.bitmap_index = 35084, .adv_w = 384, .box_w = 24, .box_h = 23, .ofs_x = 0, .ofs_y = -3},
    {.bitmap_index = 35279, .adv_w = 384, .box_w = 23, .box_h = 23, .ofs_x = 0, .ofs_y = -2},
    {.bitmap_index = 35452, .adv_w = 384, .box_w = 24, .box_h = 23, .ofs_x = 0, .ofs_y = -3},
    {.bitmap_index = 35639, .adv_w = 384, .box_w = 24, .box_h = 22, .ofs_x = 0, .ofs_y = -2},
    {.bitmap_index = 35836, .adv_w = 384, .box_w = 23, .box_h = 22, .ofs_x = 0, .ofs_y = -2},
    {.bitmap_index = 36049, .adv_w = 384, .box_w = 23, .box_h = 24, .ofs_x = 1, .ofs_y = -3},
    {.bitmap_index = 36254, .adv_w = 384, .box_w = 24, .box_h = 22, .ofs_x = 0, .ofs_y = -2},
    {.bitmap_index = 36469, .adv_w = 384, .box_w = 23, .box_h = 24, .ofs_x = 1, .ofs_y = -3},
    {.bitmap_index = 36652, .adv_w = 384, .box_w = 24, .box_h = 22, .ofs_x = 0, .ofs_y = -2},
    {.bitmap_index = 36859, .adv_w = 384, .box_w = 22, .box_h = 23, .ofs_x = 1, .ofs_y = -2},
    {.bitmap_index = 37025, .adv_w = 384, .box_w = 23, .box_h = 22, .ofs_x = 1, .ofs_y = -2},
    {.bitmap_index = 37171, .adv_w = 384, .box_w = 24, .box_h = 23, .ofs_x = 0, .ofs_y = -3},
    {.bitmap_index = 37389, .adv_w = 384, .box_w = 24, .box_h = 23, .ofs_x = 0, .ofs_y = -2},
    {.bitmap_index = 37598, .adv_w = 384, .box_w = 23, .box_h = 22, .ofs_x = 1, .ofs_y = -2},
    {.bitmap_index = 37787, .adv_w = 384, .box_w = 22, .box_h = 22, .ofs_x = 1, .ofs_y = -2},
    {.bitmap_index = 37934, .adv_w = 384, .box_w = 20, .box_h = 23, .ofs_x = 2, .ofs_y = -3},
    {.bitmap_index = 38032, .adv_w = 384, .box_w = 21, .box_h = 22, .ofs_x = 2, .ofs_y = -2},
    {.bitmap_index = 38147, .adv_w = 384, .box_w = 20, .box_h = 23, .ofs_x = 2, .ofs_y = -3},
    {.bitmap_index = 38307, .adv_w = 384, .box_w = 22, .box_h = 23, .ofs_x = 2, .ofs_y = -2},
    {.bitmap_index = 38462, .adv_w = 384, .box_w = 22, .box_h = 21, .ofs_x = 1, .ofs_y = -2},
    {.bitmap_index = 38584, .adv_w = 384, .box_w = 22, .box_h = 22, .ofs_x = 1, .ofs_y = -3},
    {.bitmap_index = 38713, .adv_w = 384, .box_w = 24, .box_h = 22, .ofs_x = 0, .ofs_y = -2},
    {.bitmap_index = 38905, .adv_w = 384, .box_w = 24, .box_h = 23, .ofs_x = 0, .ofs_y = -3},
    {.bitmap_index = 39097, .adv_w = 384, .box_w = 22, .box_h = 23, .ofs_x = 1, .ofs_y = -2},
    {.bitmap_index = 39229, .adv_w = 384, .box_w = 6, .box_h = 9, .ofs_x = 3, .ofs_y = -3}
};

/*---------------------
 *  CHARACTER MAPPING
 *--------------------*/

static const uint16_t unicode_list_1[] = {
    0x0, 0x1e0c, 0x1e28, 0x1e32, 0x1e38, 0x1e39, 0x1e47, 0x1e87,
    0x1e8a, 0x1ea2, 0x1ea9, 0x1ecc, 0x1ee1, 0x1ee2, 0x1ee3, 0x1ef4,
    0x1f18, 0x1f44, 0x1f4b, 0x1f5a, 0x1f7d, 0x1f9b, 0x1fdb, 0x20a6,
    0x214b, 0x2163, 0x216f, 0x2183, 0x21f8, 0x221b, 0x222e, 0x2234,
    0x2338, 0x235f, 0x23cf, 0x23d4, 0x23e8, 0x23ed, 0x23f5, 0x240a,
    0x2429, 0x248a, 0x2666, 0x26f2, 0x2726, 0x272e, 0x273e, 0x2902,
    0x2905, 0x2925, 0x292f, 0x2932, 0x2b55, 0x2b56, 0x2b8d, 0x2b98,
    0x2b9c, 0x2bb7, 0x2bc2, 0x2c02, 0x2c0d, 0x2c3e, 0x2c40, 0x2c53,
    0x2de3, 0x2df0, 0x2e36, 0x2e74, 0x2e8d, 0x2ea4, 0x2efe, 0x2fc3,
    0x2fe9, 0x2fff, 0x3025, 0x3160, 0x320e, 0x324b, 0x3265, 0x3288,
    0x32a2, 0x32dd, 0x32e3, 0x3305, 0x3360, 0x336c, 0x33a3, 0x342a,
    0x34cb, 0x353c, 0x3546, 0x356e, 0x3572, 0x3585, 0x35f4, 0x361e,
    0x362d, 0x36f2, 0x36fe, 0x3707, 0x3738, 0x378e, 0x379a, 0x3805,
    0x3b1f, 0x3b61, 0x3b63, 0x3b79, 0x3bcd, 0x3bd2, 0x3c45, 0x3d6c,
    0x3e8e, 0x3ea0, 0x40b7, 0x4267, 0x4277, 0x42b4, 0x42ea, 0x4404,
    0x451d, 0x4526, 0x454a, 0x4682, 0x46ec, 0x471d, 0x47e3, 0x47ff,
    0x486a, 0x486c, 0x4938, 0x49b9, 0x4a09, 0x4a78, 0x4ac9, 0x4adc,
    0x4b24, 0x4b95, 0x4b9f, 0x4cbc, 0x4cf9, 0x4ebd, 0x4ec2, 0x4ecd,
    0x4ed1, 0x4edd, 0x4f11, 0x4f14, 0x4f38, 0x5280, 0x5301, 0x5658,
    0x584a, 0x5863, 0x5866, 0x597f, 0x59e1, 0x5b9f, 0x5ba7, 0x5bbc,
    0x5bbd, 0x5bc4, 0x5bcf, 0x5bf9, 0x5d1d, 0x5d21, 0x5d42, 0x5d54,
    0x5f6a, 0x5f7b, 0x5fc5, 0x5fce, 0x5fcf, 0x5fd6, 0x5fd9, 0x600e,
    0x601d, 0x607d, 0x60e6, 0x61c8, 0x61cb, 0x61cd, 0x64fc, 0x64ff,
    0x6517, 0x65e8, 0x65ec, 0x65f2, 0x6603, 0x6642, 0x6760, 0x6873,
    0x6879, 0x6882, 0x6ad6, 0xcf0a
};

/*Collect the unicode lists and glyph_id offsets*/
static const lv_font_fmt_txt_cmap_t cmaps[] =
{
    {
        .range_start = 32, .range_length = 95, .glyph_id_start = 1,
        .unicode_list = NULL, .glyph_id_ofs_list = NULL, .list_length = 0, .type = LV_FONT_FMT_TXT_CMAP_FORMAT0_TINY
    },
    {
        .range_start = 12290, .range_length = 53003, .glyph_id_start = 96,
        .unicode_list = unicode_list_1, .glyph_id_ofs_list = NULL, .list_length = 196, .type = LV_FONT_FMT_TXT_CMAP_SPARSE_TINY
    }
};



/*--------------------
 *  ALL CUSTOM DATA
 *--------------------*/

#if LVGL_VERSION_MAJOR == 8
/*Store all the custom data of the font*/
static  lv_font_fmt_txt_glyph_cache_t cache;
#endif

#if LVGL_VERSION_MAJOR >= 8
static const lv_font_fmt_txt_dsc_t font_dsc = {
#else
static lv_font_fmt_txt_dsc_t font_dsc = {
#endif
    .glyph_bitmap = glyph_bitmap,
    .glyph_dsc = glyph_dsc,
    .cmaps = cmaps,
    .kern_dsc = NULL,
    .kern_scale = 0,
    .cmap_num = 2,
    .bpp = 4,
    .kern_classes = 0,
    .bitmap_format = 1,
#if LVGL_VERSION_MAJOR == 8
    .cache = &cache
#endif
};



/*-----------------
 *  PUBLIC FONT
 *----------------*/

/*Initialize a public general font descriptor*/
#if LVGL_VERSION_MAJOR >= 8
const lv_font_t kc_font_24 = {
#else
lv_font_t kc_font_24 = {
#endif
    .get_glyph_dsc = lv_font_get_glyph_dsc_fmt_txt,    /*Function pointer to get glyph's data*/
    .get_glyph_bitmap = lv_font_get_bitmap_fmt_txt,    /*Function pointer to get glyph's bitmap*/
    .line_height = 30,          /*The maximum line height required by the font*/
    .base_line = 7,             /*Baseline measured from the bottom of the line*/
#if !(LVGL_VERSION_MAJOR == 6 && LVGL_VERSION_MINOR == 0)
    .subpx = LV_FONT_SUBPX_NONE,
#endif
#if LV_VERSION_CHECK(7, 4, 0) || LVGL_VERSION_MAJOR >= 8
    .underline_position = -3,
    .underline_thickness = 1,
#endif
    .dsc = &font_dsc,          /*The custom font data. Will be accessed by `get_glyph_bitmap/dsc` */
#if LV_VERSION_CHECK(8, 2, 0) || LVGL_VERSION_MAJOR >= 9
    .fallback = NULL,
#endif
    .user_data = NULL,
};



#endif /*#if KC_FONT_24*/
